HotelId,RoomCode,MealPlan,Occupancy,Date,Price,MinLOS,MaxLOS,StopSell,Alloc
HG_001,DBL,RO,ADL-1,2026-05-01,50.69,1,21,true,0
HG_001,DBL,RO,ADL-1,2026-05-02,69.10,1,21,true,0
HG_001,DBL,RO,ADL-1,2026-05-03,71.50,1,21,true,0
HG_001,DBL,RO,ADL-1,2026-05-04,49.86,1,21,false,2
HG_001,DBL,RO,ADL-1,2026-05-05,49.32,1,21,false,2
HG_001,DBL,RO,ADL-1,2026-05-06,49.33,1,21,false,2
HG_001,DBL,RO,ADL-1,2026-05-07,50.29,1,21,false,2
HG_001,DBL,RO,ADL-1,2026-05-08,50.16,1,21,false,2
HG_001,DBL,RO,ADL-1,2026-05-09,70.22,1,21,false,2
HG_001,DBL,RO,ADL-1,2026-05-10,69.01,1,21,false,2
HG_001,DBL,RO,ADL-1,2026-05-11,49.09,1,21,false,2
HG_001,DBL,RO,ADL-1,2026-05-12,48.96,1,21,false,2
HG_001,DBL,RO,ADL-1,2026-05-13,50.93,1,21,false,2
HG_001,DBL,RO,ADL-1,2026-05-14,51.15,1,21,false,2
HG_001,DBL,RO,ADL-1,2026-05-15,50.71,1,21,false,2
HG_001,DBL,RO,ADL-1,2026-05-16,80.79,1,21,false,2
HG_001,DBL,RO,ADL-1,2026-05-17,79.73,1,21,false,2
HG_001,DBL,RO,ADL-1,2026-05-18,59.90,1,21,false,2
HG_001,DBL,RO,ADL-1,2026-05-19,59.81,1,21,false,2
HG_001,DBL,RO,ADL-1,2026-05-20,60.68,1,21,false,2
HG_001,DBL,RO,ADL-1,2026-05-21,59.89,1,21,true,0
HG_001,DBL,RO,ADL-1,2026-05-22,60.61,1,21,true,0
HG_001,DBL,RO,ADL-1,2026-05-23,80.04,1,21,true,0
HG_001,DBL,RO,ADL-1,2026-05-24,80.05,1,21,false,2
HG_001,DBL,RO,ADL-1,2026-05-25,59.13,1,21,false,2
HG_001,DBL,RO,ADL-1,2026-05-26,59.26,1,21,false,2
HG_001,DBL,RO,ADL-1,2026-05-27,60.98,1,21,false,2
HG_001,DBL,RO,ADL-1,2026-05-28,59.89,1,21,false,2
HG_001,DBL,RO,ADL-1,2026-05-29,61.26,1,21,false,2
HG_001,DBL,RO,ADL-1,2026-05-30,78.19,1,21,false,2
HG_001,DBL,RO,ADL-1,2026-05-31,88.85,1,21,false,2
HG_001,DBL,RO,ADL-1,2026-06-01,71.44,1,21,false,2
HG_001,DBL,RO,ADL-1,2026-06-02,68.37,1,21,false,2
HG_001,DBL,RO,ADL-1,2026-06-03,68.61,1,21,false,2
HG_001,DBL,RO,ADL-1,2026-06-04,69.53,1,21,false,2
HG_001,DBL,RO,ADL-1,2026-06-05,68.27,1,21,false,2
HG_001,DBL,RO,ADL-1,2026-06-06,88.23,1,21,false,2
HG_001,DBL,RO,ADL-1,2026-06-07,92.23,1,21,false,2
HG_001,DBL,RO,ADL-1,2026-06-08,70.20,1,21,false,2
HG_001,DBL,RO,ADL-1,2026-06-09,70.65,1,21,false,2
HG_001,DBL,RO,ADL-1,2026-06-10,70.51,1,21,true,0
HG_001,DBL,RO,ADL-1,2026-06-11,69.43,1,21,true,0
HG_001,DBL,RO,ADL-1,2026-06-12,71.09,1,21,true,0
HG_001,DBL,RO,ADL-1,2026-06-13,88.55,1,21,false,2
HG_001,DBL,RO,ADL-1,2026-06-14,89.13,1,21,false,2
HG_001,DBL,RO,ADL-1,2026-06-15,81.17,1,21,false,2
HG_001,DBL,RO,ADL-1,2026-06-16,80.72,1,21,false,2
HG_001,DBL,RO,ADL-1,2026-06-17,81.41,1,21,false,2
HG_001,DBL,RO,ADL-1,2026-06-18,81.56,1,21,false,2
HG_001,DBL,RO,ADL-1,2026-06-19,78.99,1,21,false,2
HG_001,DBL,RO,ADL-1,2026-06-20,100.53,1,21,false,2
HG_001,DBL,RO,ADL-1,2026-06-21,101.99,1,21,false,2
HG_001,DBL,RO,ADL-1,2026-06-22,78.68,1,21,false,2
HG_001,DBL,RO,ADL-1,2026-06-23,78.23,1,21,false,2
HG_001,DBL,RO,ADL-1,2026-06-24,80.92,1,21,false,2
HG_001,DBL,RO,ADL-1,2026-06-25,81.49,1,21,false,2
HG_001,DBL,RO,ADL-1,2026-06-26,80.97,1,21,false,2
HG_001,DBL,RO,ADL-1,2026-06-27,101.47,1,21,false,2
HG_001,DBL,RO,ADL-1,2026-06-28,99.00,1,21,false,2
HG_001,DBL,RO,ADL-1,2026-06-29,78.75,1,21,false,2
HG_001,SGL,RO,ADL-1,2026-05-01,78.85,1,21,true,0
HG_001,SGL,RO,ADL-1,2026-05-02,100.89,1,21,true,0
HG_001,SGL,RO,ADL-1,2026-05-03,100.28,1,21,true,0
HG_001,SGL,RO,ADL-1,2026-05-04,79.16,1,21,false,2
HG_001,SGL,RO,ADL-1,2026-05-05,78.20,1,21,false,2
HG_001,SGL,RO,ADL-1,2026-05-06,79.22,1,21,false,2
HG_001,SGL,RO,ADL-1,2026-05-07,80.83,1,21,false,2
HG_001,SGL,RO,ADL-1,2026-05-08,79.88,1,21,false,2
HG_001,SGL,RO,ADL-1,2026-05-09,98.48,1,21,false,2
HG_001,SGL,RO,ADL-1,2026-05-10,100.76,1,21,false,2
HG_001,SGL,RO,ADL-1,2026-05-11,80.78,1,21,false,2
HG_001,SGL,RO,ADL-1,2026-05-12,81.47,1,21,false,2
HG_001,SGL,RO,ADL-1,2026-05-13,79.91,1,21,false,2
HG_001,SGL,RO,ADL-1,2026-05-14,80.20,1,21,false,2
HG_001,SGL,RO,ADL-1,2026-05-15,80.46,1,21,false,2
HG_001,SGL,RO,ADL-1,2026-05-16,108.56,1,21,false,2
HG_001,SGL,RO,ADL-1,2026-05-17,107.41,1,21,false,2
HG_001,SGL,RO,ADL-1,2026-05-18,89.68,1,21,false,2
HG_001,SGL,RO,ADL-1,2026-05-19,91.52,1,21,false,2
HG_001,SGL,RO,ADL-1,2026-05-20,88.23,1,21,false,2
HG_001,SGL,RO,ADL-1,2026-05-21,88.22,1,21,true,0
HG_001,SGL,RO,ADL-1,2026-05-22,91.98,1,21,true,0
HG_001,SGL,RO,ADL-1,2026-05-23,110.53,1,21,true,0
HG_001,SGL,RO,ADL-1,2026-05-24,111.14,1,21,false,2
HG_001,SGL,RO,ADL-1,2026-05-25,89.96,1,21,false,2
HG_001,SGL,RO,ADL-1,2026-05-26,90.12,1,21,false,2
HG_001,SGL,RO,ADL-1,2026-05-27,88.57,1,21,false,2
HG_001,SGL,RO,ADL-1,2026-05-28,91.97,1,21,false,2
HG_001,SGL,RO,ADL-1,2026-05-29,89.72,1,21,false,2
HG_001,SGL,RO,ADL-1,2026-05-30,112.32,1,21,false,2
HG_001,SGL,RO,ADL-1,2026-05-31,118.83,1,21,false,2
HG_001,SGL,RO,ADL-1,2026-06-01,101.46,1,21,false,2
HG_001,SGL,RO,ADL-1,2026-06-02,98.27,1,21,false,2
HG_001,SGL,RO,ADL-1,2026-06-03,99.00,1,21,false,2
HG_001,SGL,RO,ADL-1,2026-06-04,98.68,1,21,false,2
HG_001,SGL,RO,ADL-1,2026-06-05,102.09,1,21,false,2
HG_001,SGL,RO,ADL-1,2026-06-06,119.25,1,21,false,2
HG_001,SGL,RO,ADL-1,2026-06-07,120.91,1,21,false,2
HG_001,SGL,RO,ADL-1,2026-06-08,98.82,1,21,false,2
HG_001,SGL,RO,ADL-1,2026-06-09,101.39,1,21,false,2
HG_001,SGL,RO,ADL-1,2026-06-10,101.28,1,21,true,0
HG_001,SGL,RO,ADL-1,2026-06-11,102.40,1,21,true,0
HG_001,SGL,RO,ADL-1,2026-06-12,100.01,1,21,true,0
HG_001,SGL,RO,ADL-1,2026-06-13,122.36,1,21,false,2
HG_001,SGL,RO,ADL-1,2026-06-14,120.43,1,21,false,2
HG_001,SGL,RO,ADL-1,2026-06-15,111.90,1,21,false,2
HG_001,SGL,RO,ADL-1,2026-06-16,107.66,1,21,false,2
HG_001,SGL,RO,ADL-1,2026-06-17,108.36,1,21,false,2
HG_001,SGL,RO,ADL-1,2026-06-18,107.59,1,21,false,2
HG_001,SGL,RO,ADL-1,2026-06-19,110.72,1,21,false,2
HG_001,SGL,RO,ADL-1,2026-06-20,132.86,1,21,false,2
HG_001,SGL,RO,ADL-1,2026-06-21,130.59,1,21,false,2
HG_001,SGL,RO,ADL-1,2026-06-22,110.16,1,21,false,2
HG_001,SGL,RO,ADL-1,2026-06-23,109.02,1,21,false,2
HG_001,SGL,RO,ADL-1,2026-06-24,110.69,1,21,false,2
HG_001,SGL,RO,ADL-1,2026-06-25,112.58,1,21,false,2
HG_001,SGL,RO,ADL-1,2026-06-26,107.52,1,21,false,2
HG_001,SGL,RO,ADL-1,2026-06-27,128.00,1,21,false,2
HG_001,SGL,RO,ADL-1,2026-06-28,132.73,1,21,false,2
HG_001,SGL,RO,ADL-1,2026-06-29,108.50,1,21,false,2
HG_002,DBL,RO,ADL-1,2026-05-01,72.10,2,21,false,3
HG_002,DBL,RO,ADL-1,2026-05-02,92.72,2,21,false,3
HG_002,DBL,RO,ADL-1,2026-05-03,88.64,2,21,false,3
HG_002,DBL,RO,ADL-1,2026-05-04,71.39,2,21,false,3
HG_002,DBL,RO,ADL-1,2026-05-05,67.71,2,21,false,3
HG_002,DBL,RO,ADL-1,2026-05-06,67.88,2,21,false,3
HG_002,DBL,RO,ADL-1,2026-05-07,69.39,2,21,false,3
HG_002,DBL,RO,ADL-1,2026-05-08,69.19,2,21,false,3
HG_002,DBL,RO,ADL-1,2026-05-09,91.38,2,21,false,3
HG_002,DBL,RO,ADL-1,2026-05-10,92.05,2,21,false,3
HG_002,DBL,RO,ADL-1,2026-05-11,69.77,2,21,false,3
HG_002,DBL,RO,ADL-1,2026-05-12,68.43,2,21,false,3
HG_002,DBL,RO,ADL-1,2026-05-13,71.46,2,21,false,3
HG_002,DBL,RO,ADL-1,2026-05-14,70.89,2,21,false,3
HG_002,DBL,RO,ADL-1,2026-05-15,70.31,2,21,false,3
HG_002,DBL,RO,ADL-1,2026-05-16,101.61,1,21,false,3
HG_002,DBL,RO,ADL-1,2026-05-17,102.85,1,21,false,3
HG_002,DBL,RO,ADL-1,2026-05-18,82.72,1,21,false,3
HG_002,DBL,RO,ADL-1,2026-05-19,79.37,1,21,false,3
HG_002,DBL,RO,ADL-1,2026-05-20,78.55,1,21,false,3
HG_002,DBL,RO,ADL-1,2026-05-21,82.17,1,21,false,3
HG_002,DBL,RO,ADL-1,2026-05-22,82.61,1,21,false,3
HG_002,DBL,RO,ADL-1,2026-05-23,100.35,1,21,false,3
HG_002,DBL,RO,ADL-1,2026-05-24,102.07,1,21,false,3
HG_002,DBL,RO,ADL-1,2026-05-25,79.07,1,21,false,3
HG_002,DBL,RO,ADL-1,2026-05-26,80.81,1,21,false,3
HG_002,DBL,RO,ADL-1,2026-05-27,80.78,1,21,false,3
HG_002,DBL,RO,ADL-1,2026-05-28,80.99,1,21,false,3
HG_002,DBL,RO,ADL-1,2026-05-29,81.53,1,21,false,3
HG_002,DBL,RO,ADL-1,2026-05-30,98.47,1,21,false,3
HG_002,DBL,RO,ADL-1,2026-05-31,113.19,2,21,false,3
HG_002,DBL,RO,ADL-1,2026-06-01,88.88,2,21,false,3
HG_002,DBL,RO,ADL-1,2026-06-02,89.79,2,21,false,3
HG_002,DBL,RO,ADL-1,2026-06-03,87.40,2,21,false,3
HG_002,DBL,RO,ADL-1,2026-06-04,91.43,2,21,false,3
HG_002,DBL,RO,ADL-1,2026-06-05,89.04,2,21,false,3
HG_002,DBL,RO,ADL-1,2026-06-06,108.28,2,21,false,3
HG_002,DBL,RO,ADL-1,2026-06-07,109.28,2,21,false,3
HG_002,DBL,RO,ADL-1,2026-06-08,88.38,2,21,false,3
HG_002,DBL,RO,ADL-1,2026-06-09,90.72,2,21,false,3
HG_002,DBL,RO,ADL-1,2026-06-10,90.69,2,21,false,3
HG_002,DBL,RO,ADL-1,2026-06-11,90.42,2,21,false,3
HG_002,DBL,RO,ADL-1,2026-06-12,92.10,2,21,false,3
HG_002,DBL,RO,ADL-1,2026-06-13,113.66,2,21,false,3
HG_002,DBL,RO,ADL-1,2026-06-14,107.89,2,21,false,3
HG_002,DBL,RO,ADL-1,2026-06-15,100.63,1,21,false,3
HG_002,DBL,RO,ADL-1,2026-06-16,99.17,1,21,false,3
HG_002,DBL,RO,ADL-1,2026-06-17,101.41,1,21,false,3
HG_002,DBL,RO,ADL-1,2026-06-18,97.45,1,21,false,3
HG_002,DBL,RO,ADL-1,2026-06-19,98.75,1,21,false,3
HG_002,DBL,RO,ADL-1,2026-06-20,120.50,1,21,false,3
HG_002,DBL,RO,ADL-1,2026-06-21,119.09,1,21,false,3
HG_002,DBL,RO,ADL-1,2026-06-22,96.53,1,21,false,3
HG_002,DBL,RO,ADL-1,2026-06-23,100.09,1,21,false,3
HG_002,DBL,RO,ADL-1,2026-06-24,100.91,1,21,false,3
HG_002,DBL,RO,ADL-1,2026-06-25,100.98,1,21,false,3
HG_002,DBL,RO,ADL-1,2026-06-26,102.59,1,21,false,3
HG_002,DBL,RO,ADL-1,2026-06-27,115.93,1,21,false,3
HG_002,DBL,RO,ADL-1,2026-06-28,116.84,1,21,false,3
HG_002,DBL,RO,ADL-1,2026-06-29,103.32,1,21,false,3
HG_002,DBL,RO,ADL-2,2026-05-01,70.51,2,21,false,3
HG_002,DBL,RO,ADL-2,2026-05-02,87.61,2,21,false,3
HG_002,DBL,RO,ADL-2,2026-05-03,91.44,2,21,false,3
HG_002,DBL,RO,ADL-2,2026-05-04,70.46,2,21,false,3
HG_002,DBL,RO,ADL-2,2026-05-05,70.74,2,21,false,3
HG_002,DBL,RO,ADL-2,2026-05-06,67.93,2,21,false,3
HG_002,DBL,RO,ADL-2,2026-05-07,68.69,2,21,false,3
HG_002,DBL,RO,ADL-2,2026-05-08,70.54,2,21,false,3
HG_002,DBL,RO,ADL-2,2026-05-09,88.95,2,21,false,3
HG_002,DBL,RO,ADL-2,2026-05-10,86.86,2,21,false,3
HG_002,DBL,RO,ADL-2,2026-05-11,71.69,2,21,false,3
HG_002,DBL,RO,ADL-2,2026-05-12,68.51,2,21,false,3
HG_002,DBL,RO,ADL-2,2026-05-13,71.43,2,21,false,3
HG_002,DBL,RO,ADL-2,2026-05-14,70.64,2,21,false,3
HG_002,DBL,RO,ADL-2,2026-05-15,70.40,2,21,false,3
HG_002,DBL,RO,ADL-2,2026-05-16,96.53,1,21,false,3
HG_002,DBL,RO,ADL-2,2026-05-17,96.53,1,21,false,3
HG_002,DBL,RO,ADL-2,2026-05-18,77.65,1,21,false,3
HG_002,DBL,RO,ADL-2,2026-05-19,79.02,1,21,false,3
HG_002,DBL,RO,ADL-2,2026-05-20,77.66,1,21,false,3
HG_002,DBL,RO,ADL-2,2026-05-21,79.67,1,21,false,3
HG_002,DBL,RO,ADL-2,2026-05-22,80.89,1,21,false,3
HG_002,DBL,RO,ADL-2,2026-05-23,101.02,1,21,false,3
HG_002,DBL,RO,ADL-2,2026-05-24,98.56,1,21,false,3
HG_002,DBL,RO,ADL-2,2026-05-25,78.29,1,21,false,3
HG_002,DBL,RO,ADL-2,2026-05-26,79.72,1,21,false,3
HG_002,DBL,RO,ADL-2,2026-05-27,80.34,1,21,false,3
HG_002,DBL,RO,ADL-2,2026-05-28,78.39,1,21,false,3
HG_002,DBL,RO,ADL-2,2026-05-29,80.92,1,21,false,3
HG_002,DBL,RO,ADL-2,2026-05-30,97.30,1,21,false,3
HG_002,DBL,RO,ADL-2,2026-05-31,112.67,2,21,false,3
HG_002,DBL,RO,ADL-2,2026-06-01,90.43,2,21,false,3
HG_002,DBL,RO,ADL-2,2026-06-02,91.83,2,21,false,3
HG_002,DBL,RO,ADL-2,2026-06-03,88.96,2,21,false,3
HG_002,DBL,RO,ADL-2,2026-06-04,91.06,2,21,false,3
HG_002,DBL,RO,ADL-2,2026-06-05,89.65,2,21,false,3
HG_002,DBL,RO,ADL-2,2026-06-06,106.49,2,21,false,3
HG_002,DBL,RO,ADL-2,2026-06-07,110.87,2,21,false,3
HG_002,DBL,RO,ADL-2,2026-06-08,91.00,2,21,false,3
HG_002,DBL,RO,ADL-2,2026-06-09,86.93,2,21,false,3
HG_002,DBL,RO,ADL-2,2026-06-10,91.26,2,21,false,3
HG_002,DBL,RO,ADL-2,2026-06-11,89.15,2,21,false,3
HG_002,DBL,RO,ADL-2,2026-06-12,88.33,2,21,false,3
HG_002,DBL,RO,ADL-2,2026-06-13,109.06,2,21,false,3
HG_002,DBL,RO,ADL-2,2026-06-14,113.12,2,21,false,3
HG_002,DBL,RO,ADL-2,2026-06-15,100.89,1,21,false,3
HG_002,DBL,RO,ADL-2,2026-06-16,96.84,1,21,false,3
HG_002,DBL,RO,ADL-2,2026-06-17,98.89,1,21,false,3
HG_002,DBL,RO,ADL-2,2026-06-18,102.83,1,21,false,3
HG_002,DBL,RO,ADL-2,2026-06-19,96.79,1,21,false,3
HG_002,DBL,RO,ADL-2,2026-06-20,121.75,1,21,false,3
HG_002,DBL,RO,ADL-2,2026-06-21,120.01,1,21,false,3
HG_002,DBL,RO,ADL-2,2026-06-22,98.74,1,21,false,3
HG_002,DBL,RO,ADL-2,2026-06-23,96.71,1,21,false,3
HG_002,DBL,RO,ADL-2,2026-06-24,96.52,1,21,false,3
HG_002,DBL,RO,ADL-2,2026-06-25,100.21,1,21,false,3
HG_002,DBL,RO,ADL-2,2026-06-26,98.74,1,21,false,3
HG_002,DBL,RO,ADL-2,2026-06-27,122.58,1,21,false,3
HG_002,DBL,RO,ADL-2,2026-06-28,117.74,1,21,false,3
HG_002,DBL,RO,ADL-2,2026-06-29,102.54,1,21,false,3
HG_002,DBL,BB,ADL-1,2026-05-01,84.84,2,21,false,3
HG_002,DBL,BB,ADL-1,2026-05-02,106.14,2,21,false,3
HG_002,DBL,BB,ADL-1,2026-05-03,105.92,2,21,false,3
HG_002,DBL,BB,ADL-1,2026-05-04,85.79,2,21,false,3
HG_002,DBL,BB,ADL-1,2026-05-05,85.69,2,21,false,3
HG_002,DBL,BB,ADL-1,2026-05-06,85.46,2,21,false,3
HG_002,DBL,BB,ADL-1,2026-05-07,83.96,2,21,false,3
HG_002,DBL,BB,ADL-1,2026-05-08,83.79,2,21,false,3
HG_002,DBL,BB,ADL-1,2026-05-09,106.56,2,21,false,3
HG_002,DBL,BB,ADL-1,2026-05-10,104.42,2,21,false,3
HG_002,DBL,BB,ADL-1,2026-05-11,83.49,2,21,false,3
HG_002,DBL,BB,ADL-1,2026-05-12,84.00,2,21,false,3
HG_002,DBL,BB,ADL-1,2026-05-13,87.31,2,21,false,3
HG_002,DBL,BB,ADL-1,2026-05-14,87.83,2,21,false,3
HG_002,DBL,BB,ADL-1,2026-05-15,85.70,2,21,false,3
HG_002,DBL,BB,ADL-1,2026-05-16,115.78,1,21,false,3
HG_002,DBL,BB,ADL-1,2026-05-17,113.75,1,21,false,3
HG_002,DBL,BB,ADL-1,2026-05-18,97.41,1,21,false,3
HG_002,DBL,BB,ADL-1,2026-05-19,91.84,1,21,false,3
HG_002,DBL,BB,ADL-1,2026-05-20,96.51,1,21,false,3
HG_002,DBL,BB,ADL-1,2026-05-21,97.01,1,21,false,3
HG_002,DBL,BB,ADL-1,2026-05-22,97.70,1,21,false,3
HG_002,DBL,BB,ADL-1,2026-05-23,112.74,1,21,false,3
HG_002,DBL,BB,ADL-1,2026-05-24,113.64,1,21,false,3
HG_002,DBL,BB,ADL-1,2026-05-25,96.78,1,21,false,3
HG_002,DBL,BB,ADL-1,2026-05-26,94.79,1,21,false,3
HG_002,DBL,BB,ADL-1,2026-05-27,96.91,1,21,false,3
HG_002,DBL,BB,ADL-1,2026-05-28,93.77,1,21,false,3
HG_002,DBL,BB,ADL-1,2026-05-29,96.64,1,21,false,3
HG_002,DBL,BB,ADL-1,2026-05-30,118.96,1,21,false,3
HG_002,DBL,BB,ADL-1,2026-05-31,121.66,2,21,false,3
HG_002,DBL,BB,ADL-1,2026-06-01,106.89,2,21,false,3
HG_002,DBL,BB,ADL-1,2026-06-02,105.33,2,21,false,3
HG_002,DBL,BB,ADL-1,2026-06-03,101.55,2,21,false,3
HG_002,DBL,BB,ADL-1,2026-06-04,105.81,2,21,false,3
HG_002,DBL,BB,ADL-1,2026-06-05,101.67,2,21,false,3
HG_002,DBL,BB,ADL-1,2026-06-06,120.76,2,21,false,3
HG_002,DBL,BB,ADL-1,2026-06-07,121.74,2,21,false,3
HG_002,DBL,BB,ADL-1,2026-06-08,106.34,2,21,false,3
HG_002,DBL,BB,ADL-1,2026-06-09,101.71,2,21,false,3
HG_002,DBL,BB,ADL-1,2026-06-10,106.39,2,21,false,3
HG_002,DBL,BB,ADL-1,2026-06-11,108.49,2,21,false,3
HG_002,DBL,BB,ADL-1,2026-06-12,107.26,2,21,false,3
HG_002,DBL,BB,ADL-1,2026-06-13,123.93,2,21,false,3
HG_002,DBL,BB,ADL-1,2026-06-14,121.71,2,21,false,3
HG_002,DBL,BB,ADL-1,2026-06-15,113.72,1,21,false,3
HG_002,DBL,BB,ADL-1,2026-06-16,113.59,1,21,false,3
HG_002,DBL,BB,ADL-1,2026-06-17,117.00,1,21,false,3
HG_002,DBL,BB,ADL-1,2026-06-18,115.65,1,21,false,3
HG_002,DBL,BB,ADL-1,2026-06-19,115.43,1,21,false,3
HG_002,DBL,BB,ADL-1,2026-06-20,139.64,1,21,false,3
HG_002,DBL,BB,ADL-1,2026-06-21,138.45,1,21,false,3
HG_002,DBL,BB,ADL-1,2026-06-22,111.02,1,21,false,3
HG_002,DBL,BB,ADL-1,2026-06-23,118.43,1,21,false,3
HG_002,DBL,BB,ADL-1,2026-06-24,117.78,1,21,false,3
HG_002,DBL,BB,ADL-1,2026-06-25,116.45,1,21,false,3
HG_002,DBL,BB,ADL-1,2026-06-26,116.67,1,21,false,3
HG_002,DBL,BB,ADL-1,2026-06-27,137.77,1,21,false,3
HG_002,DBL,BB,ADL-1,2026-06-28,130.75,1,21,false,3
HG_002,DBL,BB,ADL-1,2026-06-29,117.40,1,21,false,3
HG_002,DBL,BB,ADL-2,2026-05-01,84.56,2,21,false,3
HG_002,DBL,BB,ADL-2,2026-05-02,105.10,2,21,false,3
HG_002,DBL,BB,ADL-2,2026-05-03,102.34,2,21,false,3
HG_002,DBL,BB,ADL-2,2026-05-04,83.03,2,21,false,3
HG_002,DBL,BB,ADL-2,2026-05-05,87.73,2,21,false,3
HG_002,DBL,BB,ADL-2,2026-05-06,86.85,2,21,false,3
HG_002,DBL,BB,ADL-2,2026-05-07,84.83,2,21,false,3
HG_002,DBL,BB,ADL-2,2026-05-08,82.89,2,21,false,3
HG_002,DBL,BB,ADL-2,2026-05-09,106.89,2,21,false,3
HG_002,DBL,BB,ADL-2,2026-05-10,105.37,2,21,false,3
HG_002,DBL,BB,ADL-2,2026-05-11,82.91,2,21,false,3
HG_002,DBL,BB,ADL-2,2026-05-12,85.24,2,21,false,3
HG_002,DBL,BB,ADL-2,2026-05-13,82.86,2,21,false,3
HG_002,DBL,BB,ADL-2,2026-05-14,85.47,2,21,false,3
HG_002,DBL,BB,ADL-2,2026-05-15,86.79,2,21,false,3
HG_002,DBL,BB,ADL-2,2026-05-16,115.15,1,21,false,3
HG_002,DBL,BB,ADL-2,2026-05-17,118.73,1,21,false,3
HG_002,DBL,BB,ADL-2,2026-05-18,94.90,1,21,false,3
HG_002,DBL,BB,ADL-2,2026-05-19,96.84,1,21,false,3
HG_002,DBL,BB,ADL-2,2026-05-20,95.33,1,21,false,3
HG_002,DBL,BB,ADL-2,2026-05-21,92.13,1,21,false,3
HG_002,DBL,BB,ADL-2,2026-05-22,97.75,1,21,false,3
HG_002,DBL,BB,ADL-2,2026-05-23,117.97,1,21,false,3
HG_002,DBL,BB,ADL-2,2026-05-24,116.21,1,21,false,3
HG_002,DBL,BB,ADL-2,2026-05-25,97.13,1,21,false,3
HG_002,DBL,BB,ADL-2,2026-05-26,92.58,1,21,false,3
HG_002,DBL,BB,ADL-2,2026-05-27,97.93,1,21,false,3
HG_002,DBL,BB,ADL-2,2026-05-28,94.89,1,21,false,3
HG_002,DBL,BB,ADL-2,2026-05-29,97.30,1,21,false,3
HG_002,DBL,BB,ADL-2,2026-05-30,116.71,1,21,false,3
HG_002,DBL,BB,ADL-2,2026-05-31,124.19,2,21,false,3
HG_002,DBL,BB,ADL-2,2026-06-01,106.45,2,21,false,3
HG_002,DBL,BB,ADL-2,2026-06-02,102.03,2,21,false,3
HG_002,DBL,BB,ADL-2,2026-06-03,105.51,2,21,false,3
HG_002,DBL,BB,ADL-2,2026-06-04,103.20,2,21,false,3
HG_002,DBL,BB,ADL-2,2026-06-05,105.98,2,21,false,3
HG_002,DBL,BB,ADL-2,2026-06-06,128.21,2,21,false,3
HG_002,DBL,BB,ADL-2,2026-06-07,127.00,2,21,false,3
HG_002,DBL,BB,ADL-2,2026-06-08,107.80,2,21,false,3
HG_002,DBL,BB,ADL-2,2026-06-09,104.54,2,21,false,3
HG_002,DBL,BB,ADL-2,2026-06-10,108.03,2,21,false,3
HG_002,DBL,BB,ADL-2,2026-06-11,106.46,2,21,false,3
HG_002,DBL,BB,ADL-2,2026-06-12,103.56,2,21,false,3
HG_002,DBL,BB,ADL-2,2026-06-13,128.78,2,21,false,3
HG_002,DBL,BB,ADL-2,2026-06-14,123.80,2,21,false,3
HG_002,DBL,BB,ADL-2,2026-06-15,111.89,1,21,false,3
HG_002,DBL,BB,ADL-2,2026-06-16,118.94,1,21,false,3
HG_002,DBL,BB,ADL-2,2026-06-17,118.28,1,21,false,3
HG_002,DBL,BB,ADL-2,2026-06-18,115.43,1,21,false,3
HG_002,DBL,BB,ADL-2,2026-06-19,117.29,1,21,false,3
HG_002,DBL,BB,ADL-2,2026-06-20,130.52,1,21,false,3
HG_002,DBL,BB,ADL-2,2026-06-21,132.82,1,21,false,3
HG_002,DBL,BB,ADL-2,2026-06-22,111.06,1,21,false,3
HG_002,DBL,BB,ADL-2,2026-06-23,117.04,1,21,false,3
HG_002,DBL,BB,ADL-2,2026-06-24,111.97,1,21,false,3
HG_002,DBL,BB,ADL-2,2026-06-25,115.95,1,21,false,3
HG_002,DBL,BB,ADL-2,2026-06-26,115.90,1,21,false,3
HG_002,DBL,BB,ADL-2,2026-06-27,137.26,1,21,false,3
HG_002,DBL,BB,ADL-2,2026-06-28,135.55,1,21,false,3
HG_002,DBL,BB,ADL-2,2026-06-29,112.13,1,21,false,3
HG_002,SGL,RO,ADL-1,2026-05-01,97.85,2,21,false,3
HG_002,SGL,RO,ADL-1,2026-05-02,117.80,2,21,false,3
HG_002,SGL,RO,ADL-1,2026-05-03,116.30,2,21,false,3
HG_002,SGL,RO,ADL-1,2026-05-04,99.66,2,21,false,3
HG_002,SGL,RO,ADL-1,2026-05-05,103.37,2,21,false,3
HG_002,SGL,RO,ADL-1,2026-05-06,102.29,2,21,false,3
HG_002,SGL,RO,ADL-1,2026-05-07,101.28,2,21,false,3
HG_002,SGL,RO,ADL-1,2026-05-08,101.54,2,21,false,3
HG_002,SGL,RO,ADL-1,2026-05-09,119.70,2,21,false,3
HG_002,SGL,RO,ADL-1,2026-05-10,116.07,2,21,false,3
HG_002,SGL,RO,ADL-1,2026-05-11,101.11,2,21,false,3
HG_002,SGL,RO,ADL-1,2026-05-12,97.72,2,21,false,3
HG_002,SGL,RO,ADL-1,2026-05-13,97.54,2,21,false,3
HG_002,SGL,RO,ADL-1,2026-05-14,101.76,2,21,false,3
HG_002,SGL,RO,ADL-1,2026-05-15,101.05,2,21,false,3
HG_002,SGL,RO,ADL-1,2026-05-16,127.87,1,21,false,3
HG_002,SGL,RO,ADL-1,2026-05-17,129.01,1,21,false,3
HG_002,SGL,RO,ADL-1,2026-05-18,113.17,1,21,false,3
HG_002,SGL,RO,ADL-1,2026-05-19,106.99,1,21,false,3
HG_002,SGL,RO,ADL-1,2026-05-20,111.58,1,21,false,3
HG_002,SGL,RO,ADL-1,2026-05-21,108.55,1,21,false,3
HG_002,SGL,RO,ADL-1,2026-05-22,112.72,1,21,false,3
HG_002,SGL,RO,ADL-1,2026-05-23,127.17,1,21,false,3
HG_002,SGL,RO,ADL-1,2026-05-24,130.13,1,21,false,3
HG_002,SGL,RO,ADL-1,2026-05-25,113.21,1,21,false,3
HG_002,SGL,RO,ADL-1,2026-05-26,106.23,1,21,false,3
HG_002,SGL,RO,ADL-1,2026-05-27,110.58,1,21,false,3
HG_002,SGL,RO,ADL-1,2026-05-28,109.98,1,21,false,3
HG_002,SGL,RO,ADL-1,2026-05-29,113.03,1,21,false,3
HG_002,SGL,RO,ADL-1,2026-05-30,127.99,1,21,false,3
HG_002,SGL,RO,ADL-1,2026-05-31,136.08,2,21,false,3
HG_002,SGL,RO,ADL-1,2026-06-01,117.57,2,21,false,3
HG_002,SGL,RO,ADL-1,2026-06-02,116.49,2,21,false,3
HG_002,SGL,RO,ADL-1,2026-06-03,117.93,2,21,false,3
HG_002,SGL,RO,ADL-1,2026-06-04,116.88,2,21,false,3
HG_002,SGL,RO,ADL-1,2026-06-05,121.82,2,21,false,3
HG_002,SGL,RO,ADL-1,2026-06-06,142.72,2,21,false,3
HG_002,SGL,RO,ADL-1,2026-06-07,138.59,2,21,false,3
HG_002,SGL,RO,ADL-1,2026-06-08,121.29,2,21,false,3
HG_002,SGL,RO,ADL-1,2026-06-09,120.45,2,21,false,3
HG_002,SGL,RO,ADL-1,2026-06-10,118.00,2,21,false,3
HG_002,SGL,RO,ADL-1,2026-06-11,118.21,2,21,false,3
HG_002,SGL,RO,ADL-1,2026-06-12,120.45,2,21,false,3
HG_002,SGL,RO,ADL-1,2026-06-13,137.06,2,21,false,3
HG_002,SGL,RO,ADL-1,2026-06-14,142.08,2,21,false,3
HG_002,SGL,RO,ADL-1,2026-06-15,131.41,1,21,false,3
HG_002,SGL,RO,ADL-1,2026-06-16,133.77,1,21,false,3
HG_002,SGL,RO,ADL-1,2026-06-17,126.50,1,21,false,3
HG_002,SGL,RO,ADL-1,2026-06-18,128.12,1,21,false,3
HG_002,SGL,RO,ADL-1,2026-06-19,128.15,1,21,false,3
HG_002,SGL,RO,ADL-1,2026-06-20,146.20,1,21,false,3
HG_002,SGL,RO,ADL-1,2026-06-21,152.45,1,21,false,3
HG_002,SGL,RO,ADL-1,2026-06-22,125.51,1,21,false,3
HG_002,SGL,RO,ADL-1,2026-06-23,134.39,1,21,false,3
HG_002,SGL,RO,ADL-1,2026-06-24,126.15,1,21,false,3
HG_002,SGL,RO,ADL-1,2026-06-25,134.14,1,21,false,3
HG_002,SGL,RO,ADL-1,2026-06-26,127.31,1,21,false,3
HG_002,SGL,RO,ADL-1,2026-06-27,147.24,1,21,false,3
HG_002,SGL,RO,ADL-1,2026-06-28,146.95,1,21,false,3
HG_002,SGL,RO,ADL-1,2026-06-29,127.27,1,21,false,3
HG_002,SGL,RO,ADL-2,2026-05-01,99.64,2,21,false,3
HG_002,SGL,RO,ADL-2,2026-05-02,122.50,2,21,false,3
HG_002,SGL,RO,ADL-2,2026-05-03,124.07,2,21,false,3
HG_002,SGL,RO,ADL-2,2026-05-04,98.42,2,21,false,3
HG_002,SGL,RO,ADL-2,2026-05-05,99.63,2,21,false,3
HG_002,SGL,RO,ADL-2,2026-05-06,96.85,2,21,false,3
HG_002,SGL,RO,ADL-2,2026-05-07,97.51,2,21,false,3
HG_002,SGL,RO,ADL-2,2026-05-08,99.12,2,21,false,3
HG_002,SGL,RO,ADL-2,2026-05-09,117.41,2,21,false,3
HG_002,SGL,RO,ADL-2,2026-05-10,119.59,2,21,false,3
HG_002,SGL,RO,ADL-2,2026-05-11,96.93,2,21,false,3
HG_002,SGL,RO,ADL-2,2026-05-12,103.35,2,21,false,3
HG_002,SGL,RO,ADL-2,2026-05-13,98.68,2,21,false,3
HG_002,SGL,RO,ADL-2,2026-05-14,98.67,2,21,false,3
HG_002,SGL,RO,ADL-2,2026-05-15,97.82,2,21,false,3
HG_002,SGL,RO,ADL-2,2026-05-16,130.61,1,21,false,3
HG_002,SGL,RO,ADL-2,2026-05-17,129.17,1,21,false,3
HG_002,SGL,RO,ADL-2,2026-05-18,111.85,1,21,false,3
HG_002,SGL,RO,ADL-2,2026-05-19,106.74,1,21,false,3
HG_002,SGL,RO,ADL-2,2026-05-20,108.06,1,21,false,3
HG_002,SGL,RO,ADL-2,2026-05-21,111.08,1,21,false,3
HG_002,SGL,RO,ADL-2,2026-05-22,107.49,1,21,false,3
HG_002,SGL,RO,ADL-2,2026-05-23,129.91,1,21,false,3
HG_002,SGL,RO,ADL-2,2026-05-24,132.67,1,21,false,3
HG_002,SGL,RO,ADL-2,2026-05-25,107.10,1,21,false,3
HG_002,SGL,RO,ADL-2,2026-05-26,112.39,1,21,false,3
HG_002,SGL,RO,ADL-2,2026-05-27,109.78,1,21,false,3
HG_002,SGL,RO,ADL-2,2026-05-28,112.33,1,21,false,3
HG_002,SGL,RO,ADL-2,2026-05-29,106.59,1,21,false,3
HG_002,SGL,RO,ADL-2,2026-05-30,129.01,1,21,false,3
HG_002,SGL,RO,ADL-2,2026-05-31,138.52,2,21,false,3
HG_002,SGL,RO,ADL-2,2026-06-01,123.56,2,21,false,3
HG_002,SGL,RO,ADL-2,2026-06-02,120.47,2,21,false,3
HG_002,SGL,RO,ADL-2,2026-06-03,121.22,2,21,false,3
HG_002,SGL,RO,ADL-2,2026-06-04,118.35,2,21,false,3
HG_002,SGL,RO,ADL-2,2026-06-05,121.26,2,21,false,3
HG_002,SGL,RO,ADL-2,2026-06-06,144.12,2,21,false,3
HG_002,SGL,RO,ADL-2,2026-06-07,141.45,2,21,false,3
HG_002,SGL,RO,ADL-2,2026-06-08,123.52,2,21,false,3
HG_002,SGL,RO,ADL-2,2026-06-09,122.42,2,21,false,3
HG_002,SGL,RO,ADL-2,2026-06-10,121.20,2,21,false,3
HG_002,SGL,RO,ADL-2,2026-06-11,124.14,2,21,false,3
HG_002,SGL,RO,ADL-2,2026-06-12,120.13,2,21,false,3
HG_002,SGL,RO,ADL-2,2026-06-13,141.71,2,21,false,3
HG_002,SGL,RO,ADL-2,2026-06-14,142.54,2,21,false,3
HG_002,SGL,RO,ADL-2,2026-06-15,130.75,1,21,false,3
HG_002,SGL,RO,ADL-2,2026-06-16,130.41,1,21,false,3
HG_002,SGL,RO,ADL-2,2026-06-17,128.78,1,21,false,3
HG_002,SGL,RO,ADL-2,2026-06-18,133.91,1,21,false,3
HG_002,SGL,RO,ADL-2,2026-06-19,128.44,1,21,false,3
HG_002,SGL,RO,ADL-2,2026-06-20,152.57,1,21,false,3
HG_002,SGL,RO,ADL-2,2026-06-21,145.88,1,21,false,3
HG_002,SGL,RO,ADL-2,2026-06-22,126.07,1,21,false,3
HG_002,SGL,RO,ADL-2,2026-06-23,131.29,1,21,false,3
HG_002,SGL,RO,ADL-2,2026-06-24,133.19,1,21,false,3
HG_002,SGL,RO,ADL-2,2026-06-25,128.36,1,21,false,3
HG_002,SGL,RO,ADL-2,2026-06-26,129.62,1,21,false,3
HG_002,SGL,RO,ADL-2,2026-06-27,151.07,1,21,false,3
HG_002,SGL,RO,ADL-2,2026-06-28,150.36,1,21,false,3
HG_002,SGL,RO,ADL-2,2026-06-29,133.68,1,21,false,3
HG_002,SGL,BB,ADL-1,2026-05-01,111.51,2,21,false,3
HG_002,SGL,BB,ADL-1,2026-05-02,132.67,2,21,false,3
HG_002,SGL,BB,ADL-1,2026-05-03,134.66,2,21,false,3
HG_002,SGL,BB,ADL-1,2026-05-04,112.41,2,21,false,3
HG_002,SGL,BB,ADL-1,2026-05-05,115.33,2,21,false,3
HG_002,SGL,BB,ADL-1,2026-05-06,118.96,2,21,false,3
HG_002,SGL,BB,ADL-1,2026-05-07,112.42,2,21,false,3
HG_002,SGL,BB,ADL-1,2026-05-08,115.57,2,21,false,3
HG_002,SGL,BB,ADL-1,2026-05-09,130.34,2,21,false,3
HG_002,SGL,BB,ADL-1,2026-05-10,130.59,2,21,false,3
HG_002,SGL,BB,ADL-1,2026-05-11,118.25,2,21,false,3
HG_002,SGL,BB,ADL-1,2026-05-12,116.04,2,21,false,3
HG_002,SGL,BB,ADL-1,2026-05-13,118.92,2,21,false,3
HG_002,SGL,BB,ADL-1,2026-05-14,114.72,2,21,false,3
HG_002,SGL,BB,ADL-1,2026-05-15,115.87,2,21,false,3
HG_002,SGL,BB,ADL-1,2026-05-16,143.33,1,21,false,3
HG_002,SGL,BB,ADL-1,2026-05-17,147.02,1,21,false,3
HG_002,SGL,BB,ADL-1,2026-05-18,127.12,1,21,false,3
HG_002,SGL,BB,ADL-1,2026-05-19,125.45,1,21,false,3
HG_002,SGL,BB,ADL-1,2026-05-20,127.24,1,21,false,3
HG_002,SGL,BB,ADL-1,2026-05-21,121.12,1,21,false,3
HG_002,SGL,BB,ADL-1,2026-05-22,121.07,1,21,false,3
HG_002,SGL,BB,ADL-1,2026-05-23,149.79,1,21,false,3
HG_002,SGL,BB,ADL-1,2026-05-24,144.00,1,21,false,3
HG_002,SGL,BB,ADL-1,2026-05-25,127.64,1,21,false,3
HG_002,SGL,BB,ADL-1,2026-05-26,123.89,1,21,false,3
HG_002,SGL,BB,ADL-1,2026-05-27,128.70,1,21,false,3
HG_002,SGL,BB,ADL-1,2026-05-28,126.18,1,21,false,3
HG_002,SGL,BB,ADL-1,2026-05-29,122.93,1,21,false,3
HG_002,SGL,BB,ADL-1,2026-05-30,146.53,1,21,false,3
HG_002,SGL,BB,ADL-1,2026-05-31,151.96,2,21,false,3
HG_002,SGL,BB,ADL-1,2026-06-01,135.07,2,21,false,3
HG_002,SGL,BB,ADL-1,2026-06-02,138.72,2,21,false,3
HG_002,SGL,BB,ADL-1,2026-06-03,134.44,2,21,false,3
HG_002,SGL,BB,ADL-1,2026-06-04,139.07,2,21,false,3
HG_002,SGL,BB,ADL-1,2026-06-05,135.25,2,21,false,3
HG_002,SGL,BB,ADL-1,2026-06-06,155.61,2,21,false,3
HG_002,SGL,BB,ADL-1,2026-06-07,157.16,2,21,false,3
HG_002,SGL,BB,ADL-1,2026-06-08,131.59,2,21,false,3
HG_002,SGL,BB,ADL-1,2026-06-09,131.23,2,21,false,3
HG_002,SGL,BB,ADL-1,2026-06-10,136.84,2,21,false,3
HG_002,SGL,BB,ADL-1,2026-06-11,137.22,2,21,false,3
HG_002,SGL,BB,ADL-1,2026-06-12,139.12,2,21,false,3
HG_002,SGL,BB,ADL-1,2026-06-13,149.58,2,21,false,3
HG_002,SGL,BB,ADL-1,2026-06-14,155.45,2,21,false,3
HG_002,SGL,BB,ADL-1,2026-06-15,140.36,1,21,false,3
HG_002,SGL,BB,ADL-1,2026-06-16,149.79,1,21,false,3
HG_002,SGL,BB,ADL-1,2026-06-17,146.31,1,21,false,3
HG_002,SGL,BB,ADL-1,2026-06-18,140.78,1,21,false,3
HG_002,SGL,BB,ADL-1,2026-06-19,147.09,1,21,false,3
HG_002,SGL,BB,ADL-1,2026-06-20,170.55,1,21,false,3
HG_002,SGL,BB,ADL-1,2026-06-21,165.85,1,21,false,3
HG_002,SGL,BB,ADL-1,2026-06-22,147.41,1,21,false,3
HG_002,SGL,BB,ADL-1,2026-06-23,145.42,1,21,false,3
HG_002,SGL,BB,ADL-1,2026-06-24,140.66,1,21,false,3
HG_002,SGL,BB,ADL-1,2026-06-25,145.55,1,21,false,3
HG_002,SGL,BB,ADL-1,2026-06-26,140.55,1,21,false,3
HG_002,SGL,BB,ADL-1,2026-06-27,161.27,1,21,false,3
HG_002,SGL,BB,ADL-1,2026-06-28,159.57,1,21,false,3
HG_002,SGL,BB,ADL-1,2026-06-29,141.65,1,21,false,3
HG_002,SGL,BB,ADL-2,2026-05-01,118.36,2,21,false,3
HG_002,SGL,BB,ADL-2,2026-05-02,134.05,2,21,false,3
HG_002,SGL,BB,ADL-2,2026-05-03,132.17,2,21,false,3
HG_002,SGL,BB,ADL-2,2026-05-04,118.76,2,21,false,3
HG_002,SGL,BB,ADL-2,2026-05-05,118.92,2,21,false,3
HG_002,SGL,BB,ADL-2,2026-05-06,115.76,2,21,false,3
HG_002,SGL,BB,ADL-2,2026-05-07,117.99,2,21,false,3
HG_002,SGL,BB,ADL-2,2026-05-08,118.37,2,21,false,3
HG_002,SGL,BB,ADL-2,2026-05-09,136.39,2,21,false,3
HG_002,SGL,BB,ADL-2,2026-05-10,136.70,2,21,false,3
HG_002,SGL,BB,ADL-2,2026-05-11,111.55,2,21,false,3
HG_002,SGL,BB,ADL-2,2026-05-12,113.47,2,21,false,3
HG_002,SGL,BB,ADL-2,2026-05-13,115.70,2,21,false,3
HG_002,SGL,BB,ADL-2,2026-05-14,114.34,2,21,false,3
HG_002,SGL,BB,ADL-2,2026-05-15,118.51,2,21,false,3
HG_002,SGL,BB,ADL-2,2026-05-16,142.99,1,21,false,3
HG_002,SGL,BB,ADL-2,2026-05-17,147.98,1,21,false,3
HG_002,SGL,BB,ADL-2,2026-05-18,128.18,1,21,false,3
HG_002,SGL,BB,ADL-2,2026-05-19,129.33,1,21,false,3
HG_002,SGL,BB,ADL-2,2026-05-20,125.28,1,21,false,3
HG_002,SGL,BB,ADL-2,2026-05-21,126.63,1,21,false,3
HG_002,SGL,BB,ADL-2,2026-05-22,122.18,1,21,false,3
HG_002,SGL,BB,ADL-2,2026-05-23,146.31,1,21,false,3
HG_002,SGL,BB,ADL-2,2026-05-24,141.31,1,21,false,3
HG_002,SGL,BB,ADL-2,2026-05-25,123.24,1,21,false,3
HG_002,SGL,BB,ADL-2,2026-05-26,121.00,1,21,false,3
HG_002,SGL,BB,ADL-2,2026-05-27,126.38,1,21,false,3
HG_002,SGL,BB,ADL-2,2026-05-28,126.60,1,21,false,3
HG_002,SGL,BB,ADL-2,2026-05-29,123.85,1,21,false,3
HG_002,SGL,BB,ADL-2,2026-05-30,142.04,1,21,false,3
HG_002,SGL,BB,ADL-2,2026-05-31,158.26,2,21,false,3
HG_002,SGL,BB,ADL-2,2026-06-01,136.47,2,21,false,3
HG_002,SGL,BB,ADL-2,2026-06-02,138.36,2,21,false,3
HG_002,SGL,BB,ADL-2,2026-06-03,134.80,2,21,false,3
HG_002,SGL,BB,ADL-2,2026-06-04,137.39,2,21,false,3
HG_002,SGL,BB,ADL-2,2026-06-05,133.43,2,21,false,3
HG_002,SGL,BB,ADL-2,2026-06-06,155.05,2,21,false,3
HG_002,SGL,BB,ADL-2,2026-06-07,160.31,2,21,false,3
HG_002,SGL,BB,ADL-2,2026-06-08,139.24,2,21,false,3
HG_002,SGL,BB,ADL-2,2026-06-09,136.05,2,21,false,3
HG_002,SGL,BB,ADL-2,2026-06-10,136.62,2,21,false,3
HG_002,SGL,BB,ADL-2,2026-06-11,138.58,2,21,false,3
HG_002,SGL,BB,ADL-2,2026-06-12,138.55,2,21,false,3
HG_002,SGL,BB,ADL-2,2026-06-13,152.70,2,21,false,3
HG_002,SGL,BB,ADL-2,2026-06-14,153.06,2,21,false,3
HG_002,SGL,BB,ADL-2,2026-06-15,143.21,1,21,false,3
HG_002,SGL,BB,ADL-2,2026-06-16,145.72,1,21,false,3
HG_002,SGL,BB,ADL-2,2026-06-17,141.08,1,21,false,3
HG_002,SGL,BB,ADL-2,2026-06-18,146.52,1,21,false,3
HG_002,SGL,BB,ADL-2,2026-06-19,146.44,1,21,false,3
HG_002,SGL,BB,ADL-2,2026-06-20,168.09,1,21,false,3
HG_002,SGL,BB,ADL-2,2026-06-21,161.57,1,21,false,3
HG_002,SGL,BB,ADL-2,2026-06-22,143.63,1,21,false,3
HG_002,SGL,BB,ADL-2,2026-06-23,143.50,1,21,false,3
HG_002,SGL,BB,ADL-2,2026-06-24,149.32,1,21,false,3
HG_002,SGL,BB,ADL-2,2026-06-25,148.29,1,21,false,3
HG_002,SGL,BB,ADL-2,2026-06-26,142.71,1,21,false,3
HG_002,SGL,BB,ADL-2,2026-06-27,169.87,1,21,false,3
HG_002,SGL,BB,ADL-2,2026-06-28,165.93,1,21,false,3
HG_002,SGL,BB,ADL-2,2026-06-29,145.52,1,21,false,3
HG_002,FAM,RO,ADL-1,2026-05-01,132.54,2,21,false,3
HG_002,FAM,RO,ADL-1,2026-05-02,149.09,2,21,false,3
HG_002,FAM,RO,ADL-1,2026-05-03,147.57,2,21,false,3
HG_002,FAM,RO,ADL-1,2026-05-04,134.26,2,21,false,3
HG_002,FAM,RO,ADL-1,2026-05-05,129.47,2,21,false,3
HG_002,FAM,RO,ADL-1,2026-05-06,128.64,2,21,false,3
HG_002,FAM,RO,ADL-1,2026-05-07,130.90,2,21,false,3
HG_002,FAM,RO,ADL-1,2026-05-08,130.39,2,21,false,3
HG_002,FAM,RO,ADL-1,2026-05-09,144.92,2,21,false,3
HG_002,FAM,RO,ADL-1,2026-05-10,147.59,2,21,false,3
HG_002,FAM,RO,ADL-1,2026-05-11,133.96,2,21,false,3
HG_002,FAM,RO,ADL-1,2026-05-12,129.75,2,21,false,3
HG_002,FAM,RO,ADL-1,2026-05-13,127.43,2,21,false,3
HG_002,FAM,RO,ADL-1,2026-05-14,130.62,2,21,false,3
HG_002,FAM,RO,ADL-1,2026-05-15,130.47,2,21,false,3
HG_002,FAM,RO,ADL-1,2026-05-16,159.22,1,21,false,3
HG_002,FAM,RO,ADL-1,2026-05-17,162.13,1,21,false,3
HG_002,FAM,RO,ADL-1,2026-05-18,142.78,1,21,false,3
HG_002,FAM,RO,ADL-1,2026-05-19,140.71,1,21,false,3
HG_002,FAM,RO,ADL-1,2026-05-20,144.10,1,21,false,3
HG_002,FAM,RO,ADL-1,2026-05-21,136.51,1,21,false,3
HG_002,FAM,RO,ADL-1,2026-05-22,143.52,1,21,false,3
HG_002,FAM,RO,ADL-1,2026-05-23,161.12,1,21,false,3
HG_002,FAM,RO,ADL-1,2026-05-24,157.74,1,21,false,3
HG_002,FAM,RO,ADL-1,2026-05-25,135.37,1,21,false,3
HG_002,FAM,RO,ADL-1,2026-05-26,144.85,1,21,false,3
HG_002,FAM,RO,ADL-1,2026-05-27,138.56,1,21,false,3
HG_002,FAM,RO,ADL-1,2026-05-28,136.48,1,21,false,3
HG_002,FAM,RO,ADL-1,2026-05-29,144.01,1,21,false,3
HG_002,FAM,RO,ADL-1,2026-05-30,159.54,1,21,false,3
HG_002,FAM,RO,ADL-1,2026-05-31,164.51,2,21,false,3
HG_002,FAM,RO,ADL-1,2026-06-01,145.23,2,21,false,3
HG_002,FAM,RO,ADL-1,2026-06-02,151.00,2,21,false,3
HG_002,FAM,RO,ADL-1,2026-06-03,154.34,2,21,false,3
HG_002,FAM,RO,ADL-1,2026-06-04,146.12,2,21,false,3
HG_002,FAM,RO,ADL-1,2026-06-05,150.14,2,21,false,3
HG_002,FAM,RO,ADL-1,2026-06-06,175.33,2,21,false,3
HG_002,FAM,RO,ADL-1,2026-06-07,173.10,2,21,false,3
HG_002,FAM,RO,ADL-1,2026-06-08,148.64,2,21,false,3
HG_002,FAM,RO,ADL-1,2026-06-09,154.29,2,21,false,3
HG_002,FAM,RO,ADL-1,2026-06-10,150.07,2,21,false,3
HG_002,FAM,RO,ADL-1,2026-06-11,149.59,2,21,false,3
HG_002,FAM,RO,ADL-1,2026-06-12,152.12,2,21,false,3
HG_002,FAM,RO,ADL-1,2026-06-13,168.79,2,21,false,3
HG_002,FAM,RO,ADL-1,2026-06-14,174.76,2,21,false,3
HG_002,FAM,RO,ADL-1,2026-06-15,157.30,1,21,false,3
HG_002,FAM,RO,ADL-1,2026-06-16,159.89,1,21,false,3
HG_002,FAM,RO,ADL-1,2026-06-17,163.47,1,21,false,3
HG_002,FAM,RO,ADL-1,2026-06-18,157.25,1,21,false,3
HG_002,FAM,RO,ADL-1,2026-06-19,161.31,1,21,false,3
HG_002,FAM,RO,ADL-1,2026-06-20,183.41,1,21,false,3
HG_002,FAM,RO,ADL-1,2026-06-21,173.80,1,21,false,3
HG_002,FAM,RO,ADL-1,2026-06-22,156.76,1,21,false,3
HG_002,FAM,RO,ADL-1,2026-06-23,160.37,1,21,false,3
HG_002,FAM,RO,ADL-1,2026-06-24,162.20,1,21,false,3
HG_002,FAM,RO,ADL-1,2026-06-25,162.41,1,21,false,3
HG_002,FAM,RO,ADL-1,2026-06-26,163.66,1,21,false,3
HG_002,FAM,RO,ADL-1,2026-06-27,180.53,1,21,false,3
HG_002,FAM,RO,ADL-1,2026-06-28,183.62,1,21,false,3
HG_002,FAM,RO,ADL-1,2026-06-29,165.11,1,21,false,3
HG_002,FAM,RO,ADL-2,2026-05-01,128.57,2,21,false,3
HG_002,FAM,RO,ADL-2,2026-05-02,152.94,2,21,false,3
HG_002,FAM,RO,ADL-2,2026-05-03,153.58,2,21,false,3
HG_002,FAM,RO,ADL-2,2026-05-04,127.39,2,21,false,3
HG_002,FAM,RO,ADL-2,2026-05-05,131.93,2,21,false,3
HG_002,FAM,RO,ADL-2,2026-05-06,128.87,2,21,false,3
HG_002,FAM,RO,ADL-2,2026-05-07,130.08,2,21,false,3
HG_002,FAM,RO,ADL-2,2026-05-08,132.93,2,21,false,3
HG_002,FAM,RO,ADL-2,2026-05-09,153.89,2,21,false,3
HG_002,FAM,RO,ADL-2,2026-05-10,151.78,2,21,false,3
HG_002,FAM,RO,ADL-2,2026-05-11,133.83,2,21,false,3
HG_002,FAM,RO,ADL-2,2026-05-12,133.26,2,21,false,3
HG_002,FAM,RO,ADL-2,2026-05-13,133.62,2,21,false,3
HG_002,FAM,RO,ADL-2,2026-05-14,128.43,2,21,false,3
HG_002,FAM,RO,ADL-2,2026-05-15,125.96,2,21,false,3
HG_002,FAM,RO,ADL-2,2026-05-16,156.21,1,21,false,3
HG_002,FAM,RO,ADL-2,2026-05-17,162.61,1,21,false,3
HG_002,FAM,RO,ADL-2,2026-05-18,142.89,1,21,false,3
HG_002,FAM,RO,ADL-2,2026-05-19,144.30,1,21,false,3
HG_002,FAM,RO,ADL-2,2026-05-20,141.55,1,21,false,3
HG_002,FAM,RO,ADL-2,2026-05-21,136.86,1,21,false,3
HG_002,FAM,RO,ADL-2,2026-05-22,143.93,1,21,false,3
HG_002,FAM,RO,ADL-2,2026-05-23,160.27,1,21,false,3
HG_002,FAM,RO,ADL-2,2026-05-24,157.94,1,21,false,3
HG_002,FAM,RO,ADL-2,2026-05-25,139.04,1,21,false,3
HG_002,FAM,RO,ADL-2,2026-05-26,138.36,1,21,false,3
HG_002,FAM,RO,ADL-2,2026-05-27,141.39,1,21,false,3
HG_002,FAM,RO,ADL-2,2026-05-28,136.56,1,21,false,3
HG_002,FAM,RO,ADL-2,2026-05-29,140.68,1,21,false,3
HG_002,FAM,RO,ADL-2,2026-05-30,159.52,1,21,false,3
HG_002,FAM,RO,ADL-2,2026-05-31,170.00,2,21,false,3
HG_002,FAM,RO,ADL-2,2026-06-01,152.32,2,21,false,3
HG_002,FAM,RO,ADL-2,2026-06-02,153.97,2,21,false,3
HG_002,FAM,RO,ADL-2,2026-06-03,145.43,2,21,false,3
HG_002,FAM,RO,ADL-2,2026-06-04,149.88,2,21,false,3
HG_002,FAM,RO,ADL-2,2026-06-05,151.73,2,21,false,3
HG_002,FAM,RO,ADL-2,2026-06-06,170.91,2,21,false,3
HG_002,FAM,RO,ADL-2,2026-06-07,169.24,2,21,false,3
HG_002,FAM,RO,ADL-2,2026-06-08,154.38,2,21,false,3
HG_002,FAM,RO,ADL-2,2026-06-09,154.69,2,21,false,3
HG_002,FAM,RO,ADL-2,2026-06-10,145.30,2,21,false,3
HG_002,FAM,RO,ADL-2,2026-06-11,151.37,2,21,false,3
HG_002,FAM,RO,ADL-2,2026-06-12,149.68,2,21,false,3
HG_002,FAM,RO,ADL-2,2026-06-13,174.11,2,21,false,3
HG_002,FAM,RO,ADL-2,2026-06-14,169.35,2,21,false,3
HG_002,FAM,RO,ADL-2,2026-06-15,161.82,1,21,false,3
HG_002,FAM,RO,ADL-2,2026-06-16,160.58,1,21,false,3
HG_002,FAM,RO,ADL-2,2026-06-17,154.49,1,21,false,3
HG_002,FAM,RO,ADL-2,2026-06-18,164.73,1,21,false,3
HG_002,FAM,RO,ADL-2,2026-06-19,157.61,1,21,false,3
HG_002,FAM,RO,ADL-2,2026-06-20,181.85,1,21,false,3
HG_002,FAM,RO,ADL-2,2026-06-21,179.83,1,21,false,3
HG_002,FAM,RO,ADL-2,2026-06-22,156.89,1,21,false,3
HG_002,FAM,RO,ADL-2,2026-06-23,164.10,1,21,false,3
HG_002,FAM,RO,ADL-2,2026-06-24,161.45,1,21,false,3
HG_002,FAM,RO,ADL-2,2026-06-25,157.06,1,21,false,3
HG_002,FAM,RO,ADL-2,2026-06-26,165.49,1,21,false,3
HG_002,FAM,RO,ADL-2,2026-06-27,185.45,1,21,false,3
HG_002,FAM,RO,ADL-2,2026-06-28,181.51,1,21,false,3
HG_002,FAM,RO,ADL-2,2026-06-29,161.85,1,21,false,3
HG_002,FAM,BB,ADL-1,2026-05-01,146.15,2,21,false,3
HG_002,FAM,BB,ADL-1,2026-05-02,161.44,2,21,false,3
HG_002,FAM,BB,ADL-1,2026-05-03,169.14,2,21,false,3
HG_002,FAM,BB,ADL-1,2026-05-04,147.00,2,21,false,3
HG_002,FAM,BB,ADL-1,2026-05-05,140.97,2,21,false,3
HG_002,FAM,BB,ADL-1,2026-05-06,150.03,2,21,false,3
HG_002,FAM,BB,ADL-1,2026-05-07,142.39,2,21,false,3
HG_002,FAM,BB,ADL-1,2026-05-08,140.19,2,21,false,3
HG_002,FAM,BB,ADL-1,2026-05-09,169.02,2,21,false,3
HG_002,FAM,BB,ADL-1,2026-05-10,169.63,2,21,false,3
HG_002,FAM,BB,ADL-1,2026-05-11,144.58,2,21,false,3
HG_002,FAM,BB,ADL-1,2026-05-12,140.06,2,21,false,3
HG_002,FAM,BB,ADL-1,2026-05-13,147.77,2,21,false,3
HG_002,FAM,BB,ADL-1,2026-05-14,147.47,2,21,false,3
HG_002,FAM,BB,ADL-1,2026-05-15,145.12,2,21,false,3
HG_002,FAM,BB,ADL-1,2026-05-16,179.01,1,21,false,3
HG_002,FAM,BB,ADL-1,2026-05-17,177.71,1,21,false,3
HG_002,FAM,BB,ADL-1,2026-05-18,151.58,1,21,false,3
HG_002,FAM,BB,ADL-1,2026-05-19,152.93,1,21,false,3
HG_002,FAM,BB,ADL-1,2026-05-20,156.25,1,21,false,3
HG_002,FAM,BB,ADL-1,2026-05-21,149.89,1,21,false,3
HG_002,FAM,BB,ADL-1,2026-05-22,156.11,1,21,false,3
HG_002,FAM,BB,ADL-1,2026-05-23,176.60,1,21,false,3
HG_002,FAM,BB,ADL-1,2026-05-24,176.90,1,21,false,3
HG_002,FAM,BB,ADL-1,2026-05-25,151.62,1,21,false,3
HG_002,FAM,BB,ADL-1,2026-05-26,149.97,1,21,false,3
HG_002,FAM,BB,ADL-1,2026-05-27,151.12,1,21,false,3
HG_002,FAM,BB,ADL-1,2026-05-28,154.39,1,21,false,3
HG_002,FAM,BB,ADL-1,2026-05-29,159.96,1,21,false,3
HG_002,FAM,BB,ADL-1,2026-05-30,178.13,1,21,false,3
HG_002,FAM,BB,ADL-1,2026-05-31,183.17,2,21,false,3
HG_002,FAM,BB,ADL-1,2026-06-01,169.51,2,21,false,3
HG_002,FAM,BB,ADL-1,2026-06-02,162.02,2,21,false,3
HG_002,FAM,BB,ADL-1,2026-06-03,166.27,2,21,false,3
HG_002,FAM,BB,ADL-1,2026-06-04,165.27,2,21,false,3
HG_002,FAM,BB,ADL-1,2026-06-05,163.68,2,21,false,3
HG_002,FAM,BB,ADL-1,2026-06-06,190.13,2,21,false,3
HG_002,FAM,BB,ADL-1,2026-06-07,179.02,2,21,false,3
HG_002,FAM,BB,ADL-1,2026-06-08,160.85,2,21,false,3
HG_002,FAM,BB,ADL-1,2026-06-09,162.93,2,21,false,3
HG_002,FAM,BB,ADL-1,2026-06-10,161.60,2,21,false,3
HG_002,FAM,BB,ADL-1,2026-06-11,163.41,2,21,false,3
HG_002,FAM,BB,ADL-1,2026-06-12,161.50,2,21,false,3
HG_002,FAM,BB,ADL-1,2026-06-13,184.85,2,21,false,3
HG_002,FAM,BB,ADL-1,2026-06-14,180.69,2,21,false,3
HG_002,FAM,BB,ADL-1,2026-06-15,173.61,1,21,false,3
HG_002,FAM,BB,ADL-1,2026-06-16,170.08,1,21,false,3
HG_002,FAM,BB,ADL-1,2026-06-17,175.16,1,21,false,3
HG_002,FAM,BB,ADL-1,2026-06-18,174.92,1,21,false,3
HG_002,FAM,BB,ADL-1,2026-06-19,173.99,1,21,false,3
HG_002,FAM,BB,ADL-1,2026-06-20,199.55,1,21,false,3
HG_002,FAM,BB,ADL-1,2026-06-21,198.61,1,21,false,3
HG_002,FAM,BB,ADL-1,2026-06-22,170.40,1,21,false,3
HG_002,FAM,BB,ADL-1,2026-06-23,180.66,1,21,false,3
HG_002,FAM,BB,ADL-1,2026-06-24,180.86,1,21,false,3
HG_002,FAM,BB,ADL-1,2026-06-25,176.28,1,21,false,3
HG_002,FAM,BB,ADL-1,2026-06-26,174.03,1,21,false,3
HG_002,FAM,BB,ADL-1,2026-06-27,190.79,1,21,false,3
HG_002,FAM,BB,ADL-1,2026-06-28,189.41,1,21,false,3
HG_002,FAM,BB,ADL-1,2026-06-29,173.33,1,21,false,3
HG_002,FAM,BB,ADL-2,2026-05-01,146.48,2,21,false,3
HG_002,FAM,BB,ADL-2,2026-05-02,169.22,2,21,false,3
HG_002,FAM,BB,ADL-2,2026-05-03,164.35,2,21,false,3
HG_002,FAM,BB,ADL-2,2026-05-04,142.62,2,21,false,3
HG_002,FAM,BB,ADL-2,2026-05-05,147.52,2,21,false,3
HG_002,FAM,BB,ADL-2,2026-05-06,147.19,2,21,false,3
HG_002,FAM,BB,ADL-2,2026-05-07,148.37,2,21,false,3
HG_002,FAM,BB,ADL-2,2026-05-08,147.22,2,21,false,3
HG_002,FAM,BB,ADL-2,2026-05-09,161.11,2,21,false,3
HG_002,FAM,BB,ADL-2,2026-05-10,170.07,2,21,false,3
HG_002,FAM,BB,ADL-2,2026-05-11,143.85,2,21,false,3
HG_002,FAM,BB,ADL-2,2026-05-12,146.20,2,21,false,3
HG_002,FAM,BB,ADL-2,2026-05-13,142.86,2,21,false,3
HG_002,FAM,BB,ADL-2,2026-05-14,147.31,2,21,false,3
HG_002,FAM,BB,ADL-2,2026-05-15,146.28,2,21,false,3
HG_002,FAM,BB,ADL-2,2026-05-16,169.99,1,21,false,3
HG_002,FAM,BB,ADL-2,2026-05-17,171.33,1,21,false,3
HG_002,FAM,BB,ADL-2,2026-05-18,156.47,1,21,false,3
HG_002,FAM,BB,ADL-2,2026-05-19,157.66,1,21,false,3
HG_002,FAM,BB,ADL-2,2026-05-20,151.46,1,21,false,3
HG_002,FAM,BB,ADL-2,2026-05-21,149.61,1,21,false,3
HG_002,FAM,BB,ADL-2,2026-05-22,154.36,1,21,false,3
HG_002,FAM,BB,ADL-2,2026-05-23,173.77,1,21,false,3
HG_002,FAM,BB,ADL-2,2026-05-24,178.81,1,21,false,3
HG_002,FAM,BB,ADL-2,2026-05-25,157.22,1,21,false,3
HG_002,FAM,BB,ADL-2,2026-05-26,153.56,1,21,false,3
HG_002,FAM,BB,ADL-2,2026-05-27,160.29,1,21,false,3
HG_002,FAM,BB,ADL-2,2026-05-28,158.03,1,21,false,3
HG_002,FAM,BB,ADL-2,2026-05-29,152.21,1,21,false,3
HG_002,FAM,BB,ADL-2,2026-05-30,176.98,1,21,false,3
HG_002,FAM,BB,ADL-2,2026-05-31,189.60,2,21,false,3
HG_002,FAM,BB,ADL-2,2026-06-01,166.72,2,21,false,3
HG_002,FAM,BB,ADL-2,2026-06-02,165.70,2,21,false,3
HG_002,FAM,BB,ADL-2,2026-06-03,159.42,2,21,false,3
HG_002,FAM,BB,ADL-2,2026-06-04,167.35,2,21,false,3
HG_002,FAM,BB,ADL-2,2026-06-05,169.52,2,21,false,3
HG_002,FAM,BB,ADL-2,2026-06-06,185.17,2,21,false,3
HG_002,FAM,BB,ADL-2,2026-06-07,186.13,2,21,false,3
HG_002,FAM,BB,ADL-2,2026-06-08,170.48,2,21,false,3
HG_002,FAM,BB,ADL-2,2026-06-09,160.23,2,21,false,3
HG_002,FAM,BB,ADL-2,2026-06-10,162.35,2,21,false,3
HG_002,FAM,BB,ADL-2,2026-06-11,168.86,2,21,false,3
HG_002,FAM,BB,ADL-2,2026-06-12,167.45,2,21,false,3
HG_002,FAM,BB,ADL-2,2026-06-13,180.59,2,21,false,3
HG_002,FAM,BB,ADL-2,2026-06-14,189.48,2,21,false,3
HG_002,FAM,BB,ADL-2,2026-06-15,179.08,1,21,false,3
HG_002,FAM,BB,ADL-2,2026-06-16,174.27,1,21,false,3
HG_002,FAM,BB,ADL-2,2026-06-17,178.58,1,21,false,3
HG_002,FAM,BB,ADL-2,2026-06-18,173.32,1,21,false,3
HG_002,FAM,BB,ADL-2,2026-06-19,169.58,1,21,false,3
HG_002,FAM,BB,ADL-2,2026-06-20,193.52,1,21,false,3
HG_002,FAM,BB,ADL-2,2026-06-21,192.87,1,21,false,3
HG_002,FAM,BB,ADL-2,2026-06-22,173.80,1,21,false,3
HG_002,FAM,BB,ADL-2,2026-06-23,171.20,1,21,false,3
HG_002,FAM,BB,ADL-2,2026-06-24,169.84,1,21,false,3
HG_002,FAM,BB,ADL-2,2026-06-25,176.38,1,21,false,3
HG_002,FAM,BB,ADL-2,2026-06-26,178.18,1,21,false,3
HG_002,FAM,BB,ADL-2,2026-06-27,193.46,1,21,false,3
HG_002,FAM,BB,ADL-2,2026-06-28,200.38,1,21,false,3
HG_002,FAM,BB,ADL-2,2026-06-29,178.84,1,21,false,3
HG_003,DBL,RO,ADL-1,2026-05-01,88.37,3,21,false,4
HG_003,DBL,RO,ADL-1,2026-05-02,112.47,3,21,false,4
HG_003,DBL,RO,ADL-1,2026-05-03,113.64,3,21,false,4
HG_003,DBL,RO,ADL-1,2026-05-04,88.89,3,21,false,4
HG_003,DBL,RO,ADL-1,2026-05-05,90.40,3,21,false,4
HG_003,DBL,RO,ADL-1,2026-05-06,89.23,3,21,false,4
HG_003,DBL,RO,ADL-1,2026-05-07,92.04,3,21,false,4
HG_003,DBL,RO,ADL-1,2026-05-08,93.27,3,21,false,4
HG_003,DBL,RO,ADL-1,2026-05-09,108.32,3,21,false,4
HG_003,DBL,RO,ADL-1,2026-05-10,105.84,3,21,false,4
HG_003,DBL,RO,ADL-1,2026-05-11,93.17,3,21,false,4
HG_003,DBL,RO,ADL-1,2026-05-12,88.63,3,21,false,4
HG_003,DBL,RO,ADL-1,2026-05-13,86.65,3,21,false,4
HG_003,DBL,RO,ADL-1,2026-05-14,86.00,3,21,false,4
HG_003,DBL,RO,ADL-1,2026-05-15,91.31,3,21,false,4
HG_003,DBL,RO,ADL-1,2026-05-16,114.90,1,21,false,4
HG_003,DBL,RO,ADL-1,2026-05-17,124.84,1,21,false,4
HG_003,DBL,RO,ADL-1,2026-05-18,96.58,1,21,false,4
HG_003,DBL,RO,ADL-1,2026-05-19,99.16,1,21,false,4
HG_003,DBL,RO,ADL-1,2026-05-20,103.86,1,21,false,4
HG_003,DBL,RO,ADL-1,2026-05-21,98.49,1,21,false,4
HG_003,DBL,RO,ADL-1,2026-05-22,99.66,1,21,false,4
HG_003,DBL,RO,ADL-1,2026-05-23,118.90,1,21,false,4
HG_003,DBL,RO,ADL-1,2026-05-24,123.29,1,21,false,4
HG_003,DBL,RO,ADL-1,2026-05-25,95.58,1,21,false,4
HG_003,DBL,RO,ADL-1,2026-05-26,101.23,1,21,false,4
HG_003,DBL,RO,ADL-1,2026-05-27,96.47,1,21,false,4
HG_003,DBL,RO,ADL-1,2026-05-28,97.14,1,21,false,4
HG_003,DBL,RO,ADL-1,2026-05-29,96.58,1,21,false,4
HG_003,DBL,RO,ADL-1,2026-05-30,122.21,1,21,false,4
HG_003,DBL,RO,ADL-1,2026-05-31,125.75,3,21,false,4
HG_003,DBL,RO,ADL-1,2026-06-01,106.77,3,21,false,4
HG_003,DBL,RO,ADL-1,2026-06-02,114.37,3,21,false,4
HG_003,DBL,RO,ADL-1,2026-06-03,105.30,3,21,false,4
HG_003,DBL,RO,ADL-1,2026-06-04,106.14,3,21,false,4
HG_003,DBL,RO,ADL-1,2026-06-05,109.85,3,21,false,4
HG_003,DBL,RO,ADL-1,2026-06-06,134.25,3,21,false,4
HG_003,DBL,RO,ADL-1,2026-06-07,126.61,3,21,false,4
HG_003,DBL,RO,ADL-1,2026-06-08,110.80,3,21,false,4
HG_003,DBL,RO,ADL-1,2026-06-09,107.90,3,21,false,4
HG_003,DBL,RO,ADL-1,2026-06-10,111.58,3,21,false,4
HG_003,DBL,RO,ADL-1,2026-06-11,105.46,3,21,false,4
HG_003,DBL,RO,ADL-1,2026-06-12,105.10,3,21,false,4
HG_003,DBL,RO,ADL-1,2026-06-13,134.30,3,21,false,4
HG_003,DBL,RO,ADL-1,2026-06-14,130.34,3,21,false,4
HG_003,DBL,RO,ADL-1,2026-06-15,122.45,1,21,false,4
HG_003,DBL,RO,ADL-1,2026-06-16,117.85,1,21,false,4
HG_003,DBL,RO,ADL-1,2026-06-17,116.97,1,21,false,4
HG_003,DBL,RO,ADL-1,2026-06-18,115.37,1,21,false,4
HG_003,DBL,RO,ADL-1,2026-06-19,116.54,1,21,false,4
HG_003,DBL,RO,ADL-1,2026-06-20,134.18,1,21,false,4
HG_003,DBL,RO,ADL-1,2026-06-21,140.25,1,21,false,4
HG_003,DBL,RO,ADL-1,2026-06-22,123.07,1,21,false,4
HG_003,DBL,RO,ADL-1,2026-06-23,119.47,1,21,false,4
HG_003,DBL,RO,ADL-1,2026-06-24,120.44,1,21,false,4
HG_003,DBL,RO,ADL-1,2026-06-25,117.72,1,21,false,4
HG_003,DBL,RO,ADL-1,2026-06-26,115.92,1,21,false,4
HG_003,DBL,RO,ADL-1,2026-06-27,136.05,1,21,false,4
HG_003,DBL,RO,ADL-1,2026-06-28,133.93,1,21,false,4
HG_003,DBL,RO,ADL-1,2026-06-29,118.27,1,21,false,4
HG_003,DBL,BB,ADL-1,2026-05-01,105.34,3,21,false,4
HG_003,DBL,BB,ADL-1,2026-05-02,126.01,3,21,false,4
HG_003,DBL,BB,ADL-1,2026-05-03,126.60,3,21,false,4
HG_003,DBL,BB,ADL-1,2026-05-04,107.13,3,21,false,4
HG_003,DBL,BB,ADL-1,2026-05-05,104.15,3,21,false,4
HG_003,DBL,BB,ADL-1,2026-05-06,106.22,3,21,false,4
HG_003,DBL,BB,ADL-1,2026-05-07,104.44,3,21,false,4
HG_003,DBL,BB,ADL-1,2026-05-08,107.42,3,21,false,4
HG_003,DBL,BB,ADL-1,2026-05-09,119.50,3,21,false,4
HG_003,DBL,BB,ADL-1,2026-05-10,119.64,3,21,false,4
HG_003,DBL,BB,ADL-1,2026-05-11,107.31,3,21,false,4
HG_003,DBL,BB,ADL-1,2026-05-12,101.37,3,21,false,4
HG_003,DBL,BB,ADL-1,2026-05-13,102.79,3,21,false,4
HG_003,DBL,BB,ADL-1,2026-05-14,107.55,3,21,false,4
HG_003,DBL,BB,ADL-1,2026-05-15,101.83,3,21,false,4
HG_003,DBL,BB,ADL-1,2026-05-16,140.89,1,21,false,4
HG_003,DBL,BB,ADL-1,2026-05-17,136.57,1,21,false,4
HG_003,DBL,BB,ADL-1,2026-05-18,111.01,1,21,false,4
HG_003,DBL,BB,ADL-1,2026-05-19,110.45,1,21,false,4
HG_003,DBL,BB,ADL-1,2026-05-20,119.08,1,21,false,4
HG_003,DBL,BB,ADL-1,2026-05-21,118.05,1,21,false,4
HG_003,DBL,BB,ADL-1,2026-05-22,114.35,1,21,false,4
HG_003,DBL,BB,ADL-1,2026-05-23,130.73,1,21,false,4
HG_003,DBL,BB,ADL-1,2026-05-24,133.07,1,21,false,4
HG_003,DBL,BB,ADL-1,2026-05-25,119.13,1,21,false,4
HG_003,DBL,BB,ADL-1,2026-05-26,110.37,1,21,false,4
HG_003,DBL,BB,ADL-1,2026-05-27,110.78,1,21,false,4
HG_003,DBL,BB,ADL-1,2026-05-28,111.97,1,21,false,4
HG_003,DBL,BB,ADL-1,2026-05-29,115.18,1,21,false,4
HG_003,DBL,BB,ADL-1,2026-05-30,141.03,1,21,false,4
HG_003,DBL,BB,ADL-1,2026-05-31,149.48,3,21,false,4
HG_003,DBL,BB,ADL-1,2026-06-01,124.15,3,21,false,4
HG_003,DBL,BB,ADL-1,2026-06-02,128.69,3,21,false,4
HG_003,DBL,BB,ADL-1,2026-06-03,121.00,3,21,false,4
HG_003,DBL,BB,ADL-1,2026-06-04,130.21,3,21,false,4
HG_003,DBL,BB,ADL-1,2026-06-05,119.84,3,21,false,4
HG_003,DBL,BB,ADL-1,2026-06-06,147.34,3,21,false,4
HG_003,DBL,BB,ADL-1,2026-06-07,139.73,3,21,false,4
HG_003,DBL,BB,ADL-1,2026-06-08,121.32,3,21,false,4
HG_003,DBL,BB,ADL-1,2026-06-09,128.92,3,21,false,4
HG_003,DBL,BB,ADL-1,2026-06-10,120.80,3,21,false,4
HG_003,DBL,BB,ADL-1,2026-06-11,119.59,3,21,false,4
HG_003,DBL,BB,ADL-1,2026-06-12,125.74,3,21,false,4
HG_003,DBL,BB,ADL-1,2026-06-13,141.15,3,21,false,4
HG_003,DBL,BB,ADL-1,2026-06-14,138.68,3,21,false,4
HG_003,DBL,BB,ADL-1,2026-06-15,130.79,1,21,false,4
HG_003,DBL,BB,ADL-1,2026-06-16,137.61,1,21,false,4
HG_003,DBL,BB,ADL-1,2026-06-17,135.82,1,21,false,4
HG_003,DBL,BB,ADL-1,2026-06-18,133.98,1,21,false,4
HG_003,DBL,BB,ADL-1,2026-06-19,135.64,1,21,false,4
HG_003,DBL,BB,ADL-1,2026-06-20,154.24,1,21,false,4
HG_003,DBL,BB,ADL-1,2026-06-21,153.68,1,21,false,4
HG_003,DBL,BB,ADL-1,2026-06-22,129.60,1,21,false,4
HG_003,DBL,BB,ADL-1,2026-06-23,132.68,1,21,false,4
HG_003,DBL,BB,ADL-1,2026-06-24,130.58,1,21,false,4
HG_003,DBL,BB,ADL-1,2026-06-25,134.74,1,21,false,4
HG_003,DBL,BB,ADL-1,2026-06-26,140.18,1,21,false,4
HG_003,DBL,BB,ADL-1,2026-06-27,160.68,1,21,false,4
HG_003,DBL,BB,ADL-1,2026-06-28,161.68,1,21,false,4
HG_003,DBL,BB,ADL-1,2026-06-29,136.72,1,21,false,4
HG_003,DBL,HB,ADL-1,2026-05-01,116.84,3,21,false,4
HG_003,DBL,HB,ADL-1,2026-05-02,142.68,3,21,false,4
HG_003,DBL,HB,ADL-1,2026-05-03,136.46,3,21,false,4
HG_003,DBL,HB,ADL-1,2026-05-04,120.49,3,21,false,4
HG_003,DBL,HB,ADL-1,2026-05-05,120.14,3,21,false,4
HG_003,DBL,HB,ADL-1,2026-05-06,119.28,3,21,false,4
HG_003,DBL,HB,ADL-1,2026-05-07,119.10,3,21,false,4
HG_003,DBL,HB,ADL-1,2026-05-08,117.09,3,21,false,4
HG_003,DBL,HB,ADL-1,2026-05-09,141.33,3,21,false,4
HG_003,DBL,HB,ADL-1,2026-05-10,134.91,3,21,false,4
HG_003,DBL,HB,ADL-1,2026-05-11,118.62,3,21,false,4
HG_003,DBL,HB,ADL-1,2026-05-12,119.66,3,21,false,4
HG_003,DBL,HB,ADL-1,2026-05-13,114.79,3,21,false,4
HG_003,DBL,HB,ADL-1,2026-05-14,121.36,3,21,false,4
HG_003,DBL,HB,ADL-1,2026-05-15,121.15,3,21,false,4
HG_003,DBL,HB,ADL-1,2026-05-16,147.60,1,21,false,4
HG_003,DBL,HB,ADL-1,2026-05-17,154.68,1,21,false,4
HG_003,DBL,HB,ADL-1,2026-05-18,130.73,1,21,false,4
HG_003,DBL,HB,ADL-1,2026-05-19,135.14,1,21,false,4
HG_003,DBL,HB,ADL-1,2026-05-20,128.78,1,21,false,4
HG_003,DBL,HB,ADL-1,2026-05-21,128.99,1,21,false,4
HG_003,DBL,HB,ADL-1,2026-05-22,134.07,1,21,false,4
HG_003,DBL,HB,ADL-1,2026-05-23,154.99,1,21,false,4
HG_003,DBL,HB,ADL-1,2026-05-24,152.81,1,21,false,4
HG_003,DBL,HB,ADL-1,2026-05-25,130.92,1,21,false,4
HG_003,DBL,HB,ADL-1,2026-05-26,125.96,1,21,false,4
HG_003,DBL,HB,ADL-1,2026-05-27,135.07,1,21,false,4
HG_003,DBL,HB,ADL-1,2026-05-28,131.60,1,21,false,4
HG_003,DBL,HB,ADL-1,2026-05-29,126.45,1,21,false,4
HG_003,DBL,HB,ADL-1,2026-05-30,153.96,1,21,false,4
HG_003,DBL,HB,ADL-1,2026-05-31,154.66,3,21,false,4
HG_003,DBL,HB,ADL-1,2026-06-01,136.37,3,21,false,4
HG_003,DBL,HB,ADL-1,2026-06-02,144.37,3,21,false,4
HG_003,DBL,HB,ADL-1,2026-06-03,139.34,3,21,false,4
HG_003,DBL,HB,ADL-1,2026-06-04,136.43,3,21,false,4
HG_003,DBL,HB,ADL-1,2026-06-05,138.70,3,21,false,4
HG_003,DBL,HB,ADL-1,2026-06-06,162.51,3,21,false,4
HG_003,DBL,HB,ADL-1,2026-06-07,167.12,3,21,false,4
HG_003,DBL,HB,ADL-1,2026-06-08,136.34,3,21,false,4
HG_003,DBL,HB,ADL-1,2026-06-09,141.40,3,21,false,4
HG_003,DBL,HB,ADL-1,2026-06-10,145.78,3,21,false,4
HG_003,DBL,HB,ADL-1,2026-06-11,140.89,3,21,false,4
HG_003,DBL,HB,ADL-1,2026-06-12,143.35,3,21,false,4
HG_003,DBL,HB,ADL-1,2026-06-13,152.87,3,21,false,4
HG_003,DBL,HB,ADL-1,2026-06-14,152.92,3,21,false,4
HG_003,DBL,HB,ADL-1,2026-06-15,151.91,1,21,false,4
HG_003,DBL,HB,ADL-1,2026-06-16,147.13,1,21,false,4
HG_003,DBL,HB,ADL-1,2026-06-17,156.03,1,21,false,4
HG_003,DBL,HB,ADL-1,2026-06-18,148.49,1,21,false,4
HG_003,DBL,HB,ADL-1,2026-06-19,152.75,1,21,false,4
HG_003,DBL,HB,ADL-1,2026-06-20,166.27,1,21,false,4
HG_003,DBL,HB,ADL-1,2026-06-21,168.06,1,21,false,4
HG_003,DBL,HB,ADL-1,2026-06-22,152.94,1,21,false,4
HG_003,DBL,HB,ADL-1,2026-06-23,145.20,1,21,false,4
HG_003,DBL,HB,ADL-1,2026-06-24,147.55,1,21,false,4
HG_003,DBL,HB,ADL-1,2026-06-25,150.47,1,21,false,4
HG_003,DBL,HB,ADL-1,2026-06-26,156.64,1,21,false,4
HG_003,DBL,HB,ADL-1,2026-06-27,163.30,1,21,false,4
HG_003,DBL,HB,ADL-1,2026-06-28,166.26,1,21,false,4
HG_003,DBL,HB,ADL-1,2026-06-29,149.99,1,21,false,4
HG_003,SGL,RO,ADL-1,2026-05-01,118.29,3,21,false,4
HG_003,SGL,RO,ADL-1,2026-05-02,135.53,3,21,false,4
HG_003,SGL,RO,ADL-1,2026-05-03,146.20,3,21,false,4
HG_003,SGL,RO,ADL-1,2026-05-04,124.43,3,21,false,4
HG_003,SGL,RO,ADL-1,2026-05-05,115.17,3,21,false,4
HG_003,SGL,RO,ADL-1,2026-05-06,120.33,3,21,false,4
HG_003,SGL,RO,ADL-1,2026-05-07,122.39,3,21,false,4
HG_003,SGL,RO,ADL-1,2026-05-08,124.38,3,21,false,4
HG_003,SGL,RO,ADL-1,2026-05-09,137.48,3,21,false,4
HG_003,SGL,RO,ADL-1,2026-05-10,140.42,3,21,false,4
HG_003,SGL,RO,ADL-1,2026-05-11,116.96,3,21,false,4
HG_003,SGL,RO,ADL-1,2026-05-12,116.53,3,21,false,4
HG_003,SGL,RO,ADL-1,2026-05-13,117.58,3,21,false,4
HG_003,SGL,RO,ADL-1,2026-05-14,115.51,3,21,false,4
HG_003,SGL,RO,ADL-1,2026-05-15,121.44,3,21,false,4
HG_003,SGL,RO,ADL-1,2026-05-16,156.69,1,21,false,4
HG_003,SGL,RO,ADL-1,2026-05-17,155.92,1,21,false,4
HG_003,SGL,RO,ADL-1,2026-05-18,127.39,1,21,false,4
HG_003,SGL,RO,ADL-1,2026-05-19,131.27,1,21,false,4
HG_003,SGL,RO,ADL-1,2026-05-20,134.27,1,21,false,4
HG_003,SGL,RO,ADL-1,2026-05-21,126.58,1,21,false,4
HG_003,SGL,RO,ADL-1,2026-05-22,126.76,1,21,false,4
HG_003,SGL,RO,ADL-1,2026-05-23,151.23,1,21,false,4
HG_003,SGL,RO,ADL-1,2026-05-24,150.11,1,21,false,4
HG_003,SGL,RO,ADL-1,2026-05-25,130.15,1,21,false,4
HG_003,SGL,RO,ADL-1,2026-05-26,133.10,1,21,false,4
HG_003,SGL,RO,ADL-1,2026-05-27,129.38,1,21,false,4
HG_003,SGL,RO,ADL-1,2026-05-28,127.94,1,21,false,4
HG_003,SGL,RO,ADL-1,2026-05-29,130.87,1,21,false,4
HG_003,SGL,RO,ADL-1,2026-05-30,146.58,1,21,false,4
HG_003,SGL,RO,ADL-1,2026-05-31,164.23,3,21,false,4
HG_003,SGL,RO,ADL-1,2026-06-01,140.69,3,21,false,4
HG_003,SGL,RO,ADL-1,2026-06-02,134.09,3,21,false,4
HG_003,SGL,RO,ADL-1,2026-06-03,134.64,3,21,false,4
HG_003,SGL,RO,ADL-1,2026-06-04,140.30,3,21,false,4
HG_003,SGL,RO,ADL-1,2026-06-05,134.15,3,21,false,4
HG_003,SGL,RO,ADL-1,2026-06-06,160.28,3,21,false,4
HG_003,SGL,RO,ADL-1,2026-06-07,164.11,3,21,false,4
HG_003,SGL,RO,ADL-1,2026-06-08,139.67,3,21,false,4
HG_003,SGL,RO,ADL-1,2026-06-09,138.21,3,21,false,4
HG_003,SGL,RO,ADL-1,2026-06-10,134.17,3,21,false,4
HG_003,SGL,RO,ADL-1,2026-06-11,144.21,3,21,false,4
HG_003,SGL,RO,ADL-1,2026-06-12,136.57,3,21,false,4
HG_003,SGL,RO,ADL-1,2026-06-13,158.96,3,21,false,4
HG_003,SGL,RO,ADL-1,2026-06-14,161.92,3,21,false,4
HG_003,SGL,RO,ADL-1,2026-06-15,150.96,1,21,false,4
HG_003,SGL,RO,ADL-1,2026-06-16,154.39,1,21,false,4
HG_003,SGL,RO,ADL-1,2026-06-17,143.79,1,21,false,4
HG_003,SGL,RO,ADL-1,2026-06-18,143.79,1,21,false,4
HG_003,SGL,RO,ADL-1,2026-06-19,154.63,1,21,false,4
HG_003,SGL,RO,ADL-1,2026-06-20,162.65,1,21,false,4
HG_003,SGL,RO,ADL-1,2026-06-21,169.46,1,21,false,4
HG_003,SGL,RO,ADL-1,2026-06-22,155.89,1,21,false,4
HG_003,SGL,RO,ADL-1,2026-06-23,156.57,1,21,false,4
HG_003,SGL,RO,ADL-1,2026-06-24,150.75,1,21,false,4
HG_003,SGL,RO,ADL-1,2026-06-25,150.82,1,21,false,4
HG_003,SGL,RO,ADL-1,2026-06-26,151.63,1,21,false,4
HG_003,SGL,RO,ADL-1,2026-06-27,167.27,1,21,false,4
HG_003,SGL,RO,ADL-1,2026-06-28,173.79,1,21,false,4
HG_003,SGL,RO,ADL-1,2026-06-29,143.31,1,21,false,4
HG_003,SGL,BB,ADL-1,2026-05-01,136.61,3,21,false,4
HG_003,SGL,BB,ADL-1,2026-05-02,153.28,3,21,false,4
HG_003,SGL,BB,ADL-1,2026-05-03,152.54,3,21,false,4
HG_003,SGL,BB,ADL-1,2026-05-04,130.21,3,21,false,4
HG_003,SGL,BB,ADL-1,2026-05-05,136.09,3,21,false,4
HG_003,SGL,BB,ADL-1,2026-05-06,134.85,3,21,false,4
HG_003,SGL,BB,ADL-1,2026-05-07,129.04,3,21,false,4
HG_003,SGL,BB,ADL-1,2026-05-08,137.57,3,21,false,4
HG_003,SGL,BB,ADL-1,2026-05-09,157.79,3,21,false,4
HG_003,SGL,BB,ADL-1,2026-05-10,160.00,3,21,false,4
HG_003,SGL,BB,ADL-1,2026-05-11,138.41,3,21,false,4
HG_003,SGL,BB,ADL-1,2026-05-12,133.78,3,21,false,4
HG_003,SGL,BB,ADL-1,2026-05-13,132.60,3,21,false,4
HG_003,SGL,BB,ADL-1,2026-05-14,132.68,3,21,false,4
HG_003,SGL,BB,ADL-1,2026-05-15,136.05,3,21,false,4
HG_003,SGL,BB,ADL-1,2026-05-16,158.89,1,21,false,4
HG_003,SGL,BB,ADL-1,2026-05-17,159.25,1,21,false,4
HG_003,SGL,BB,ADL-1,2026-05-18,138.75,1,21,false,4
HG_003,SGL,BB,ADL-1,2026-05-19,141.95,1,21,false,4
HG_003,SGL,BB,ADL-1,2026-05-20,144.39,1,21,false,4
HG_003,SGL,BB,ADL-1,2026-05-21,141.59,1,21,false,4
HG_003,SGL,BB,ADL-1,2026-05-22,138.77,1,21,false,4
HG_003,SGL,BB,ADL-1,2026-05-23,160.76,1,21,false,4
HG_003,SGL,BB,ADL-1,2026-05-24,167.29,1,21,false,4
HG_003,SGL,BB,ADL-1,2026-05-25,147.87,1,21,false,4
HG_003,SGL,BB,ADL-1,2026-05-26,140.22,1,21,false,4
HG_003,SGL,BB,ADL-1,2026-05-27,145.03,1,21,false,4
HG_003,SGL,BB,ADL-1,2026-05-28,140.89,1,21,false,4
HG_003,SGL,BB,ADL-1,2026-05-29,144.27,1,21,false,4
HG_003,SGL,BB,ADL-1,2026-05-30,172.30,1,21,false,4
HG_003,SGL,BB,ADL-1,2026-05-31,170.93,3,21,false,4
HG_003,SGL,BB,ADL-1,2026-06-01,155.52,3,21,false,4
HG_003,SGL,BB,ADL-1,2026-06-02,148.99,3,21,false,4
HG_003,SGL,BB,ADL-1,2026-06-03,150.27,3,21,false,4
HG_003,SGL,BB,ADL-1,2026-06-04,154.44,3,21,false,4
HG_003,SGL,BB,ADL-1,2026-06-05,156.16,3,21,false,4
HG_003,SGL,BB,ADL-1,2026-06-06,167.71,3,21,false,4
HG_003,SGL,BB,ADL-1,2026-06-07,179.01,3,21,false,4
HG_003,SGL,BB,ADL-1,2026-06-08,155.29,3,21,false,4
HG_003,SGL,BB,ADL-1,2026-06-09,152.73,3,21,false,4
HG_003,SGL,BB,ADL-1,2026-06-10,151.66,3,21,false,4
HG_003,SGL,BB,ADL-1,2026-06-11,159.24,3,21,false,4
HG_003,SGL,BB,ADL-1,2026-06-12,161.45,3,21,false,4
HG_003,SGL,BB,ADL-1,2026-06-13,182.85,3,21,false,4
HG_003,SGL,BB,ADL-1,2026-06-14,173.18,3,21,false,4
HG_003,SGL,BB,ADL-1,2026-06-15,160.92,1,21,false,4
HG_003,SGL,BB,ADL-1,2026-06-16,161.60,1,21,false,4
HG_003,SGL,BB,ADL-1,2026-06-17,169.63,1,21,false,4
HG_003,SGL,BB,ADL-1,2026-06-18,161.82,1,21,false,4
HG_003,SGL,BB,ADL-1,2026-06-19,160.86,1,21,false,4
HG_003,SGL,BB,ADL-1,2026-06-20,187.14,1,21,false,4
HG_003,SGL,BB,ADL-1,2026-06-21,186.75,1,21,false,4
HG_003,SGL,BB,ADL-1,2026-06-22,170.46,1,21,false,4
HG_003,SGL,BB,ADL-1,2026-06-23,167.51,1,21,false,4
HG_003,SGL,BB,ADL-1,2026-06-24,171.64,1,21,false,4
HG_003,SGL,BB,ADL-1,2026-06-25,162.21,1,21,false,4
HG_003,SGL,BB,ADL-1,2026-06-26,169.76,1,21,false,4
HG_003,SGL,BB,ADL-1,2026-06-27,190.47,1,21,false,4
HG_003,SGL,BB,ADL-1,2026-06-28,184.41,1,21,false,4
HG_003,SGL,BB,ADL-1,2026-06-29,167.37,1,21,false,4
HG_003,SGL,HB,ADL-1,2026-05-01,148.65,3,21,false,4
HG_003,SGL,HB,ADL-1,2026-05-02,164.44,3,21,false,4
HG_003,SGL,HB,ADL-1,2026-05-03,165.14,3,21,false,4
HG_003,SGL,HB,ADL-1,2026-05-04,144.07,3,21,false,4
HG_003,SGL,HB,ADL-1,2026-05-05,143.84,3,21,false,4
HG_003,SGL,HB,ADL-1,2026-05-06,147.27,3,21,false,4
HG_003,SGL,HB,ADL-1,2026-05-07,147.01,3,21,false,4
HG_003,SGL,HB,ADL-1,2026-05-08,149.88,3,21,false,4
HG_003,SGL,HB,ADL-1,2026-05-09,162.48,3,21,false,4
HG_003,SGL,HB,ADL-1,2026-05-10,172.19,3,21,false,4
HG_003,SGL,HB,ADL-1,2026-05-11,148.91,3,21,false,4
HG_003,SGL,HB,ADL-1,2026-05-12,145.63,3,21,false,4
HG_003,SGL,HB,ADL-1,2026-05-13,145.54,3,21,false,4
HG_003,SGL,HB,ADL-1,2026-05-14,146.11,3,21,false,4
HG_003,SGL,HB,ADL-1,2026-05-15,152.32,3,21,false,4
HG_003,SGL,HB,ADL-1,2026-05-16,184.61,1,21,false,4
HG_003,SGL,HB,ADL-1,2026-05-17,177.12,1,21,false,4
HG_003,SGL,HB,ADL-1,2026-05-18,166.86,1,21,false,4
HG_003,SGL,HB,ADL-1,2026-05-19,156.79,1,21,false,4
HG_003,SGL,HB,ADL-1,2026-05-20,155.94,1,21,false,4
HG_003,SGL,HB,ADL-1,2026-05-21,155.50,1,21,false,4
HG_003,SGL,HB,ADL-1,2026-05-22,156.68,1,21,false,4
HG_003,SGL,HB,ADL-1,2026-05-23,184.50,1,21,false,4
HG_003,SGL,HB,ADL-1,2026-05-24,180.52,1,21,false,4
HG_003,SGL,HB,ADL-1,2026-05-25,155.27,1,21,false,4
HG_003,SGL,HB,ADL-1,2026-05-26,166.87,1,21,false,4
HG_003,SGL,HB,ADL-1,2026-05-27,159.24,1,21,false,4
HG_003,SGL,HB,ADL-1,2026-05-28,165.87,1,21,false,4
HG_003,SGL,HB,ADL-1,2026-05-29,165.68,1,21,false,4
HG_003,SGL,HB,ADL-1,2026-05-30,174.97,1,21,false,4
HG_003,SGL,HB,ADL-1,2026-05-31,188.25,3,21,false,4
HG_003,SGL,HB,ADL-1,2026-06-01,171.56,3,21,false,4
HG_003,SGL,HB,ADL-1,2026-06-02,176.36,3,21,false,4
HG_003,SGL,HB,ADL-1,2026-06-03,176.91,3,21,false,4
HG_003,SGL,HB,ADL-1,2026-06-04,166.95,3,21,false,4
HG_003,SGL,HB,ADL-1,2026-06-05,175.83,3,21,false,4
HG_003,SGL,HB,ADL-1,2026-06-06,191.79,3,21,false,4
HG_003,SGL,HB,ADL-1,2026-06-07,193.32,3,21,false,4
HG_003,SGL,HB,ADL-1,2026-06-08,174.71,3,21,false,4
HG_003,SGL,HB,ADL-1,2026-06-09,170.57,3,21,false,4
HG_003,SGL,HB,ADL-1,2026-06-10,170.97,3,21,false,4
HG_003,SGL,HB,ADL-1,2026-06-11,167.84,3,21,false,4
HG_003,SGL,HB,ADL-1,2026-06-12,170.22,3,21,false,4
HG_003,SGL,HB,ADL-1,2026-06-13,197.87,3,21,false,4
HG_003,SGL,HB,ADL-1,2026-06-14,183.24,3,21,false,4
HG_003,SGL,HB,ADL-1,2026-06-15,187.69,1,21,false,4
HG_003,SGL,HB,ADL-1,2026-06-16,183.75,1,21,false,4
HG_003,SGL,HB,ADL-1,2026-06-17,175.45,1,21,false,4
HG_003,SGL,HB,ADL-1,2026-06-18,173.08,1,21,false,4
HG_003,SGL,HB,ADL-1,2026-06-19,176.26,1,21,false,4
HG_003,SGL,HB,ADL-1,2026-06-20,193.86,1,21,false,4
HG_003,SGL,HB,ADL-1,2026-06-21,191.71,1,21,false,4
HG_003,SGL,HB,ADL-1,2026-06-22,182.81,1,21,false,4
HG_003,SGL,HB,ADL-1,2026-06-23,181.10,1,21,false,4
HG_003,SGL,HB,ADL-1,2026-06-24,183.50,1,21,false,4
HG_003,SGL,HB,ADL-1,2026-06-25,181.69,1,21,false,4
HG_003,SGL,HB,ADL-1,2026-06-26,184.57,1,21,false,4
HG_003,SGL,HB,ADL-1,2026-06-27,195.81,1,21,false,4
HG_003,SGL,HB,ADL-1,2026-06-28,197.87,1,21,false,4
HG_003,SGL,HB,ADL-1,2026-06-29,185.75,1,21,false,4
HG_003,FAM,RO,ADL-1,2026-05-01,152.60,3,21,false,4
HG_003,FAM,RO,ADL-1,2026-05-02,167.64,3,21,false,4
HG_003,FAM,RO,ADL-1,2026-05-03,167.16,3,21,false,4
HG_003,FAM,RO,ADL-1,2026-05-04,147.22,3,21,false,4
HG_003,FAM,RO,ADL-1,2026-05-05,150.42,3,21,false,4
HG_003,FAM,RO,ADL-1,2026-05-06,144.22,3,21,false,4
HG_003,FAM,RO,ADL-1,2026-05-07,152.57,3,21,false,4
HG_003,FAM,RO,ADL-1,2026-05-08,150.64,3,21,false,4
HG_003,FAM,RO,ADL-1,2026-05-09,167.53,3,21,false,4
HG_003,FAM,RO,ADL-1,2026-05-10,171.88,3,21,false,4
HG_003,FAM,RO,ADL-1,2026-05-11,144.43,3,21,false,4
HG_003,FAM,RO,ADL-1,2026-05-12,144.04,3,21,false,4
HG_003,FAM,RO,ADL-1,2026-05-13,143.58,3,21,false,4
HG_003,FAM,RO,ADL-1,2026-05-14,148.96,3,21,false,4
HG_003,FAM,RO,ADL-1,2026-05-15,151.55,3,21,false,4
HG_003,FAM,RO,ADL-1,2026-05-16,174.93,1,21,false,4
HG_003,FAM,RO,ADL-1,2026-05-17,182.77,1,21,false,4
HG_003,FAM,RO,ADL-1,2026-05-18,154.92,1,21,false,4
HG_003,FAM,RO,ADL-1,2026-05-19,160.23,1,21,false,4
HG_003,FAM,RO,ADL-1,2026-05-20,157.16,1,21,false,4
HG_003,FAM,RO,ADL-1,2026-05-21,165.45,1,21,false,4
HG_003,FAM,RO,ADL-1,2026-05-22,158.55,1,21,false,4
HG_003,FAM,RO,ADL-1,2026-05-23,178.28,1,21,false,4
HG_003,FAM,RO,ADL-1,2026-05-24,181.86,1,21,false,4
HG_003,FAM,RO,ADL-1,2026-05-25,163.12,1,21,false,4
HG_003,FAM,RO,ADL-1,2026-05-26,161.00,1,21,false,4
HG_003,FAM,RO,ADL-1,2026-05-27,153.08,1,21,false,4
HG_003,FAM,RO,ADL-1,2026-05-28,158.70,1,21,false,4
HG_003,FAM,RO,ADL-1,2026-05-29,156.55,1,21,false,4
HG_003,FAM,RO,ADL-1,2026-05-30,179.06,1,21,false,4
HG_003,FAM,RO,ADL-1,2026-05-31,197.38,3,21,false,4
HG_003,FAM,RO,ADL-1,2026-06-01,169.60,3,21,false,4
HG_003,FAM,RO,ADL-1,2026-06-02,172.78,3,21,false,4
HG_003,FAM,RO,ADL-1,2026-06-03,173.96,3,21,false,4
HG_003,FAM,RO,ADL-1,2026-06-04,176.09,3,21,false,4
HG_003,FAM,RO,ADL-1,2026-06-05,173.52,3,21,false,4
HG_003,FAM,RO,ADL-1,2026-06-06,196.85,3,21,false,4
HG_003,FAM,RO,ADL-1,2026-06-07,196.32,3,21,false,4
HG_003,FAM,RO,ADL-1,2026-06-08,167.36,3,21,false,4
HG_003,FAM,RO,ADL-1,2026-06-09,168.44,3,21,false,4
HG_003,FAM,RO,ADL-1,2026-06-10,162.96,3,21,false,4
HG_003,FAM,RO,ADL-1,2026-06-11,169.57,3,21,false,4
HG_003,FAM,RO,ADL-1,2026-06-12,164.98,3,21,false,4
HG_003,FAM,RO,ADL-1,2026-06-13,196.69,3,21,false,4
HG_003,FAM,RO,ADL-1,2026-06-14,183.69,3,21,false,4
HG_003,FAM,RO,ADL-1,2026-06-15,183.47,1,21,false,4
HG_003,FAM,RO,ADL-1,2026-06-16,183.68,1,21,false,4
HG_003,FAM,RO,ADL-1,2026-06-17,184.89,1,21,false,4
HG_003,FAM,RO,ADL-1,2026-06-18,174.16,1,21,false,4
HG_003,FAM,RO,ADL-1,2026-06-19,177.41,1,21,false,4
HG_003,FAM,RO,ADL-1,2026-06-20,208.65,1,21,false,4
HG_003,FAM,RO,ADL-1,2026-06-21,198.94,1,21,false,4
HG_003,FAM,RO,ADL-1,2026-06-22,183.97,1,21,false,4
HG_003,FAM,RO,ADL-1,2026-06-23,184.67,1,21,false,4
HG_003,FAM,RO,ADL-1,2026-06-24,174.37,1,21,false,4
HG_003,FAM,RO,ADL-1,2026-06-25,178.39,1,21,false,4
HG_003,FAM,RO,ADL-1,2026-06-26,182.22,1,21,false,4
HG_003,FAM,RO,ADL-1,2026-06-27,191.37,1,21,false,4
HG_003,FAM,RO,ADL-1,2026-06-28,191.15,1,21,false,4
HG_003,FAM,RO,ADL-1,2026-06-29,183.47,1,21,false,4
HG_003,FAM,BB,ADL-1,2026-05-01,165.46,3,21,false,4
HG_003,FAM,BB,ADL-1,2026-05-02,187.44,3,21,false,4
HG_003,FAM,BB,ADL-1,2026-05-03,183.92,3,21,false,4
HG_003,FAM,BB,ADL-1,2026-05-04,159.08,3,21,false,4
HG_003,FAM,BB,ADL-1,2026-05-05,165.79,3,21,false,4
HG_003,FAM,BB,ADL-1,2026-05-06,160.77,3,21,false,4
HG_003,FAM,BB,ADL-1,2026-05-07,164.99,3,21,false,4
HG_003,FAM,BB,ADL-1,2026-05-08,164.28,3,21,false,4
HG_003,FAM,BB,ADL-1,2026-05-09,183.91,3,21,false,4
HG_003,FAM,BB,ADL-1,2026-05-10,187.96,3,21,false,4
HG_003,FAM,BB,ADL-1,2026-05-11,169.96,3,21,false,4
HG_003,FAM,BB,ADL-1,2026-05-12,165.68,3,21,false,4
HG_003,FAM,BB,ADL-1,2026-05-13,168.47,3,21,false,4
HG_003,FAM,BB,ADL-1,2026-05-14,171.05,3,21,false,4
HG_003,FAM,BB,ADL-1,2026-05-15,161.28,3,21,false,4
HG_003,FAM,BB,ADL-1,2026-05-16,197.06,1,21,false,4
HG_003,FAM,BB,ADL-1,2026-05-17,200.39,1,21,false,4
HG_003,FAM,BB,ADL-1,2026-05-18,182.55,1,21,false,4
HG_003,FAM,BB,ADL-1,2026-05-19,177.81,1,21,false,4
HG_003,FAM,BB,ADL-1,2026-05-20,178.75,1,21,false,4
HG_003,FAM,BB,ADL-1,2026-05-21,179.64,1,21,false,4
HG_003,FAM,BB,ADL-1,2026-05-22,181.86,1,21,false,4
HG_003,FAM,BB,ADL-1,2026-05-23,201.46,1,21,false,4
HG_003,FAM,BB,ADL-1,2026-05-24,203.36,1,21,false,4
HG_003,FAM,BB,ADL-1,2026-05-25,180.31,1,21,false,4
HG_003,FAM,BB,ADL-1,2026-05-26,168.35,1,21,false,4
HG_003,FAM,BB,ADL-1,2026-05-27,178.98,1,21,false,4
HG_003,FAM,BB,ADL-1,2026-05-28,170.18,1,21,false,4
HG_003,FAM,BB,ADL-1,2026-05-29,180.40,1,21,false,4
HG_003,FAM,BB,ADL-1,2026-05-30,197.63,1,21,false,4
HG_003,FAM,BB,ADL-1,2026-05-31,203.71,3,21,false,4
HG_003,FAM,BB,ADL-1,2026-06-01,185.03,3,21,false,4
HG_003,FAM,BB,ADL-1,2026-06-02,180.48,3,21,false,4
HG_003,FAM,BB,ADL-1,2026-06-03,182.52,3,21,false,4
HG_003,FAM,BB,ADL-1,2026-06-04,178.63,3,21,false,4
HG_003,FAM,BB,ADL-1,2026-06-05,178.79,3,21,false,4
HG_003,FAM,BB,ADL-1,2026-06-06,206.46,3,21,false,4
HG_003,FAM,BB,ADL-1,2026-06-07,196.39,3,21,false,4
HG_003,FAM,BB,ADL-1,2026-06-08,193.30,3,21,false,4
HG_003,FAM,BB,ADL-1,2026-06-09,188.48,3,21,false,4
HG_003,FAM,BB,ADL-1,2026-06-10,192.34,3,21,false,4
HG_003,FAM,BB,ADL-1,2026-06-11,184.67,3,21,false,4
HG_003,FAM,BB,ADL-1,2026-06-12,181.66,3,21,false,4
HG_003,FAM,BB,ADL-1,2026-06-13,204.60,3,21,false,4
HG_003,FAM,BB,ADL-1,2026-06-14,210.24,3,21,false,4
HG_003,FAM,BB,ADL-1,2026-06-15,187.23,1,21,false,4
HG_003,FAM,BB,ADL-1,2026-06-16,190.62,1,21,false,4
HG_003,FAM,BB,ADL-1,2026-06-17,199.31,1,21,false,4
HG_003,FAM,BB,ADL-1,2026-06-18,187.55,1,21,false,4
HG_003,FAM,BB,ADL-1,2026-06-19,202.34,1,21,false,4
HG_003,FAM,BB,ADL-1,2026-06-20,213.90,1,21,false,4
HG_003,FAM,BB,ADL-1,2026-06-21,218.34,1,21,false,4
HG_003,FAM,BB,ADL-1,2026-06-22,201.75,1,21,false,4
HG_003,FAM,BB,ADL-1,2026-06-23,189.31,1,21,false,4
HG_003,FAM,BB,ADL-1,2026-06-24,201.73,1,21,false,4
HG_003,FAM,BB,ADL-1,2026-06-25,197.44,1,21,false,4
HG_003,FAM,BB,ADL-1,2026-06-26,201.46,1,21,false,4
HG_003,FAM,BB,ADL-1,2026-06-27,223.30,1,21,false,4
HG_003,FAM,BB,ADL-1,2026-06-28,212.24,1,21,false,4
HG_003,FAM,BB,ADL-1,2026-06-29,188.75,1,21,false,4
HG_003,FAM,HB,ADL-1,2026-05-01,172.62,3,21,false,4
HG_003,FAM,HB,ADL-1,2026-05-02,191.03,3,21,false,4
HG_003,FAM,HB,ADL-1,2026-05-03,206.50,3,21,false,4
HG_003,FAM,HB,ADL-1,2026-05-04,183.77,3,21,false,4
HG_003,FAM,HB,ADL-1,2026-05-05,186.33,3,21,false,4
HG_003,FAM,HB,ADL-1,2026-05-06,174.77,3,21,false,4
HG_003,FAM,HB,ADL-1,2026-05-07,175.46,3,21,false,4
HG_003,FAM,HB,ADL-1,2026-05-08,175.47,3,21,false,4
HG_003,FAM,HB,ADL-1,2026-05-09,193.13,3,21,false,4
HG_003,FAM,HB,ADL-1,2026-05-10,206.76,3,21,false,4
HG_003,FAM,HB,ADL-1,2026-05-11,187.30,3,21,false,4
HG_003,FAM,HB,ADL-1,2026-05-12,175.53,3,21,false,4
HG_003,FAM,HB,ADL-1,2026-05-13,177.59,3,21,false,4
HG_003,FAM,HB,ADL-1,2026-05-14,174.30,3,21,false,4
HG_003,FAM,HB,ADL-1,2026-05-15,175.53,3,21,false,4
HG_003,FAM,HB,ADL-1,2026-05-16,204.13,1,21,false,4
HG_003,FAM,HB,ADL-1,2026-05-17,216.72,1,21,false,4
HG_003,FAM,HB,ADL-1,2026-05-18,195.79,1,21,false,4
HG_003,FAM,HB,ADL-1,2026-05-19,194.66,1,21,false,4
HG_003,FAM,HB,ADL-1,2026-05-20,197.08,1,21,false,4
HG_003,FAM,HB,ADL-1,2026-05-21,194.79,1,21,false,4
HG_003,FAM,HB,ADL-1,2026-05-22,185.01,1,21,false,4
HG_003,FAM,HB,ADL-1,2026-05-23,208.08,1,21,false,4
HG_003,FAM,HB,ADL-1,2026-05-24,202.00,1,21,false,4
HG_003,FAM,HB,ADL-1,2026-05-25,188.07,1,21,false,4
HG_003,FAM,HB,ADL-1,2026-05-26,194.97,1,21,false,4
HG_003,FAM,HB,ADL-1,2026-05-27,197.55,1,21,false,4
HG_003,FAM,HB,ADL-1,2026-05-28,186.41,1,21,false,4
HG_003,FAM,HB,ADL-1,2026-05-29,185.26,1,21,false,4
HG_003,FAM,HB,ADL-1,2026-05-30,213.54,1,21,false,4
HG_003,FAM,HB,ADL-1,2026-05-31,211.18,3,21,false,4
HG_003,FAM,HB,ADL-1,2026-06-01,199.57,3,21,false,4
HG_003,FAM,HB,ADL-1,2026-06-02,201.33,3,21,false,4
HG_003,FAM,HB,ADL-1,2026-06-03,194.06,3,21,false,4
HG_003,FAM,HB,ADL-1,2026-06-04,204.00,3,21,false,4
HG_003,FAM,HB,ADL-1,2026-06-05,207.37,3,21,false,4
HG_003,FAM,HB,ADL-1,2026-06-06,221.01,3,21,false,4
HG_003,FAM,HB,ADL-1,2026-06-07,216.98,3,21,false,4
HG_003,FAM,HB,ADL-1,2026-06-08,197.29,3,21,false,4
HG_003,FAM,HB,ADL-1,2026-06-09,195.00,3,21,false,4
HG_003,FAM,HB,ADL-1,2026-06-10,193.08,3,21,false,4
HG_003,FAM,HB,ADL-1,2026-06-11,207.91,3,21,false,4
HG_003,FAM,HB,ADL-1,2026-06-12,194.71,3,21,false,4
HG_003,FAM,HB,ADL-1,2026-06-13,222.63,3,21,false,4
HG_003,FAM,HB,ADL-1,2026-06-14,220.26,3,21,false,4
HG_003,FAM,HB,ADL-1,2026-06-15,207.09,1,21,false,4
HG_003,FAM,HB,ADL-1,2026-06-16,202.14,1,21,false,4
HG_003,FAM,HB,ADL-1,2026-06-17,207.91,1,21,false,4
HG_003,FAM,HB,ADL-1,2026-06-18,204.83,1,21,false,4
HG_003,FAM,HB,ADL-1,2026-06-19,208.81,1,21,false,4
HG_003,FAM,HB,ADL-1,2026-06-20,238.21,1,21,false,4
HG_003,FAM,HB,ADL-1,2026-06-21,223.46,1,21,false,4
HG_003,FAM,HB,ADL-1,2026-06-22,205.42,1,21,false,4
HG_003,FAM,HB,ADL-1,2026-06-23,206.81,1,21,false,4
HG_003,FAM,HB,ADL-1,2026-06-24,206.52,1,21,false,4
HG_003,FAM,HB,ADL-1,2026-06-25,210.67,1,21,false,4
HG_003,FAM,HB,ADL-1,2026-06-26,207.52,1,21,false,4
HG_003,FAM,HB,ADL-1,2026-06-27,227.79,1,21,false,4
HG_003,FAM,HB,ADL-1,2026-06-28,223.20,1,21,false,4
HG_003,FAM,HB,ADL-1,2026-06-29,212.42,1,21,false,4
HG_003,JS,RO,ADL-1,2026-05-01,177.56,3,21,false,4
HG_003,JS,RO,ADL-1,2026-05-02,203.39,3,21,false,4
HG_003,JS,RO,ADL-1,2026-05-03,203.93,3,21,false,4
HG_003,JS,RO,ADL-1,2026-05-04,187.43,3,21,false,4
HG_003,JS,RO,ADL-1,2026-05-05,179.63,3,21,false,4
HG_003,JS,RO,ADL-1,2026-05-06,176.64,3,21,false,4
HG_003,JS,RO,ADL-1,2026-05-07,183.83,3,21,false,4
HG_003,JS,RO,ADL-1,2026-05-08,177.84,3,21,false,4
HG_003,JS,RO,ADL-1,2026-05-09,191.53,3,21,false,4
HG_003,JS,RO,ADL-1,2026-05-10,200.58,3,21,false,4
HG_003,JS,RO,ADL-1,2026-05-11,179.85,3,21,false,4
HG_003,JS,RO,ADL-1,2026-05-12,178.75,3,21,false,4
HG_003,JS,RO,ADL-1,2026-05-13,172.29,3,21,false,4
HG_003,JS,RO,ADL-1,2026-05-14,182.48,3,21,false,4
HG_003,JS,RO,ADL-1,2026-05-15,177.66,3,21,false,4
HG_003,JS,RO,ADL-1,2026-05-16,202.84,1,21,false,4
HG_003,JS,RO,ADL-1,2026-05-17,216.24,1,21,false,4
HG_003,JS,RO,ADL-1,2026-05-18,184.19,1,21,false,4
HG_003,JS,RO,ADL-1,2026-05-19,190.04,1,21,false,4
HG_003,JS,RO,ADL-1,2026-05-20,183.40,1,21,false,4
HG_003,JS,RO,ADL-1,2026-05-21,182.66,1,21,false,4
HG_003,JS,RO,ADL-1,2026-05-22,190.69,1,21,false,4
HG_003,JS,RO,ADL-1,2026-05-23,214.73,1,21,false,4
HG_003,JS,RO,ADL-1,2026-05-24,205.82,1,21,false,4
HG_003,JS,RO,ADL-1,2026-05-25,185.70,1,21,false,4
HG_003,JS,RO,ADL-1,2026-05-26,192.33,1,21,false,4
HG_003,JS,RO,ADL-1,2026-05-27,194.29,1,21,false,4
HG_003,JS,RO,ADL-1,2026-05-28,185.35,1,21,false,4
HG_003,JS,RO,ADL-1,2026-05-29,183.10,1,21,false,4
HG_003,JS,RO,ADL-1,2026-05-30,216.27,1,21,false,4
HG_003,JS,RO,ADL-1,2026-05-31,224.80,3,21,false,4
HG_003,JS,RO,ADL-1,2026-06-01,193.82,3,21,false,4
HG_003,JS,RO,ADL-1,2026-06-02,204.60,3,21,false,4
HG_003,JS,RO,ADL-1,2026-06-03,201.40,3,21,false,4
HG_003,JS,RO,ADL-1,2026-06-04,208.67,3,21,false,4
HG_003,JS,RO,ADL-1,2026-06-05,194.56,3,21,false,4
HG_003,JS,RO,ADL-1,2026-06-06,211.99,3,21,false,4
HG_003,JS,RO,ADL-1,2026-06-07,218.05,3,21,false,4
HG_003,JS,RO,ADL-1,2026-06-08,206.21,3,21,false,4
HG_003,JS,RO,ADL-1,2026-06-09,195.74,3,21,false,4
HG_003,JS,RO,ADL-1,2026-06-10,205.42,3,21,false,4
HG_003,JS,RO,ADL-1,2026-06-11,191.10,3,21,false,4
HG_003,JS,RO,ADL-1,2026-06-12,191.85,3,21,false,4
HG_003,JS,RO,ADL-1,2026-06-13,215.25,3,21,false,4
HG_003,JS,RO,ADL-1,2026-06-14,224.97,3,21,false,4
HG_003,JS,RO,ADL-1,2026-06-15,207.17,1,21,false,4
HG_003,JS,RO,ADL-1,2026-06-16,202.83,1,21,false,4
HG_003,JS,RO,ADL-1,2026-06-17,203.89,1,21,false,4
HG_003,JS,RO,ADL-1,2026-06-18,200.87,1,21,false,4
HG_003,JS,RO,ADL-1,2026-06-19,206.12,1,21,false,4
HG_003,JS,RO,ADL-1,2026-06-20,232.53,1,21,false,4
HG_003,JS,RO,ADL-1,2026-06-21,223.64,1,21,false,4
HG_003,JS,RO,ADL-1,2026-06-22,212.96,1,21,false,4
HG_003,JS,RO,ADL-1,2026-06-23,219.09,1,21,false,4
HG_003,JS,RO,ADL-1,2026-06-24,219.40,1,21,false,4
HG_003,JS,RO,ADL-1,2026-06-25,210.92,1,21,false,4
HG_003,JS,RO,ADL-1,2026-06-26,215.51,1,21,false,4
HG_003,JS,RO,ADL-1,2026-06-27,232.25,1,21,false,4
HG_003,JS,RO,ADL-1,2026-06-28,237.14,1,21,false,4
HG_003,JS,RO,ADL-1,2026-06-29,201.30,1,21,false,4
HG_003,JS,BB,ADL-1,2026-05-01,188.75,3,21,false,4
HG_003,JS,BB,ADL-1,2026-05-02,220.03,3,21,false,4
HG_003,JS,BB,ADL-1,2026-05-03,209.77,3,21,false,4
HG_003,JS,BB,ADL-1,2026-05-04,200.95,3,21,false,4
HG_003,JS,BB,ADL-1,2026-05-05,193.52,3,21,false,4
HG_003,JS,BB,ADL-1,2026-05-06,202.35,3,21,false,4
HG_003,JS,BB,ADL-1,2026-05-07,195.66,3,21,false,4
HG_003,JS,BB,ADL-1,2026-05-08,197.63,3,21,false,4
HG_003,JS,BB,ADL-1,2026-05-09,214.12,3,21,false,4
HG_003,JS,BB,ADL-1,2026-05-10,216.06,3,21,false,4
HG_003,JS,BB,ADL-1,2026-05-11,190.91,3,21,false,4
HG_003,JS,BB,ADL-1,2026-05-12,191.99,3,21,false,4
HG_003,JS,BB,ADL-1,2026-05-13,201.35,3,21,false,4
HG_003,JS,BB,ADL-1,2026-05-14,203.41,3,21,false,4
HG_003,JS,BB,ADL-1,2026-05-15,203.06,3,21,false,4
HG_003,JS,BB,ADL-1,2026-05-16,220.42,1,21,false,4
HG_003,JS,BB,ADL-1,2026-05-17,221.50,1,21,false,4
HG_003,JS,BB,ADL-1,2026-05-18,204.29,1,21,false,4
HG_003,JS,BB,ADL-1,2026-05-19,200.13,1,21,false,4
HG_003,JS,BB,ADL-1,2026-05-20,212.10,1,21,false,4
HG_003,JS,BB,ADL-1,2026-05-21,206.30,1,21,false,4
HG_003,JS,BB,ADL-1,2026-05-22,199.39,1,21,false,4
HG_003,JS,BB,ADL-1,2026-05-23,217.70,1,21,false,4
HG_003,JS,BB,ADL-1,2026-05-24,215.80,1,21,false,4
HG_003,JS,BB,ADL-1,2026-05-25,204.43,1,21,false,4
HG_003,JS,BB,ADL-1,2026-05-26,197.28,1,21,false,4
HG_003,JS,BB,ADL-1,2026-05-27,195.97,1,21,false,4
HG_003,JS,BB,ADL-1,2026-05-28,212.68,1,21,false,4
HG_003,JS,BB,ADL-1,2026-05-29,199.58,1,21,false,4
HG_003,JS,BB,ADL-1,2026-05-30,218.03,1,21,false,4
HG_003,JS,BB,ADL-1,2026-05-31,230.00,3,21,false,4
HG_003,JS,BB,ADL-1,2026-06-01,220.33,3,21,false,4
HG_003,JS,BB,ADL-1,2026-06-02,219.79,3,21,false,4
HG_003,JS,BB,ADL-1,2026-06-03,217.89,3,21,false,4
HG_003,JS,BB,ADL-1,2026-06-04,210.40,3,21,false,4
HG_003,JS,BB,ADL-1,2026-06-05,221.46,3,21,false,4
HG_003,JS,BB,ADL-1,2026-06-06,240.70,3,21,false,4
HG_003,JS,BB,ADL-1,2026-06-07,239.48,3,21,false,4
HG_003,JS,BB,ADL-1,2026-06-08,207.74,3,21,false,4
HG_003,JS,BB,ADL-1,2026-06-09,218.64,3,21,false,4
HG_003,JS,BB,ADL-1,2026-06-10,211.59,3,21,false,4
HG_003,JS,BB,ADL-1,2026-06-11,208.42,3,21,false,4
HG_003,JS,BB,ADL-1,2026-06-12,214.04,3,21,false,4
HG_003,JS,BB,ADL-1,2026-06-13,228.69,3,21,false,4
HG_003,JS,BB,ADL-1,2026-06-14,238.54,3,21,false,4
HG_003,JS,BB,ADL-1,2026-06-15,227.87,1,21,false,4
HG_003,JS,BB,ADL-1,2026-06-16,226.10,1,21,false,4
HG_003,JS,BB,ADL-1,2026-06-17,220.76,1,21,false,4
HG_003,JS,BB,ADL-1,2026-06-18,220.02,1,21,false,4
HG_003,JS,BB,ADL-1,2026-06-19,232.16,1,21,false,4
HG_003,JS,BB,ADL-1,2026-06-20,246.33,1,21,false,4
HG_003,JS,BB,ADL-1,2026-06-21,244.03,1,21,false,4
HG_003,JS,BB,ADL-1,2026-06-22,231.43,1,21,false,4
HG_003,JS,BB,ADL-1,2026-06-23,220.23,1,21,false,4
HG_003,JS,BB,ADL-1,2026-06-24,220.38,1,21,false,4
HG_003,JS,BB,ADL-1,2026-06-25,215.93,1,21,false,4
HG_003,JS,BB,ADL-1,2026-06-26,216.04,1,21,false,4
HG_003,JS,BB,ADL-1,2026-06-27,252.71,1,21,false,4
HG_003,JS,BB,ADL-1,2026-06-28,247.21,1,21,false,4
HG_003,JS,BB,ADL-1,2026-06-29,228.22,1,21,false,4
HG_003,JS,HB,ADL-1,2026-05-01,209.70,3,21,false,4
HG_003,JS,HB,ADL-1,2026-05-02,232.07,3,21,false,4
HG_003,JS,HB,ADL-1,2026-05-03,224.08,3,21,false,4
HG_003,JS,HB,ADL-1,2026-05-04,212.38,3,21,false,4
HG_003,JS,HB,ADL-1,2026-05-05,202.70,3,21,false,4
HG_003,JS,HB,ADL-1,2026-05-06,215.61,3,21,false,4
HG_003,JS,HB,ADL-1,2026-05-07,215.59,3,21,false,4
HG_003,JS,HB,ADL-1,2026-05-08,202.33,3,21,false,4
HG_003,JS,HB,ADL-1,2026-05-09,236.63,3,21,false,4
HG_003,JS,HB,ADL-1,2026-05-10,223.36,3,21,false,4
HG_003,JS,HB,ADL-1,2026-05-11,211.88,3,21,false,4
HG_003,JS,HB,ADL-1,2026-05-12,201.17,3,21,false,4
HG_003,JS,HB,ADL-1,2026-05-13,217.47,3,21,false,4
HG_003,JS,HB,ADL-1,2026-05-14,218.30,3,21,false,4
HG_003,JS,HB,ADL-1,2026-05-15,204.64,3,21,false,4
HG_003,JS,HB,ADL-1,2026-05-16,229.75,1,21,false,4
HG_003,JS,HB,ADL-1,2026-05-17,241.61,1,21,false,4
HG_003,JS,HB,ADL-1,2026-05-18,211.97,1,21,false,4
HG_003,JS,HB,ADL-1,2026-05-19,216.10,1,21,false,4
HG_003,JS,HB,ADL-1,2026-05-20,215.31,1,21,false,4
HG_003,JS,HB,ADL-1,2026-05-21,227.78,1,21,false,4
HG_003,JS,HB,ADL-1,2026-05-22,217.27,1,21,false,4
HG_003,JS,HB,ADL-1,2026-05-23,232.94,1,21,false,4
HG_003,JS,HB,ADL-1,2026-05-24,242.47,1,21,false,4
HG_003,JS,HB,ADL-1,2026-05-25,227.43,1,21,false,4
HG_003,JS,HB,ADL-1,2026-05-26,227.71,1,21,false,4
HG_003,JS,HB,ADL-1,2026-05-27,219.92,1,21,false,4
HG_003,JS,HB,ADL-1,2026-05-28,216.15,1,21,false,4
HG_003,JS,HB,ADL-1,2026-05-29,223.62,1,21,false,4
HG_003,JS,HB,ADL-1,2026-05-30,240.97,1,21,false,4
HG_003,JS,HB,ADL-1,2026-05-31,251.18,3,21,false,4
HG_003,JS,HB,ADL-1,2026-06-01,239.14,3,21,false,4
HG_003,JS,HB,ADL-1,2026-06-02,231.77,3,21,false,4
HG_003,JS,HB,ADL-1,2026-06-03,233.29,3,21,false,4
HG_003,JS,HB,ADL-1,2026-06-04,226.11,3,21,false,4
HG_003,JS,HB,ADL-1,2026-06-05,227.44,3,21,false,4
HG_003,JS,HB,ADL-1,2026-06-06,260.41,3,21,false,4
HG_003,JS,HB,ADL-1,2026-06-07,261.22,3,21,false,4
HG_003,JS,HB,ADL-1,2026-06-08,233.75,3,21,false,4
HG_003,JS,HB,ADL-1,2026-06-09,226.61,3,21,false,4
HG_003,JS,HB,ADL-1,2026-06-10,239.90,3,21,false,4
HG_003,JS,HB,ADL-1,2026-06-11,235.00,3,21,false,4
HG_003,JS,HB,ADL-1,2026-06-12,230.40,3,21,false,4
HG_003,JS,HB,ADL-1,2026-06-13,249.71,3,21,false,4
HG_003,JS,HB,ADL-1,2026-06-14,240.10,3,21,false,4
HG_003,JS,HB,ADL-1,2026-06-15,234.01,1,21,false,4
HG_003,JS,HB,ADL-1,2026-06-16,240.75,1,21,false,4
HG_003,JS,HB,ADL-1,2026-06-17,241.55,1,21,false,4
HG_003,JS,HB,ADL-1,2026-06-18,235.26,1,21,false,4
HG_003,JS,HB,ADL-1,2026-06-19,248.24,1,21,false,4
HG_003,JS,HB,ADL-1,2026-06-20,250.66,1,21,false,4
HG_003,JS,HB,ADL-1,2026-06-21,250.58,1,21,false,4
HG_003,JS,HB,ADL-1,2026-06-22,235.30,1,21,false,4
HG_003,JS,HB,ADL-1,2026-06-23,250.63,1,21,false,4
HG_003,JS,HB,ADL-1,2026-06-24,236.04,1,21,false,4
HG_003,JS,HB,ADL-1,2026-06-25,230.88,1,21,false,4
HG_003,JS,HB,ADL-1,2026-06-26,243.70,1,21,false,4
HG_003,JS,HB,ADL-1,2026-06-27,254.94,1,21,false,4
HG_003,JS,HB,ADL-1,2026-06-28,253.71,1,21,false,4
HG_003,JS,HB,ADL-1,2026-06-29,248.13,1,21,false,4
HG_004,DBL,RO,ADL-1,2026-05-01,110.65,1,21,false,5
HG_004,DBL,RO,ADL-1,2026-05-02,126.14,1,21,false,5
HG_004,DBL,RO,ADL-1,2026-05-03,135.45,1,21,false,5
HG_004,DBL,RO,ADL-1,2026-05-04,109.19,1,21,false,5
HG_004,DBL,RO,ADL-1,2026-05-05,107.29,1,21,false,5
HG_004,DBL,RO,ADL-1,2026-05-06,106.00,1,21,false,5
HG_004,DBL,RO,ADL-1,2026-05-07,115.06,1,21,false,5
HG_004,DBL,RO,ADL-1,2026-05-08,112.56,1,21,false,5
HG_004,DBL,RO,ADL-1,2026-05-09,128.60,1,21,false,5
HG_004,DBL,RO,ADL-1,2026-05-10,137.03,1,21,false,5
HG_004,DBL,RO,ADL-1,2026-05-11,115.73,1,21,false,5
HG_004,DBL,RO,ADL-1,2026-05-12,108.65,1,21,false,5
HG_004,DBL,RO,ADL-1,2026-05-13,115.85,1,21,false,5
HG_004,DBL,RO,ADL-1,2026-05-14,108.63,1,21,false,5
HG_004,DBL,RO,ADL-1,2026-05-15,104.69,1,21,false,5
HG_004,DBL,RO,ADL-1,2026-05-16,141.21,1,21,false,5
HG_004,DBL,RO,ADL-1,2026-05-17,141.09,1,21,false,5
HG_004,DBL,RO,ADL-1,2026-05-18,116.23,1,21,false,5
HG_004,DBL,RO,ADL-1,2026-05-19,120.78,1,21,false,5
HG_004,DBL,RO,ADL-1,2026-05-20,123.10,1,21,false,5
HG_004,DBL,RO,ADL-1,2026-05-21,120.09,1,21,false,5
HG_004,DBL,RO,ADL-1,2026-05-22,123.80,1,21,false,5
HG_004,DBL,RO,ADL-1,2026-05-23,140.59,1,21,false,5
HG_004,DBL,RO,ADL-1,2026-05-24,133.77,1,21,false,5
HG_004,DBL,RO,ADL-1,2026-05-25,117.24,1,21,false,5
HG_004,DBL,RO,ADL-1,2026-05-26,116.83,1,21,false,5
HG_004,DBL,RO,ADL-1,2026-05-27,125.74,1,21,false,5
HG_004,DBL,RO,ADL-1,2026-05-28,117.53,1,21,false,5
HG_004,DBL,RO,ADL-1,2026-05-29,123.19,1,21,false,5
HG_004,DBL,RO,ADL-1,2026-05-30,136.38,1,21,false,5
HG_004,DBL,RO,ADL-1,2026-05-31,149.69,1,21,false,5
HG_004,DBL,RO,ADL-1,2026-06-01,130.35,1,21,false,5
HG_004,DBL,RO,ADL-1,2026-06-02,127.43,1,21,false,5
HG_004,DBL,RO,ADL-1,2026-06-03,124.42,1,21,false,5
HG_004,DBL,RO,ADL-1,2026-06-04,136.30,1,21,false,5
HG_004,DBL,RO,ADL-1,2026-06-05,128.34,1,21,false,5
HG_004,DBL,RO,ADL-1,2026-06-06,155.83,1,21,false,5
HG_004,DBL,RO,ADL-1,2026-06-07,154.23,1,21,false,5
HG_004,DBL,RO,ADL-1,2026-06-08,130.63,1,21,false,5
HG_004,DBL,RO,ADL-1,2026-06-09,127.36,1,21,false,5
HG_004,DBL,RO,ADL-1,2026-06-10,129.32,1,21,false,5
HG_004,DBL,RO,ADL-1,2026-06-11,123.24,1,21,false,5
HG_004,DBL,RO,ADL-1,2026-06-12,125.94,1,21,false,5
HG_004,DBL,RO,ADL-1,2026-06-13,157.91,1,21,false,5
HG_004,DBL,RO,ADL-1,2026-06-14,156.93,1,21,false,5
HG_004,DBL,RO,ADL-1,2026-06-15,147.23,1,21,false,5
HG_004,DBL,RO,ADL-1,2026-06-16,144.37,1,21,false,5
HG_004,DBL,RO,ADL-1,2026-06-17,147.32,1,21,false,5
HG_004,DBL,RO,ADL-1,2026-06-18,141.70,1,21,false,5
HG_004,DBL,RO,ADL-1,2026-06-19,142.38,1,21,false,5
HG_004,DBL,RO,ADL-1,2026-06-20,165.45,1,21,false,5
HG_004,DBL,RO,ADL-1,2026-06-21,158.12,1,21,false,5
HG_004,DBL,RO,ADL-1,2026-06-22,136.45,1,21,false,5
HG_004,DBL,RO,ADL-1,2026-06-23,143.45,1,21,false,5
HG_004,DBL,RO,ADL-1,2026-06-24,134.42,1,21,false,5
HG_004,DBL,RO,ADL-1,2026-06-25,144.79,1,21,false,5
HG_004,DBL,RO,ADL-1,2026-06-26,138.15,1,21,false,5
HG_004,DBL,RO,ADL-1,2026-06-27,159.45,1,21,false,5
HG_004,DBL,RO,ADL-1,2026-06-28,161.80,1,21,false,5
HG_004,DBL,RO,ADL-1,2026-06-29,132.74,1,21,false,5
HG_004,DBL,RO,ADL-2,2026-05-01,115.84,1,21,false,5
HG_004,DBL,RO,ADL-2,2026-05-02,136.17,1,21,false,5
HG_004,DBL,RO,ADL-2,2026-05-03,134.33,1,21,false,5
HG_004,DBL,RO,ADL-2,2026-05-04,112.74,1,21,false,5
HG_004,DBL,RO,ADL-2,2026-05-05,106.38,1,21,false,5
HG_004,DBL,RO,ADL-2,2026-05-06,114.11,1,21,false,5
HG_004,DBL,RO,ADL-2,2026-05-07,109.25,1,21,false,5
HG_004,DBL,RO,ADL-2,2026-05-08,104.89,1,21,false,5
HG_004,DBL,RO,ADL-2,2026-05-09,131.36,1,21,false,5
HG_004,DBL,RO,ADL-2,2026-05-10,134.97,1,21,false,5
HG_004,DBL,RO,ADL-2,2026-05-11,105.88,1,21,false,5
HG_004,DBL,RO,ADL-2,2026-05-12,104.72,1,21,false,5
HG_004,DBL,RO,ADL-2,2026-05-13,111.03,1,21,false,5
HG_004,DBL,RO,ADL-2,2026-05-14,111.55,1,21,false,5
HG_004,DBL,RO,ADL-2,2026-05-15,115.95,1,21,false,5
HG_004,DBL,RO,ADL-2,2026-05-16,140.33,1,21,false,5
HG_004,DBL,RO,ADL-2,2026-05-17,140.74,1,21,false,5
HG_004,DBL,RO,ADL-2,2026-05-18,124.97,1,21,false,5
HG_004,DBL,RO,ADL-2,2026-05-19,119.93,1,21,false,5
HG_004,DBL,RO,ADL-2,2026-05-20,114.37,1,21,false,5
HG_004,DBL,RO,ADL-2,2026-05-21,125.16,1,21,false,5
HG_004,DBL,RO,ADL-2,2026-05-22,122.72,1,21,false,5
HG_004,DBL,RO,ADL-2,2026-05-23,142.73,1,21,false,5
HG_004,DBL,RO,ADL-2,2026-05-24,138.34,1,21,false,5
HG_004,DBL,RO,ADL-2,2026-05-25,120.75,1,21,false,5
HG_004,DBL,RO,ADL-2,2026-05-26,125.46,1,21,false,5
HG_004,DBL,RO,ADL-2,2026-05-27,120.89,1,21,false,5
HG_004,DBL,RO,ADL-2,2026-05-28,122.91,1,21,false,5
HG_004,DBL,RO,ADL-2,2026-05-29,120.43,1,21,false,5
HG_004,DBL,RO,ADL-2,2026-05-30,144.26,1,21,false,5
HG_004,DBL,RO,ADL-2,2026-05-31,141.93,1,21,false,5
HG_004,DBL,RO,ADL-2,2026-06-01,133.98,1,21,false,5
HG_004,DBL,RO,ADL-2,2026-06-02,130.57,1,21,false,5
HG_004,DBL,RO,ADL-2,2026-06-03,135.11,1,21,false,5
HG_004,DBL,RO,ADL-2,2026-06-04,129.72,1,21,false,5
HG_004,DBL,RO,ADL-2,2026-06-05,136.86,1,21,false,5
HG_004,DBL,RO,ADL-2,2026-06-06,145.37,1,21,false,5
HG_004,DBL,RO,ADL-2,2026-06-07,145.81,1,21,false,5
HG_004,DBL,RO,ADL-2,2026-06-08,131.93,1,21,false,5
HG_004,DBL,RO,ADL-2,2026-06-09,134.64,1,21,false,5
HG_004,DBL,RO,ADL-2,2026-06-10,136.14,1,21,false,5
HG_004,DBL,RO,ADL-2,2026-06-11,126.97,1,21,false,5
HG_004,DBL,RO,ADL-2,2026-06-12,125.21,1,21,false,5
HG_004,DBL,RO,ADL-2,2026-06-13,152.55,1,21,false,5
HG_004,DBL,RO,ADL-2,2026-06-14,154.41,1,21,false,5
HG_004,DBL,RO,ADL-2,2026-06-15,144.98,1,21,false,5
HG_004,DBL,RO,ADL-2,2026-06-16,140.80,1,21,false,5
HG_004,DBL,RO,ADL-2,2026-06-17,140.61,1,21,false,5
HG_004,DBL,RO,ADL-2,2026-06-18,141.95,1,21,false,5
HG_004,DBL,RO,ADL-2,2026-06-19,146.05,1,21,false,5
HG_004,DBL,RO,ADL-2,2026-06-20,160.53,1,21,false,5
HG_004,DBL,RO,ADL-2,2026-06-21,152.67,1,21,false,5
HG_004,DBL,RO,ADL-2,2026-06-22,141.32,1,21,false,5
HG_004,DBL,RO,ADL-2,2026-06-23,146.78,1,21,false,5
HG_004,DBL,RO,ADL-2,2026-06-24,143.35,1,21,false,5
HG_004,DBL,RO,ADL-2,2026-06-25,133.16,1,21,false,5
HG_004,DBL,RO,ADL-2,2026-06-26,144.06,1,21,false,5
HG_004,DBL,RO,ADL-2,2026-06-27,164.32,1,21,false,5
HG_004,DBL,RO,ADL-2,2026-06-28,152.42,1,21,false,5
HG_004,DBL,RO,ADL-2,2026-06-29,140.13,1,21,false,5
HG_004,DBL,BB,ADL-1,2026-05-01,130.07,1,21,false,5
HG_004,DBL,BB,ADL-1,2026-05-02,137.06,1,21,false,5
HG_004,DBL,BB,ADL-1,2026-05-03,151.52,1,21,false,5
HG_004,DBL,BB,ADL-1,2026-05-04,128.94,1,21,false,5
HG_004,DBL,BB,ADL-1,2026-05-05,128.77,1,21,false,5
HG_004,DBL,BB,ADL-1,2026-05-06,124.73,1,21,false,5
HG_004,DBL,BB,ADL-1,2026-05-07,126.53,1,21,false,5
HG_004,DBL,BB,ADL-1,2026-05-08,126.78,1,21,false,5
HG_004,DBL,BB,ADL-1,2026-05-09,137.88,1,21,false,5
HG_004,DBL,BB,ADL-1,2026-05-10,145.97,1,21,false,5
HG_004,DBL,BB,ADL-1,2026-05-11,122.81,1,21,false,5
HG_004,DBL,BB,ADL-1,2026-05-12,120.71,1,21,false,5
HG_004,DBL,BB,ADL-1,2026-05-13,123.29,1,21,false,5
HG_004,DBL,BB,ADL-1,2026-05-14,126.39,1,21,false,5
HG_004,DBL,BB,ADL-1,2026-05-15,122.29,1,21,false,5
HG_004,DBL,BB,ADL-1,2026-05-16,156.59,1,21,false,5
HG_004,DBL,BB,ADL-1,2026-05-17,153.47,1,21,false,5
HG_004,DBL,BB,ADL-1,2026-05-18,135.77,1,21,false,5
HG_004,DBL,BB,ADL-1,2026-05-19,137.94,1,21,false,5
HG_004,DBL,BB,ADL-1,2026-05-20,140.99,1,21,false,5
HG_004,DBL,BB,ADL-1,2026-05-21,141.11,1,21,false,5
HG_004,DBL,BB,ADL-1,2026-05-22,134.80,1,21,false,5
HG_004,DBL,BB,ADL-1,2026-05-23,159.74,1,21,false,5
HG_004,DBL,BB,ADL-1,2026-05-24,161.07,1,21,false,5
HG_004,DBL,BB,ADL-1,2026-05-25,128.56,1,21,false,5
HG_004,DBL,BB,ADL-1,2026-05-26,142.11,1,21,false,5
HG_004,DBL,BB,ADL-1,2026-05-27,138.59,1,21,false,5
HG_004,DBL,BB,ADL-1,2026-05-28,139.74,1,21,false,5
HG_004,DBL,BB,ADL-1,2026-05-29,137.97,1,21,false,5
HG_004,DBL,BB,ADL-1,2026-05-30,158.19,1,21,false,5
HG_004,DBL,BB,ADL-1,2026-05-31,165.46,1,21,false,5
HG_004,DBL,BB,ADL-1,2026-06-01,137.67,1,21,false,5
HG_004,DBL,BB,ADL-1,2026-06-02,137.04,1,21,false,5
HG_004,DBL,BB,ADL-1,2026-06-03,140.18,1,21,false,5
HG_004,DBL,BB,ADL-1,2026-06-04,137.62,1,21,false,5
HG_004,DBL,BB,ADL-1,2026-06-05,147.15,1,21,false,5
HG_004,DBL,BB,ADL-1,2026-06-06,161.41,1,21,false,5
HG_004,DBL,BB,ADL-1,2026-06-07,156.16,1,21,false,5
HG_004,DBL,BB,ADL-1,2026-06-08,143.67,1,21,false,5
HG_004,DBL,BB,ADL-1,2026-06-09,152.12,1,21,false,5
HG_004,DBL,BB,ADL-1,2026-06-10,151.06,1,21,false,5
HG_004,DBL,BB,ADL-1,2026-06-11,147.87,1,21,false,5
HG_004,DBL,BB,ADL-1,2026-06-12,145.21,1,21,false,5
HG_004,DBL,BB,ADL-1,2026-06-13,168.07,1,21,false,5
HG_004,DBL,BB,ADL-1,2026-06-14,166.13,1,21,false,5
HG_004,DBL,BB,ADL-1,2026-06-15,151.44,1,21,false,5
HG_004,DBL,BB,ADL-1,2026-06-16,162.12,1,21,false,5
HG_004,DBL,BB,ADL-1,2026-06-17,156.24,1,21,false,5
HG_004,DBL,BB,ADL-1,2026-06-18,151.17,1,21,false,5
HG_004,DBL,BB,ADL-1,2026-06-19,162.88,1,21,false,5
HG_004,DBL,BB,ADL-1,2026-06-20,166.32,1,21,false,5
HG_004,DBL,BB,ADL-1,2026-06-21,181.53,1,21,false,5
HG_004,DBL,BB,ADL-1,2026-06-22,161.12,1,21,false,5
HG_004,DBL,BB,ADL-1,2026-06-23,148.20,1,21,false,5
HG_004,DBL,BB,ADL-1,2026-06-24,147.44,1,21,false,5
HG_004,DBL,BB,ADL-1,2026-06-25,152.37,1,21,false,5
HG_004,DBL,BB,ADL-1,2026-06-26,147.09,1,21,false,5
HG_004,DBL,BB,ADL-1,2026-06-27,174.65,1,21,false,5
HG_004,DBL,BB,ADL-1,2026-06-28,177.58,1,21,false,5
HG_004,DBL,BB,ADL-1,2026-06-29,146.96,1,21,false,5
HG_004,DBL,BB,ADL-2,2026-05-01,122.68,1,21,false,5
HG_004,DBL,BB,ADL-2,2026-05-02,140.34,1,21,false,5
HG_004,DBL,BB,ADL-2,2026-05-03,144.57,1,21,false,5
HG_004,DBL,BB,ADL-2,2026-05-04,122.71,1,21,false,5
HG_004,DBL,BB,ADL-2,2026-05-05,127.21,1,21,false,5
HG_004,DBL,BB,ADL-2,2026-05-06,123.94,1,21,false,5
HG_004,DBL,BB,ADL-2,2026-05-07,120.92,1,21,false,5
HG_004,DBL,BB,ADL-2,2026-05-08,130.96,1,21,false,5
HG_004,DBL,BB,ADL-2,2026-05-09,139.64,1,21,false,5
HG_004,DBL,BB,ADL-2,2026-05-10,149.73,1,21,false,5
HG_004,DBL,BB,ADL-2,2026-05-11,130.22,1,21,false,5
HG_004,DBL,BB,ADL-2,2026-05-12,121.06,1,21,false,5
HG_004,DBL,BB,ADL-2,2026-05-13,131.63,1,21,false,5
HG_004,DBL,BB,ADL-2,2026-05-14,122.40,1,21,false,5
HG_004,DBL,BB,ADL-2,2026-05-15,128.87,1,21,false,5
HG_004,DBL,BB,ADL-2,2026-05-16,160.76,1,21,false,5
HG_004,DBL,BB,ADL-2,2026-05-17,146.67,1,21,false,5
HG_004,DBL,BB,ADL-2,2026-05-18,141.19,1,21,false,5
HG_004,DBL,BB,ADL-2,2026-05-19,140.12,1,21,false,5
HG_004,DBL,BB,ADL-2,2026-05-20,135.66,1,21,false,5
HG_004,DBL,BB,ADL-2,2026-05-21,142.30,1,21,false,5
HG_004,DBL,BB,ADL-2,2026-05-22,131.43,1,21,false,5
HG_004,DBL,BB,ADL-2,2026-05-23,161.11,1,21,false,5
HG_004,DBL,BB,ADL-2,2026-05-24,154.63,1,21,false,5
HG_004,DBL,BB,ADL-2,2026-05-25,137.86,1,21,false,5
HG_004,DBL,BB,ADL-2,2026-05-26,131.33,1,21,false,5
HG_004,DBL,BB,ADL-2,2026-05-27,134.50,1,21,false,5
HG_004,DBL,BB,ADL-2,2026-05-28,139.93,1,21,false,5
HG_004,DBL,BB,ADL-2,2026-05-29,138.84,1,21,false,5
HG_004,DBL,BB,ADL-2,2026-05-30,154.31,1,21,false,5
HG_004,DBL,BB,ADL-2,2026-05-31,163.82,1,21,false,5
HG_004,DBL,BB,ADL-2,2026-06-01,150.65,1,21,false,5
HG_004,DBL,BB,ADL-2,2026-06-02,138.72,1,21,false,5
HG_004,DBL,BB,ADL-2,2026-06-03,142.01,1,21,false,5
HG_004,DBL,BB,ADL-2,2026-06-04,147.33,1,21,false,5
HG_004,DBL,BB,ADL-2,2026-06-05,145.85,1,21,false,5
HG_004,DBL,BB,ADL-2,2026-06-06,171.68,1,21,false,5
HG_004,DBL,BB,ADL-2,2026-06-07,173.41,1,21,false,5
HG_004,DBL,BB,ADL-2,2026-06-08,141.86,1,21,false,5
HG_004,DBL,BB,ADL-2,2026-06-09,143.17,1,21,false,5
HG_004,DBL,BB,ADL-2,2026-06-10,148.72,1,21,false,5
HG_004,DBL,BB,ADL-2,2026-06-11,139.10,1,21,false,5
HG_004,DBL,BB,ADL-2,2026-06-12,137.60,1,21,false,5
HG_004,DBL,BB,ADL-2,2026-06-13,166.24,1,21,false,5
HG_004,DBL,BB,ADL-2,2026-06-14,173.13,1,21,false,5
HG_004,DBL,BB,ADL-2,2026-06-15,149.44,1,21,false,5
HG_004,DBL,BB,ADL-2,2026-06-16,157.15,1,21,false,5
HG_004,DBL,BB,ADL-2,2026-06-17,156.13,1,21,false,5
HG_004,DBL,BB,ADL-2,2026-06-18,156.44,1,21,false,5
HG_004,DBL,BB,ADL-2,2026-06-19,151.32,1,21,false,5
HG_004,DBL,BB,ADL-2,2026-06-20,183.31,1,21,false,5
HG_004,DBL,BB,ADL-2,2026-06-21,183.85,1,21,false,5
HG_004,DBL,BB,ADL-2,2026-06-22,158.64,1,21,false,5
HG_004,DBL,BB,ADL-2,2026-06-23,152.26,1,21,false,5
HG_004,DBL,BB,ADL-2,2026-06-24,157.15,1,21,false,5
HG_004,DBL,BB,ADL-2,2026-06-25,155.78,1,21,false,5
HG_004,DBL,BB,ADL-2,2026-06-26,153.28,1,21,false,5
HG_004,DBL,BB,ADL-2,2026-06-27,166.97,1,21,false,5
HG_004,DBL,BB,ADL-2,2026-06-28,167.31,1,21,false,5
HG_004,DBL,BB,ADL-2,2026-06-29,154.03,1,21,false,5
HG_004,DBL,HB,ADL-1,2026-05-01,141.48,1,21,false,5
HG_004,DBL,HB,ADL-1,2026-05-02,157.96,1,21,false,5
HG_004,DBL,HB,ADL-1,2026-05-03,164.73,1,21,false,5
HG_004,DBL,HB,ADL-1,2026-05-04,132.45,1,21,false,5
HG_004,DBL,HB,ADL-1,2026-05-05,138.87,1,21,false,5
HG_004,DBL,HB,ADL-1,2026-05-06,147.59,1,21,false,5
HG_004,DBL,HB,ADL-1,2026-05-07,132.98,1,21,false,5
HG_004,DBL,HB,ADL-1,2026-05-08,140.96,1,21,false,5
HG_004,DBL,HB,ADL-1,2026-05-09,155.17,1,21,false,5
HG_004,DBL,HB,ADL-1,2026-05-10,165.90,1,21,false,5
HG_004,DBL,HB,ADL-1,2026-05-11,145.05,1,21,false,5
HG_004,DBL,HB,ADL-1,2026-05-12,139.30,1,21,false,5
HG_004,DBL,HB,ADL-1,2026-05-13,135.17,1,21,false,5
HG_004,DBL,HB,ADL-1,2026-05-14,135.43,1,21,false,5
HG_004,DBL,HB,ADL-1,2026-05-15,140.72,1,21,false,5
HG_004,DBL,HB,ADL-1,2026-05-16,174.24,1,21,false,5
HG_004,DBL,HB,ADL-1,2026-05-17,176.10,1,21,false,5
HG_004,DBL,HB,ADL-1,2026-05-18,152.14,1,21,false,5
HG_004,DBL,HB,ADL-1,2026-05-19,149.21,1,21,false,5
HG_004,DBL,HB,ADL-1,2026-05-20,157.12,1,21,false,5
HG_004,DBL,HB,ADL-1,2026-05-21,151.29,1,21,false,5
HG_004,DBL,HB,ADL-1,2026-05-22,143.98,1,21,false,5
HG_004,DBL,HB,ADL-1,2026-05-23,171.09,1,21,false,5
HG_004,DBL,HB,ADL-1,2026-05-24,162.61,1,21,false,5
HG_004,DBL,HB,ADL-1,2026-05-25,149.88,1,21,false,5
HG_004,DBL,HB,ADL-1,2026-05-26,146.58,1,21,false,5
HG_004,DBL,HB,ADL-1,2026-05-27,151.50,1,21,false,5
HG_004,DBL,HB,ADL-1,2026-05-28,156.24,1,21,false,5
HG_004,DBL,HB,ADL-1,2026-05-29,156.46,1,21,false,5
HG_004,DBL,HB,ADL-1,2026-05-30,163.84,1,21,false,5
HG_004,DBL,HB,ADL-1,2026-05-31,181.33,1,21,false,5
HG_004,DBL,HB,ADL-1,2026-06-01,165.17,1,21,false,5
HG_004,DBL,HB,ADL-1,2026-06-02,164.24,1,21,false,5
HG_004,DBL,HB,ADL-1,2026-06-03,153.88,1,21,false,5
HG_004,DBL,HB,ADL-1,2026-06-04,163.47,1,21,false,5
HG_004,DBL,HB,ADL-1,2026-06-05,164.27,1,21,false,5
HG_004,DBL,HB,ADL-1,2026-06-06,188.94,1,21,false,5
HG_004,DBL,HB,ADL-1,2026-06-07,173.98,1,21,false,5
HG_004,DBL,HB,ADL-1,2026-06-08,156.19,1,21,false,5
HG_004,DBL,HB,ADL-1,2026-06-09,167.92,1,21,false,5
HG_004,DBL,HB,ADL-1,2026-06-10,167.78,1,21,false,5
HG_004,DBL,HB,ADL-1,2026-06-11,164.87,1,21,false,5
HG_004,DBL,HB,ADL-1,2026-06-12,163.17,1,21,false,5
HG_004,DBL,HB,ADL-1,2026-06-13,182.62,1,21,false,5
HG_004,DBL,HB,ADL-1,2026-06-14,175.29,1,21,false,5
HG_004,DBL,HB,ADL-1,2026-06-15,175.69,1,21,false,5
HG_004,DBL,HB,ADL-1,2026-06-16,162.23,1,21,false,5
HG_004,DBL,HB,ADL-1,2026-06-17,166.70,1,21,false,5
HG_004,DBL,HB,ADL-1,2026-06-18,177.68,1,21,false,5
HG_004,DBL,HB,ADL-1,2026-06-19,166.42,1,21,false,5
HG_004,DBL,HB,ADL-1,2026-06-20,183.37,1,21,false,5
HG_004,DBL,HB,ADL-1,2026-06-21,196.92,1,21,false,5
HG_004,DBL,HB,ADL-1,2026-06-22,172.90,1,21,false,5
HG_004,DBL,HB,ADL-1,2026-06-23,171.25,1,21,false,5
HG_004,DBL,HB,ADL-1,2026-06-24,163.80,1,21,false,5
HG_004,DBL,HB,ADL-1,2026-06-25,164.80,1,21,false,5
HG_004,DBL,HB,ADL-1,2026-06-26,161.68,1,21,false,5
HG_004,DBL,HB,ADL-1,2026-06-27,188.07,1,21,false,5
HG_004,DBL,HB,ADL-1,2026-06-28,180.34,1,21,false,5
HG_004,DBL,HB,ADL-1,2026-06-29,160.96,1,21,false,5
HG_004,DBL,HB,ADL-2,2026-05-01,139.50,1,21,false,5
HG_004,DBL,HB,ADL-2,2026-05-02,156.87,1,21,false,5
HG_004,DBL,HB,ADL-2,2026-05-03,152.66,1,21,false,5
HG_004,DBL,HB,ADL-2,2026-05-04,143.94,1,21,false,5
HG_004,DBL,HB,ADL-2,2026-05-05,146.79,1,21,false,5
HG_004,DBL,HB,ADL-2,2026-05-06,135.69,1,21,false,5
HG_004,DBL,HB,ADL-2,2026-05-07,134.38,1,21,false,5
HG_004,DBL,HB,ADL-2,2026-05-08,142.03,1,21,false,5
HG_004,DBL,HB,ADL-2,2026-05-09,165.10,1,21,false,5
HG_004,DBL,HB,ADL-2,2026-05-10,162.50,1,21,false,5
HG_004,DBL,HB,ADL-2,2026-05-11,140.03,1,21,false,5
HG_004,DBL,HB,ADL-2,2026-05-12,132.99,1,21,false,5
HG_004,DBL,HB,ADL-2,2026-05-13,140.55,1,21,false,5
HG_004,DBL,HB,ADL-2,2026-05-14,132.84,1,21,false,5
HG_004,DBL,HB,ADL-2,2026-05-15,146.69,1,21,false,5
HG_004,DBL,HB,ADL-2,2026-05-16,169.68,1,21,false,5
HG_004,DBL,HB,ADL-2,2026-05-17,173.45,1,21,false,5
HG_004,DBL,HB,ADL-2,2026-05-18,148.75,1,21,false,5
HG_004,DBL,HB,ADL-2,2026-05-19,146.30,1,21,false,5
HG_004,DBL,HB,ADL-2,2026-05-20,154.14,1,21,false,5
HG_004,DBL,HB,ADL-2,2026-05-21,145.32,1,21,false,5
HG_004,DBL,HB,ADL-2,2026-05-22,145.29,1,21,false,5
HG_004,DBL,HB,ADL-2,2026-05-23,166.74,1,21,false,5
HG_004,DBL,HB,ADL-2,2026-05-24,171.85,1,21,false,5
HG_004,DBL,HB,ADL-2,2026-05-25,145.47,1,21,false,5
HG_004,DBL,HB,ADL-2,2026-05-26,151.82,1,21,false,5
HG_004,DBL,HB,ADL-2,2026-05-27,144.26,1,21,false,5
HG_004,DBL,HB,ADL-2,2026-05-28,146.59,1,21,false,5
HG_004,DBL,HB,ADL-2,2026-05-29,143.52,1,21,false,5
HG_004,DBL,HB,ADL-2,2026-05-30,174.03,1,21,false,5
HG_004,DBL,HB,ADL-2,2026-05-31,175.26,1,21,false,5
HG_004,DBL,HB,ADL-2,2026-06-01,156.42,1,21,false,5
HG_004,DBL,HB,ADL-2,2026-06-02,168.06,1,21,false,5
HG_004,DBL,HB,ADL-2,2026-06-03,166.58,1,21,false,5
HG_004,DBL,HB,ADL-2,2026-06-04,153.33,1,21,false,5
HG_004,DBL,HB,ADL-2,2026-06-05,161.22,1,21,false,5
HG_004,DBL,HB,ADL-2,2026-06-06,173.01,1,21,false,5
HG_004,DBL,HB,ADL-2,2026-06-07,185.53,1,21,false,5
HG_004,DBL,HB,ADL-2,2026-06-08,165.18,1,21,false,5
HG_004,DBL,HB,ADL-2,2026-06-09,154.44,1,21,false,5
HG_004,DBL,HB,ADL-2,2026-06-10,167.64,1,21,false,5
HG_004,DBL,HB,ADL-2,2026-06-11,162.05,1,21,false,5
HG_004,DBL,HB,ADL-2,2026-06-12,154.05,1,21,false,5
HG_004,DBL,HB,ADL-2,2026-06-13,188.24,1,21,false,5
HG_004,DBL,HB,ADL-2,2026-06-14,172.43,1,21,false,5
HG_004,DBL,HB,ADL-2,2026-06-15,163.01,1,21,false,5
HG_004,DBL,HB,ADL-2,2026-06-16,175.16,1,21,false,5
HG_004,DBL,HB,ADL-2,2026-06-17,174.58,1,21,false,5
HG_004,DBL,HB,ADL-2,2026-06-18,165.67,1,21,false,5
HG_004,DBL,HB,ADL-2,2026-06-19,175.56,1,21,false,5
HG_004,DBL,HB,ADL-2,2026-06-20,183.20,1,21,false,5
HG_004,DBL,HB,ADL-2,2026-06-21,179.89,1,21,false,5
HG_004,DBL,HB,ADL-2,2026-06-22,173.19,1,21,false,5
HG_004,DBL,HB,ADL-2,2026-06-23,162.97,1,21,false,5
HG_004,DBL,HB,ADL-2,2026-06-24,161.17,1,21,false,5
HG_004,DBL,HB,ADL-2,2026-06-25,161.33,1,21,false,5
HG_004,DBL,HB,ADL-2,2026-06-26,168.42,1,21,false,5
HG_004,DBL,HB,ADL-2,2026-06-27,180.51,1,21,false,5
HG_004,DBL,HB,ADL-2,2026-06-28,188.01,1,21,false,5
HG_004,DBL,HB,ADL-2,2026-06-29,170.29,1,21,false,5
HG_004,DBL,FB,ADL-1,2026-05-01,146.82,1,21,false,5
HG_004,DBL,FB,ADL-1,2026-05-02,173.70,1,21,false,5
HG_004,DBL,FB,ADL-1,2026-05-03,176.38,1,21,false,5
HG_004,DBL,FB,ADL-1,2026-05-04,159.67,1,21,false,5
HG_004,DBL,FB,ADL-1,2026-05-05,158.71,1,21,false,5
HG_004,DBL,FB,ADL-1,2026-05-06,163.12,1,21,false,5
HG_004,DBL,FB,ADL-1,2026-05-07,152.06,1,21,false,5
HG_004,DBL,FB,ADL-1,2026-05-08,158.55,1,21,false,5
HG_004,DBL,FB,ADL-1,2026-05-09,171.14,1,21,false,5
HG_004,DBL,FB,ADL-1,2026-05-10,173.16,1,21,false,5
HG_004,DBL,FB,ADL-1,2026-05-11,155.25,1,21,false,5
HG_004,DBL,FB,ADL-1,2026-05-12,147.63,1,21,false,5
HG_004,DBL,FB,ADL-1,2026-05-13,156.87,1,21,false,5
HG_004,DBL,FB,ADL-1,2026-05-14,158.23,1,21,false,5
HG_004,DBL,FB,ADL-1,2026-05-15,154.98,1,21,false,5
HG_004,DBL,FB,ADL-1,2026-05-16,178.27,1,21,false,5
HG_004,DBL,FB,ADL-1,2026-05-17,180.21,1,21,false,5
HG_004,DBL,FB,ADL-1,2026-05-18,165.93,1,21,false,5
HG_004,DBL,FB,ADL-1,2026-05-19,169.53,1,21,false,5
HG_004,DBL,FB,ADL-1,2026-05-20,173.26,1,21,false,5
HG_004,DBL,FB,ADL-1,2026-05-21,164.22,1,21,false,5
HG_004,DBL,FB,ADL-1,2026-05-22,165.61,1,21,false,5
HG_004,DBL,FB,ADL-1,2026-05-23,194.19,1,21,false,5
HG_004,DBL,FB,ADL-1,2026-05-24,181.03,1,21,false,5
HG_004,DBL,FB,ADL-1,2026-05-25,162.98,1,21,false,5
HG_004,DBL,FB,ADL-1,2026-05-26,171.05,1,21,false,5
HG_004,DBL,FB,ADL-1,2026-05-27,157.87,1,21,false,5
HG_004,DBL,FB,ADL-1,2026-05-28,163.61,1,21,false,5
HG_004,DBL,FB,ADL-1,2026-05-29,168.60,1,21,false,5
HG_004,DBL,FB,ADL-1,2026-05-30,181.29,1,21,false,5
HG_004,DBL,FB,ADL-1,2026-05-31,204.74,1,21,false,5
HG_004,DBL,FB,ADL-1,2026-06-01,167.41,1,21,false,5
HG_004,DBL,FB,ADL-1,2026-06-02,172.12,1,21,false,5
HG_004,DBL,FB,ADL-1,2026-06-03,175.99,1,21,false,5
HG_004,DBL,FB,ADL-1,2026-06-04,168.59,1,21,false,5
HG_004,DBL,FB,ADL-1,2026-06-05,183.93,1,21,false,5
HG_004,DBL,FB,ADL-1,2026-06-06,197.32,1,21,false,5
HG_004,DBL,FB,ADL-1,2026-06-07,191.02,1,21,false,5
HG_004,DBL,FB,ADL-1,2026-06-08,167.37,1,21,false,5
HG_004,DBL,FB,ADL-1,2026-06-09,171.75,1,21,false,5
HG_004,DBL,FB,ADL-1,2026-06-10,168.65,1,21,false,5
HG_004,DBL,FB,ADL-1,2026-06-11,174.76,1,21,false,5
HG_004,DBL,FB,ADL-1,2026-06-12,178.88,1,21,false,5
HG_004,DBL,FB,ADL-1,2026-06-13,192.44,1,21,false,5
HG_004,DBL,FB,ADL-1,2026-06-14,184.31,1,21,false,5
HG_004,DBL,FB,ADL-1,2026-06-15,190.92,1,21,false,5
HG_004,DBL,FB,ADL-1,2026-06-16,194.23,1,21,false,5
HG_004,DBL,FB,ADL-1,2026-06-17,189.47,1,21,false,5
HG_004,DBL,FB,ADL-1,2026-06-18,188.48,1,21,false,5
HG_004,DBL,FB,ADL-1,2026-06-19,186.07,1,21,false,5
HG_004,DBL,FB,ADL-1,2026-06-20,205.09,1,21,false,5
HG_004,DBL,FB,ADL-1,2026-06-21,201.12,1,21,false,5
HG_004,DBL,FB,ADL-1,2026-06-22,176.47,1,21,false,5
HG_004,DBL,FB,ADL-1,2026-06-23,194.98,1,21,false,5
HG_004,DBL,FB,ADL-1,2026-06-24,182.20,1,21,false,5
HG_004,DBL,FB,ADL-1,2026-06-25,179.21,1,21,false,5
HG_004,DBL,FB,ADL-1,2026-06-26,184.38,1,21,false,5
HG_004,DBL,FB,ADL-1,2026-06-27,209.12,1,21,false,5
HG_004,DBL,FB,ADL-1,2026-06-28,213.67,1,21,false,5
HG_004,DBL,FB,ADL-1,2026-06-29,187.19,1,21,false,5
HG_004,DBL,FB,ADL-2,2026-05-01,152.12,1,21,false,5
HG_004,DBL,FB,ADL-2,2026-05-02,177.91,1,21,false,5
HG_004,DBL,FB,ADL-2,2026-05-03,166.57,1,21,false,5
HG_004,DBL,FB,ADL-2,2026-05-04,156.48,1,21,false,5
HG_004,DBL,FB,ADL-2,2026-05-05,147.55,1,21,false,5
HG_004,DBL,FB,ADL-2,2026-05-06,154.54,1,21,false,5
HG_004,DBL,FB,ADL-2,2026-05-07,152.01,1,21,false,5
HG_004,DBL,FB,ADL-2,2026-05-08,153.95,1,21,false,5
HG_004,DBL,FB,ADL-2,2026-05-09,179.28,1,21,false,5
HG_004,DBL,FB,ADL-2,2026-05-10,170.87,1,21,false,5
HG_004,DBL,FB,ADL-2,2026-05-11,154.34,1,21,false,5
HG_004,DBL,FB,ADL-2,2026-05-12,162.61,1,21,false,5
HG_004,DBL,FB,ADL-2,2026-05-13,157.16,1,21,false,5
HG_004,DBL,FB,ADL-2,2026-05-14,151.34,1,21,false,5
HG_004,DBL,FB,ADL-2,2026-05-15,156.85,1,21,false,5
HG_004,DBL,FB,ADL-2,2026-05-16,181.54,1,21,false,5
HG_004,DBL,FB,ADL-2,2026-05-17,194.64,1,21,false,5
HG_004,DBL,FB,ADL-2,2026-05-18,169.85,1,21,false,5
HG_004,DBL,FB,ADL-2,2026-05-19,163.20,1,21,false,5
HG_004,DBL,FB,ADL-2,2026-05-20,167.27,1,21,false,5
HG_004,DBL,FB,ADL-2,2026-05-21,158.72,1,21,false,5
HG_004,DBL,FB,ADL-2,2026-05-22,162.38,1,21,false,5
HG_004,DBL,FB,ADL-2,2026-05-23,190.90,1,21,false,5
HG_004,DBL,FB,ADL-2,2026-05-24,188.75,1,21,false,5
HG_004,DBL,FB,ADL-2,2026-05-25,163.88,1,21,false,5
HG_004,DBL,FB,ADL-2,2026-05-26,158.63,1,21,false,5
HG_004,DBL,FB,ADL-2,2026-05-27,160.04,1,21,false,5
HG_004,DBL,FB,ADL-2,2026-05-28,164.65,1,21,false,5
HG_004,DBL,FB,ADL-2,2026-05-29,164.76,1,21,false,5
HG_004,DBL,FB,ADL-2,2026-05-30,191.41,1,21,false,5
HG_004,DBL,FB,ADL-2,2026-05-31,199.56,1,21,false,5
HG_004,DBL,FB,ADL-2,2026-06-01,177.83,1,21,false,5
HG_004,DBL,FB,ADL-2,2026-06-02,171.86,1,21,false,5
HG_004,DBL,FB,ADL-2,2026-06-03,182.84,1,21,false,5
HG_004,DBL,FB,ADL-2,2026-06-04,182.42,1,21,false,5
HG_004,DBL,FB,ADL-2,2026-06-05,177.81,1,21,false,5
HG_004,DBL,FB,ADL-2,2026-06-06,200.68,1,21,false,5
HG_004,DBL,FB,ADL-2,2026-06-07,192.92,1,21,false,5
HG_004,DBL,FB,ADL-2,2026-06-08,175.58,1,21,false,5
HG_004,DBL,FB,ADL-2,2026-06-09,179.05,1,21,false,5
HG_004,DBL,FB,ADL-2,2026-06-10,165.76,1,21,false,5
HG_004,DBL,FB,ADL-2,2026-06-11,179.95,1,21,false,5
HG_004,DBL,FB,ADL-2,2026-06-12,179.27,1,21,false,5
HG_004,DBL,FB,ADL-2,2026-06-13,199.12,1,21,false,5
HG_004,DBL,FB,ADL-2,2026-06-14,202.91,1,21,false,5
HG_004,DBL,FB,ADL-2,2026-06-15,192.78,1,21,false,5
HG_004,DBL,FB,ADL-2,2026-06-16,189.98,1,21,false,5
HG_004,DBL,FB,ADL-2,2026-06-17,176.16,1,21,false,5
HG_004,DBL,FB,ADL-2,2026-06-18,194.61,1,21,false,5
HG_004,DBL,FB,ADL-2,2026-06-19,182.35,1,21,false,5
HG_004,DBL,FB,ADL-2,2026-06-20,202.91,1,21,false,5
HG_004,DBL,FB,ADL-2,2026-06-21,216.08,1,21,false,5
HG_004,DBL,FB,ADL-2,2026-06-22,180.46,1,21,false,5
HG_004,DBL,FB,ADL-2,2026-06-23,185.44,1,21,false,5
HG_004,DBL,FB,ADL-2,2026-06-24,189.10,1,21,false,5
HG_004,DBL,FB,ADL-2,2026-06-25,178.84,1,21,false,5
HG_004,DBL,FB,ADL-2,2026-06-26,185.66,1,21,false,5
HG_004,DBL,FB,ADL-2,2026-06-27,206.15,1,21,false,5
HG_004,DBL,FB,ADL-2,2026-06-28,204.01,1,21,false,5
HG_004,DBL,FB,ADL-2,2026-06-29,193.52,1,21,false,5
HG_004,SGL,RO,ADL-1,2026-05-01,146.91,1,21,false,5
HG_004,SGL,RO,ADL-1,2026-05-02,158.20,1,21,false,5
HG_004,SGL,RO,ADL-1,2026-05-03,164.69,1,21,false,5
HG_004,SGL,RO,ADL-1,2026-05-04,137.97,1,21,false,5
HG_004,SGL,RO,ADL-1,2026-05-05,133.23,1,21,false,5
HG_004,SGL,RO,ADL-1,2026-05-06,142.72,1,21,false,5
HG_004,SGL,RO,ADL-1,2026-05-07,136.32,1,21,false,5
HG_004,SGL,RO,ADL-1,2026-05-08,137.19,1,21,false,5
HG_004,SGL,RO,ADL-1,2026-05-09,154.02,1,21,false,5
HG_004,SGL,RO,ADL-1,2026-05-10,160.50,1,21,false,5
HG_004,SGL,RO,ADL-1,2026-05-11,145.68,1,21,false,5
HG_004,SGL,RO,ADL-1,2026-05-12,133.15,1,21,false,5
HG_004,SGL,RO,ADL-1,2026-05-13,145.24,1,21,false,5
HG_004,SGL,RO,ADL-1,2026-05-14,135.94,1,21,false,5
HG_004,SGL,RO,ADL-1,2026-05-15,147.62,1,21,false,5
HG_004,SGL,RO,ADL-1,2026-05-16,167.98,1,21,false,5
HG_004,SGL,RO,ADL-1,2026-05-17,177.59,1,21,false,5
HG_004,SGL,RO,ADL-1,2026-05-18,143.70,1,21,false,5
HG_004,SGL,RO,ADL-1,2026-05-19,156.64,1,21,false,5
HG_004,SGL,RO,ADL-1,2026-05-20,143.19,1,21,false,5
HG_004,SGL,RO,ADL-1,2026-05-21,154.83,1,21,false,5
HG_004,SGL,RO,ADL-1,2026-05-22,148.81,1,21,false,5
HG_004,SGL,RO,ADL-1,2026-05-23,166.76,1,21,false,5
HG_004,SGL,RO,ADL-1,2026-05-24,168.56,1,21,false,5
HG_004,SGL,RO,ADL-1,2026-05-25,144.74,1,21,false,5
HG_004,SGL,RO,ADL-1,2026-05-26,151.24,1,21,false,5
HG_004,SGL,RO,ADL-1,2026-05-27,142.43,1,21,false,5
HG_004,SGL,RO,ADL-1,2026-05-28,157.20,1,21,false,5
HG_004,SGL,RO,ADL-1,2026-05-29,154.89,1,21,false,5
HG_004,SGL,RO,ADL-1,2026-05-30,165.16,1,21,false,5
HG_004,SGL,RO,ADL-1,2026-05-31,175.32,1,21,false,5
HG_004,SGL,RO,ADL-1,2026-06-01,162.40,1,21,false,5
HG_004,SGL,RO,ADL-1,2026-06-02,162.09,1,21,false,5
HG_004,SGL,RO,ADL-1,2026-06-03,164.03,1,21,false,5
HG_004,SGL,RO,ADL-1,2026-06-04,151.27,1,21,false,5
HG_004,SGL,RO,ADL-1,2026-06-05,162.09,1,21,false,5
HG_004,SGL,RO,ADL-1,2026-06-06,186.88,1,21,false,5
HG_004,SGL,RO,ADL-1,2026-06-07,187.05,1,21,false,5
HG_004,SGL,RO,ADL-1,2026-06-08,165.80,1,21,false,5
HG_004,SGL,RO,ADL-1,2026-06-09,156.69,1,21,false,5
HG_004,SGL,RO,ADL-1,2026-06-10,160.68,1,21,false,5
HG_004,SGL,RO,ADL-1,2026-06-11,167.29,1,21,false,5
HG_004,SGL,RO,ADL-1,2026-06-12,159.24,1,21,false,5
HG_004,SGL,RO,ADL-1,2026-06-13,186.48,1,21,false,5
HG_004,SGL,RO,ADL-1,2026-06-14,186.35,1,21,false,5
HG_004,SGL,RO,ADL-1,2026-06-15,167.74,1,21,false,5
HG_004,SGL,RO,ADL-1,2026-06-16,168.43,1,21,false,5
HG_004,SGL,RO,ADL-1,2026-06-17,175.02,1,21,false,5
HG_004,SGL,RO,ADL-1,2026-06-18,178.15,1,21,false,5
HG_004,SGL,RO,ADL-1,2026-06-19,173.36,1,21,false,5
HG_004,SGL,RO,ADL-1,2026-06-20,192.25,1,21,false,5
HG_004,SGL,RO,ADL-1,2026-06-21,199.46,1,21,false,5
HG_004,SGL,RO,ADL-1,2026-06-22,175.97,1,21,false,5
HG_004,SGL,RO,ADL-1,2026-06-23,175.84,1,21,false,5
HG_004,SGL,RO,ADL-1,2026-06-24,169.53,1,21,false,5
HG_004,SGL,RO,ADL-1,2026-06-25,179.19,1,21,false,5
HG_004,SGL,RO,ADL-1,2026-06-26,173.62,1,21,false,5
HG_004,SGL,RO,ADL-1,2026-06-27,198.38,1,21,false,5
HG_004,SGL,RO,ADL-1,2026-06-28,193.64,1,21,false,5
HG_004,SGL,RO,ADL-1,2026-06-29,168.53,1,21,false,5
HG_004,SGL,RO,ADL-2,2026-05-01,141.04,1,21,false,5
HG_004,SGL,RO,ADL-2,2026-05-02,157.49,1,21,false,5
HG_004,SGL,RO,ADL-2,2026-05-03,158.01,1,21,false,5
HG_004,SGL,RO,ADL-2,2026-05-04,141.28,1,21,false,5
HG_004,SGL,RO,ADL-2,2026-05-05,145.14,1,21,false,5
HG_004,SGL,RO,ADL-2,2026-05-06,140.75,1,21,false,5
HG_004,SGL,RO,ADL-2,2026-05-07,136.63,1,21,false,5
HG_004,SGL,RO,ADL-2,2026-05-08,137.24,1,21,false,5
HG_004,SGL,RO,ADL-2,2026-05-09,161.05,1,21,false,5
HG_004,SGL,RO,ADL-2,2026-05-10,159.88,1,21,false,5
HG_004,SGL,RO,ADL-2,2026-05-11,135.83,1,21,false,5
HG_004,SGL,RO,ADL-2,2026-05-12,134.57,1,21,false,5
HG_004,SGL,RO,ADL-2,2026-05-13,140.59,1,21,false,5
HG_004,SGL,RO,ADL-2,2026-05-14,140.68,1,21,false,5
HG_004,SGL,RO,ADL-2,2026-05-15,139.61,1,21,false,5
HG_004,SGL,RO,ADL-2,2026-05-16,179.24,1,21,false,5
HG_004,SGL,RO,ADL-2,2026-05-17,165.78,1,21,false,5
HG_004,SGL,RO,ADL-2,2026-05-18,147.94,1,21,false,5
HG_004,SGL,RO,ADL-2,2026-05-19,144.94,1,21,false,5
HG_004,SGL,RO,ADL-2,2026-05-20,152.48,1,21,false,5
HG_004,SGL,RO,ADL-2,2026-05-21,158.01,1,21,false,5
HG_004,SGL,RO,ADL-2,2026-05-22,154.03,1,21,false,5
HG_004,SGL,RO,ADL-2,2026-05-23,165.16,1,21,false,5
HG_004,SGL,RO,ADL-2,2026-05-24,172.31,1,21,false,5
HG_004,SGL,RO,ADL-2,2026-05-25,151.95,1,21,false,5
HG_004,SGL,RO,ADL-2,2026-05-26,156.90,1,21,false,5
HG_004,SGL,RO,ADL-2,2026-05-27,150.59,1,21,false,5
HG_004,SGL,RO,ADL-2,2026-05-28,157.86,1,21,false,5
HG_004,SGL,RO,ADL-2,2026-05-29,146.99,1,21,false,5
HG_004,SGL,RO,ADL-2,2026-05-30,167.01,1,21,false,5
HG_004,SGL,RO,ADL-2,2026-05-31,175.45,1,21,false,5
HG_004,SGL,RO,ADL-2,2026-06-01,157.61,1,21,false,5
HG_004,SGL,RO,ADL-2,2026-06-02,166.20,1,21,false,5
HG_004,SGL,RO,ADL-2,2026-06-03,163.43,1,21,false,5
HG_004,SGL,RO,ADL-2,2026-06-04,166.04,1,21,false,5
HG_004,SGL,RO,ADL-2,2026-06-05,155.70,1,21,false,5
HG_004,SGL,RO,ADL-2,2026-06-06,187.64,1,21,false,5
HG_004,SGL,RO,ADL-2,2026-06-07,182.83,1,21,false,5
HG_004,SGL,RO,ADL-2,2026-06-08,167.34,1,21,false,5
HG_004,SGL,RO,ADL-2,2026-06-09,165.51,1,21,false,5
HG_004,SGL,RO,ADL-2,2026-06-10,155.08,1,21,false,5
HG_004,SGL,RO,ADL-2,2026-06-11,153.09,1,21,false,5
HG_004,SGL,RO,ADL-2,2026-06-12,164.73,1,21,false,5
HG_004,SGL,RO,ADL-2,2026-06-13,174.15,1,21,false,5
HG_004,SGL,RO,ADL-2,2026-06-14,174.93,1,21,false,5
HG_004,SGL,RO,ADL-2,2026-06-15,172.87,1,21,false,5
HG_004,SGL,RO,ADL-2,2026-06-16,162.83,1,21,false,5
HG_004,SGL,RO,ADL-2,2026-06-17,163.83,1,21,false,5
HG_004,SGL,RO,ADL-2,2026-06-18,163.60,1,21,false,5
HG_004,SGL,RO,ADL-2,2026-06-19,161.47,1,21,false,5
HG_004,SGL,RO,ADL-2,2026-06-20,196.05,1,21,false,5
HG_004,SGL,RO,ADL-2,2026-06-21,185.58,1,21,false,5
HG_004,SGL,RO,ADL-2,2026-06-22,166.86,1,21,false,5
HG_004,SGL,RO,ADL-2,2026-06-23,171.18,1,21,false,5
HG_004,SGL,RO,ADL-2,2026-06-24,164.32,1,21,false,5
HG_004,SGL,RO,ADL-2,2026-06-25,167.25,1,21,false,5
HG_004,SGL,RO,ADL-2,2026-06-26,177.51,1,21,false,5
HG_004,SGL,RO,ADL-2,2026-06-27,195.92,1,21,false,5
HG_004,SGL,RO,ADL-2,2026-06-28,184.12,1,21,false,5
HG_004,SGL,RO,ADL-2,2026-06-29,163.89,1,21,false,5
HG_004,SGL,BB,ADL-1,2026-05-01,147.06,1,21,false,5
HG_004,SGL,BB,ADL-1,2026-05-02,173.87,1,21,false,5
HG_004,SGL,BB,ADL-1,2026-05-03,171.56,1,21,false,5
HG_004,SGL,BB,ADL-1,2026-05-04,159.25,1,21,false,5
HG_004,SGL,BB,ADL-1,2026-05-05,163.52,1,21,false,5
HG_004,SGL,BB,ADL-1,2026-05-06,150.65,1,21,false,5
HG_004,SGL,BB,ADL-1,2026-05-07,161.00,1,21,false,5
HG_004,SGL,BB,ADL-1,2026-05-08,155.65,1,21,false,5
HG_004,SGL,BB,ADL-1,2026-05-09,168.01,1,21,false,5
HG_004,SGL,BB,ADL-1,2026-05-10,181.22,1,21,false,5
HG_004,SGL,BB,ADL-1,2026-05-11,163.13,1,21,false,5
HG_004,SGL,BB,ADL-1,2026-05-12,151.25,1,21,false,5
HG_004,SGL,BB,ADL-1,2026-05-13,160.14,1,21,false,5
HG_004,SGL,BB,ADL-1,2026-05-14,161.96,1,21,false,5
HG_004,SGL,BB,ADL-1,2026-05-15,160.63,1,21,false,5
HG_004,SGL,BB,ADL-1,2026-05-16,177.41,1,21,false,5
HG_004,SGL,BB,ADL-1,2026-05-17,183.02,1,21,false,5
HG_004,SGL,BB,ADL-1,2026-05-18,157.45,1,21,false,5
HG_004,SGL,BB,ADL-1,2026-05-19,159.90,1,21,false,5
HG_004,SGL,BB,ADL-1,2026-05-20,173.05,1,21,false,5
HG_004,SGL,BB,ADL-1,2026-05-21,167.21,1,21,false,5
HG_004,SGL,BB,ADL-1,2026-05-22,165.44,1,21,false,5
HG_004,SGL,BB,ADL-1,2026-05-23,191.54,1,21,false,5
HG_004,SGL,BB,ADL-1,2026-05-24,194.72,1,21,false,5
HG_004,SGL,BB,ADL-1,2026-05-25,168.62,1,21,false,5
HG_004,SGL,BB,ADL-1,2026-05-26,161.60,1,21,false,5
HG_004,SGL,BB,ADL-1,2026-05-27,159.80,1,21,false,5
HG_004,SGL,BB,ADL-1,2026-05-28,168.65,1,21,false,5
HG_004,SGL,BB,ADL-1,2026-05-29,163.82,1,21,false,5
HG_004,SGL,BB,ADL-1,2026-05-30,182.42,1,21,false,5
HG_004,SGL,BB,ADL-1,2026-05-31,189.35,1,21,false,5
HG_004,SGL,BB,ADL-1,2026-06-01,180.44,1,21,false,5
HG_004,SGL,BB,ADL-1,2026-06-02,180.45,1,21,false,5
HG_004,SGL,BB,ADL-1,2026-06-03,172.83,1,21,false,5
HG_004,SGL,BB,ADL-1,2026-06-04,165.63,1,21,false,5
HG_004,SGL,BB,ADL-1,2026-06-05,177.47,1,21,false,5
HG_004,SGL,BB,ADL-1,2026-06-06,196.61,1,21,false,5
HG_004,SGL,BB,ADL-1,2026-06-07,190.91,1,21,false,5
HG_004,SGL,BB,ADL-1,2026-06-08,179.52,1,21,false,5
HG_004,SGL,BB,ADL-1,2026-06-09,166.98,1,21,false,5
HG_004,SGL,BB,ADL-1,2026-06-10,169.84,1,21,false,5
HG_004,SGL,BB,ADL-1,2026-06-11,168.80,1,21,false,5
HG_004,SGL,BB,ADL-1,2026-06-12,169.90,1,21,false,5
HG_004,SGL,BB,ADL-1,2026-06-13,202.40,1,21,false,5
HG_004,SGL,BB,ADL-1,2026-06-14,204.05,1,21,false,5
HG_004,SGL,BB,ADL-1,2026-06-15,188.61,1,21,false,5
HG_004,SGL,BB,ADL-1,2026-06-16,176.96,1,21,false,5
HG_004,SGL,BB,ADL-1,2026-06-17,187.86,1,21,false,5
HG_004,SGL,BB,ADL-1,2026-06-18,190.95,1,21,false,5
HG_004,SGL,BB,ADL-1,2026-06-19,177.16,1,21,false,5
HG_004,SGL,BB,ADL-1,2026-06-20,199.81,1,21,false,5
HG_004,SGL,BB,ADL-1,2026-06-21,209.48,1,21,false,5
HG_004,SGL,BB,ADL-1,2026-06-22,180.13,1,21,false,5
HG_004,SGL,BB,ADL-1,2026-06-23,179.93,1,21,false,5
HG_004,SGL,BB,ADL-1,2026-06-24,188.64,1,21,false,5
HG_004,SGL,BB,ADL-1,2026-06-25,185.85,1,21,false,5
HG_004,SGL,BB,ADL-1,2026-06-26,183.60,1,21,false,5
HG_004,SGL,BB,ADL-1,2026-06-27,211.24,1,21,false,5
HG_004,SGL,BB,ADL-1,2026-06-28,215.27,1,21,false,5
HG_004,SGL,BB,ADL-1,2026-06-29,186.14,1,21,false,5
HG_004,SGL,BB,ADL-2,2026-05-01,148.00,1,21,false,5
HG_004,SGL,BB,ADL-2,2026-05-02,167.18,1,21,false,5
HG_004,SGL,BB,ADL-2,2026-05-03,172.16,1,21,false,5
HG_004,SGL,BB,ADL-2,2026-05-04,162.70,1,21,false,5
HG_004,SGL,BB,ADL-2,2026-05-05,155.71,1,21,false,5
HG_004,SGL,BB,ADL-2,2026-05-06,155.89,1,21,false,5
HG_004,SGL,BB,ADL-2,2026-05-07,159.94,1,21,false,5
HG_004,SGL,BB,ADL-2,2026-05-08,151.56,1,21,false,5
HG_004,SGL,BB,ADL-2,2026-05-09,176.68,1,21,false,5
HG_004,SGL,BB,ADL-2,2026-05-10,179.10,1,21,false,5
HG_004,SGL,BB,ADL-2,2026-05-11,154.69,1,21,false,5
HG_004,SGL,BB,ADL-2,2026-05-12,161.55,1,21,false,5
HG_004,SGL,BB,ADL-2,2026-05-13,148.96,1,21,false,5
HG_004,SGL,BB,ADL-2,2026-05-14,148.81,1,21,false,5
HG_004,SGL,BB,ADL-2,2026-05-15,155.87,1,21,false,5
HG_004,SGL,BB,ADL-2,2026-05-16,177.28,1,21,false,5
HG_004,SGL,BB,ADL-2,2026-05-17,184.19,1,21,false,5
HG_004,SGL,BB,ADL-2,2026-05-18,173.05,1,21,false,5
HG_004,SGL,BB,ADL-2,2026-05-19,161.57,1,21,false,5
HG_004,SGL,BB,ADL-2,2026-05-20,161.46,1,21,false,5
HG_004,SGL,BB,ADL-2,2026-05-21,167.72,1,21,false,5
HG_004,SGL,BB,ADL-2,2026-05-22,164.16,1,21,false,5
HG_004,SGL,BB,ADL-2,2026-05-23,179.95,1,21,false,5
HG_004,SGL,BB,ADL-2,2026-05-24,184.71,1,21,false,5
HG_004,SGL,BB,ADL-2,2026-05-25,167.94,1,21,false,5
HG_004,SGL,BB,ADL-2,2026-05-26,164.28,1,21,false,5
HG_004,SGL,BB,ADL-2,2026-05-27,166.31,1,21,false,5
HG_004,SGL,BB,ADL-2,2026-05-28,165.40,1,21,false,5
HG_004,SGL,BB,ADL-2,2026-05-29,161.77,1,21,false,5
HG_004,SGL,BB,ADL-2,2026-05-30,184.19,1,21,false,5
HG_004,SGL,BB,ADL-2,2026-05-31,203.36,1,21,false,5
HG_004,SGL,BB,ADL-2,2026-06-01,183.67,1,21,false,5
HG_004,SGL,BB,ADL-2,2026-06-02,178.70,1,21,false,5
HG_004,SGL,BB,ADL-2,2026-06-03,171.24,1,21,false,5
HG_004,SGL,BB,ADL-2,2026-06-04,171.31,1,21,false,5
HG_004,SGL,BB,ADL-2,2026-06-05,170.14,1,21,false,5
HG_004,SGL,BB,ADL-2,2026-06-06,184.93,1,21,false,5
HG_004,SGL,BB,ADL-2,2026-06-07,204.66,1,21,false,5
HG_004,SGL,BB,ADL-2,2026-06-08,178.42,1,21,false,5
HG_004,SGL,BB,ADL-2,2026-06-09,174.80,1,21,false,5
HG_004,SGL,BB,ADL-2,2026-06-10,171.40,1,21,false,5
HG_004,SGL,BB,ADL-2,2026-06-11,181.44,1,21,false,5
HG_004,SGL,BB,ADL-2,2026-06-12,181.33,1,21,false,5
HG_004,SGL,BB,ADL-2,2026-06-13,189.06,1,21,false,5
HG_004,SGL,BB,ADL-2,2026-06-14,199.83,1,21,false,5
HG_004,SGL,BB,ADL-2,2026-06-15,179.48,1,21,false,5
HG_004,SGL,BB,ADL-2,2026-06-16,189.53,1,21,false,5
HG_004,SGL,BB,ADL-2,2026-06-17,177.07,1,21,false,5
HG_004,SGL,BB,ADL-2,2026-06-18,190.75,1,21,false,5
HG_004,SGL,BB,ADL-2,2026-06-19,194.38,1,21,false,5
HG_004,SGL,BB,ADL-2,2026-06-20,200.06,1,21,false,5
HG_004,SGL,BB,ADL-2,2026-06-21,209.17,1,21,false,5
HG_004,SGL,BB,ADL-2,2026-06-22,189.52,1,21,false,5
HG_004,SGL,BB,ADL-2,2026-06-23,189.13,1,21,false,5
HG_004,SGL,BB,ADL-2,2026-06-24,177.61,1,21,false,5
HG_004,SGL,BB,ADL-2,2026-06-25,182.46,1,21,false,5
HG_004,SGL,BB,ADL-2,2026-06-26,190.29,1,21,false,5
HG_004,SGL,BB,ADL-2,2026-06-27,215.31,1,21,false,5
HG_004,SGL,BB,ADL-2,2026-06-28,209.47,1,21,false,5
HG_004,SGL,BB,ADL-2,2026-06-29,180.06,1,21,false,5
HG_004,SGL,HB,ADL-1,2026-05-01,161.05,1,21,false,5
HG_004,SGL,HB,ADL-1,2026-05-02,194.91,1,21,false,5
HG_004,SGL,HB,ADL-1,2026-05-03,180.29,1,21,false,5
HG_004,SGL,HB,ADL-1,2026-05-04,161.43,1,21,false,5
HG_004,SGL,HB,ADL-1,2026-05-05,175.05,1,21,false,5
HG_004,SGL,HB,ADL-1,2026-05-06,169.46,1,21,false,5
HG_004,SGL,HB,ADL-1,2026-05-07,174.07,1,21,false,5
HG_004,SGL,HB,ADL-1,2026-05-08,172.38,1,21,false,5
HG_004,SGL,HB,ADL-1,2026-05-09,179.93,1,21,false,5
HG_004,SGL,HB,ADL-1,2026-05-10,179.95,1,21,false,5
HG_004,SGL,HB,ADL-1,2026-05-11,169.46,1,21,false,5
HG_004,SGL,HB,ADL-1,2026-05-12,167.40,1,21,false,5
HG_004,SGL,HB,ADL-1,2026-05-13,162.52,1,21,false,5
HG_004,SGL,HB,ADL-1,2026-05-14,177.04,1,21,false,5
HG_004,SGL,HB,ADL-1,2026-05-15,177.34,1,21,false,5
HG_004,SGL,HB,ADL-1,2026-05-16,200.67,1,21,false,5
HG_004,SGL,HB,ADL-1,2026-05-17,206.95,1,21,false,5
HG_004,SGL,HB,ADL-1,2026-05-18,172.04,1,21,false,5
HG_004,SGL,HB,ADL-1,2026-05-19,187.67,1,21,false,5
HG_004,SGL,HB,ADL-1,2026-05-20,175.18,1,21,false,5
HG_004,SGL,HB,ADL-1,2026-05-21,170.77,1,21,false,5
HG_004,SGL,HB,ADL-1,2026-05-22,171.04,1,21,false,5
HG_004,SGL,HB,ADL-1,2026-05-23,194.19,1,21,false,5
HG_004,SGL,HB,ADL-1,2026-05-24,200.28,1,21,false,5
HG_004,SGL,HB,ADL-1,2026-05-25,174.16,1,21,false,5
HG_004,SGL,HB,ADL-1,2026-05-26,174.68,1,21,false,5
HG_004,SGL,HB,ADL-1,2026-05-27,178.99,1,21,false,5
HG_004,SGL,HB,ADL-1,2026-05-28,180.95,1,21,false,5
HG_004,SGL,HB,ADL-1,2026-05-29,173.39,1,21,false,5
HG_004,SGL,HB,ADL-1,2026-05-30,201.34,1,21,false,5
HG_004,SGL,HB,ADL-1,2026-05-31,218.92,1,21,false,5
HG_004,SGL,HB,ADL-1,2026-06-01,195.64,1,21,false,5
HG_004,SGL,HB,ADL-1,2026-06-02,195.89,1,21,false,5
HG_004,SGL,HB,ADL-1,2026-06-03,199.15,1,21,false,5
HG_004,SGL,HB,ADL-1,2026-06-04,198.96,1,21,false,5
HG_004,SGL,HB,ADL-1,2026-06-05,182.45,1,21,false,5
HG_004,SGL,HB,ADL-1,2026-06-06,220.17,1,21,false,5
HG_004,SGL,HB,ADL-1,2026-06-07,215.41,1,21,false,5
HG_004,SGL,HB,ADL-1,2026-06-08,192.00,1,21,false,5
HG_004,SGL,HB,ADL-1,2026-06-09,191.87,1,21,false,5
HG_004,SGL,HB,ADL-1,2026-06-10,198.74,1,21,false,5
HG_004,SGL,HB,ADL-1,2026-06-11,184.92,1,21,false,5
HG_004,SGL,HB,ADL-1,2026-06-12,190.31,1,21,false,5
HG_004,SGL,HB,ADL-1,2026-06-13,204.18,1,21,false,5
HG_004,SGL,HB,ADL-1,2026-06-14,203.10,1,21,false,5
HG_004,SGL,HB,ADL-1,2026-06-15,201.32,1,21,false,5
HG_004,SGL,HB,ADL-1,2026-06-16,189.62,1,21,false,5
HG_004,SGL,HB,ADL-1,2026-06-17,210.46,1,21,false,5
HG_004,SGL,HB,ADL-1,2026-06-18,204.87,1,21,false,5
HG_004,SGL,HB,ADL-1,2026-06-19,189.34,1,21,false,5
HG_004,SGL,HB,ADL-1,2026-06-20,210.49,1,21,false,5
HG_004,SGL,HB,ADL-1,2026-06-21,221.89,1,21,false,5
HG_004,SGL,HB,ADL-1,2026-06-22,195.98,1,21,false,5
HG_004,SGL,HB,ADL-1,2026-06-23,205.07,1,21,false,5
HG_004,SGL,HB,ADL-1,2026-06-24,208.69,1,21,false,5
HG_004,SGL,HB,ADL-1,2026-06-25,207.31,1,21,false,5
HG_004,SGL,HB,ADL-1,2026-06-26,190.35,1,21,false,5
HG_004,SGL,HB,ADL-1,2026-06-27,228.00,1,21,false,5
HG_004,SGL,HB,ADL-1,2026-06-28,231.26,1,21,false,5
HG_004,SGL,HB,ADL-1,2026-06-29,194.39,1,21,false,5
HG_004,SGL,HB,ADL-2,2026-05-01,162.90,1,21,false,5
HG_004,SGL,HB,ADL-2,2026-05-02,197.11,1,21,false,5
HG_004,SGL,HB,ADL-2,2026-05-03,200.03,1,21,false,5
HG_004,SGL,HB,ADL-2,2026-05-04,172.38,1,21,false,5
HG_004,SGL,HB,ADL-2,2026-05-05,176.74,1,21,false,5
HG_004,SGL,HB,ADL-2,2026-05-06,165.38,1,21,false,5
HG_004,SGL,HB,ADL-2,2026-05-07,173.86,1,21,false,5
HG_004,SGL,HB,ADL-2,2026-05-08,168.02,1,21,false,5
HG_004,SGL,HB,ADL-2,2026-05-09,190.05,1,21,false,5
HG_004,SGL,HB,ADL-2,2026-05-10,195.80,1,21,false,5
HG_004,SGL,HB,ADL-2,2026-05-11,177.70,1,21,false,5
HG_004,SGL,HB,ADL-2,2026-05-12,163.91,1,21,false,5
HG_004,SGL,HB,ADL-2,2026-05-13,163.56,1,21,false,5
HG_004,SGL,HB,ADL-2,2026-05-14,177.78,1,21,false,5
HG_004,SGL,HB,ADL-2,2026-05-15,173.79,1,21,false,5
HG_004,SGL,HB,ADL-2,2026-05-16,202.98,1,21,false,5
HG_004,SGL,HB,ADL-2,2026-05-17,201.93,1,21,false,5
HG_004,SGL,HB,ADL-2,2026-05-18,179.01,1,21,false,5
HG_004,SGL,HB,ADL-2,2026-05-19,178.92,1,21,false,5
HG_004,SGL,HB,ADL-2,2026-05-20,173.19,1,21,false,5
HG_004,SGL,HB,ADL-2,2026-05-21,187.41,1,21,false,5
HG_004,SGL,HB,ADL-2,2026-05-22,189.29,1,21,false,5
HG_004,SGL,HB,ADL-2,2026-05-23,196.91,1,21,false,5
HG_004,SGL,HB,ADL-2,2026-05-24,202.96,1,21,false,5
HG_004,SGL,HB,ADL-2,2026-05-25,181.58,1,21,false,5
HG_004,SGL,HB,ADL-2,2026-05-26,181.80,1,21,false,5
HG_004,SGL,HB,ADL-2,2026-05-27,187.47,1,21,false,5
HG_004,SGL,HB,ADL-2,2026-05-28,179.78,1,21,false,5
HG_004,SGL,HB,ADL-2,2026-05-29,173.23,1,21,false,5
HG_004,SGL,HB,ADL-2,2026-05-30,197.07,1,21,false,5
HG_004,SGL,HB,ADL-2,2026-05-31,214.55,1,21,false,5
HG_004,SGL,HB,ADL-2,2026-06-01,186.14,1,21,false,5
HG_004,SGL,HB,ADL-2,2026-06-02,182.70,1,21,false,5
HG_004,SGL,HB,ADL-2,2026-06-03,180.56,1,21,false,5
HG_004,SGL,HB,ADL-2,2026-06-04,185.68,1,21,false,5
HG_004,SGL,HB,ADL-2,2026-06-05,184.92,1,21,false,5
HG_004,SGL,HB,ADL-2,2026-06-06,200.13,1,21,false,5
HG_004,SGL,HB,ADL-2,2026-06-07,221.48,1,21,false,5
HG_004,SGL,HB,ADL-2,2026-06-08,198.53,1,21,false,5
HG_004,SGL,HB,ADL-2,2026-06-09,195.75,1,21,false,5
HG_004,SGL,HB,ADL-2,2026-06-10,187.45,1,21,false,5
HG_004,SGL,HB,ADL-2,2026-06-11,193.18,1,21,false,5
HG_004,SGL,HB,ADL-2,2026-06-12,199.72,1,21,false,5
HG_004,SGL,HB,ADL-2,2026-06-13,203.82,1,21,false,5
HG_004,SGL,HB,ADL-2,2026-06-14,213.65,1,21,false,5
HG_004,SGL,HB,ADL-2,2026-06-15,195.19,1,21,false,5
HG_004,SGL,HB,ADL-2,2026-06-16,206.68,1,21,false,5
HG_004,SGL,HB,ADL-2,2026-06-17,199.61,1,21,false,5
HG_004,SGL,HB,ADL-2,2026-06-18,200.99,1,21,false,5
HG_004,SGL,HB,ADL-2,2026-06-19,207.14,1,21,false,5
HG_004,SGL,HB,ADL-2,2026-06-20,216.66,1,21,false,5
HG_004,SGL,HB,ADL-2,2026-06-21,209.83,1,21,false,5
HG_004,SGL,HB,ADL-2,2026-06-22,190.34,1,21,false,5
HG_004,SGL,HB,ADL-2,2026-06-23,206.75,1,21,false,5
HG_004,SGL,HB,ADL-2,2026-06-24,199.87,1,21,false,5
HG_004,SGL,HB,ADL-2,2026-06-25,209.94,1,21,false,5
HG_004,SGL,HB,ADL-2,2026-06-26,202.82,1,21,false,5
HG_004,SGL,HB,ADL-2,2026-06-27,228.92,1,21,false,5
HG_004,SGL,HB,ADL-2,2026-06-28,217.06,1,21,false,5
HG_004,SGL,HB,ADL-2,2026-06-29,198.71,1,21,false,5
HG_004,SGL,FB,ADL-1,2026-05-01,193.20,1,21,false,5
HG_004,SGL,FB,ADL-1,2026-05-02,198.20,1,21,false,5
HG_004,SGL,FB,ADL-1,2026-05-03,199.84,1,21,false,5
HG_004,SGL,FB,ADL-1,2026-05-04,189.03,1,21,false,5
HG_004,SGL,FB,ADL-1,2026-05-05,175.69,1,21,false,5
HG_004,SGL,FB,ADL-1,2026-05-06,183.71,1,21,false,5
HG_004,SGL,FB,ADL-1,2026-05-07,193.23,1,21,false,5
HG_004,SGL,FB,ADL-1,2026-05-08,186.02,1,21,false,5
HG_004,SGL,FB,ADL-1,2026-05-09,201.18,1,21,false,5
HG_004,SGL,FB,ADL-1,2026-05-10,215.33,1,21,false,5
HG_004,SGL,FB,ADL-1,2026-05-11,188.50,1,21,false,5
HG_004,SGL,FB,ADL-1,2026-05-12,192.36,1,21,false,5
HG_004,SGL,FB,ADL-1,2026-05-13,194.81,1,21,false,5
HG_004,SGL,FB,ADL-1,2026-05-14,175.77,1,21,false,5
HG_004,SGL,FB,ADL-1,2026-05-15,191.29,1,21,false,5
HG_004,SGL,FB,ADL-1,2026-05-16,213.18,1,21,false,5
HG_004,SGL,FB,ADL-1,2026-05-17,212.96,1,21,false,5
HG_004,SGL,FB,ADL-1,2026-05-18,191.55,1,21,false,5
HG_004,SGL,FB,ADL-1,2026-05-19,194.99,1,21,false,5
HG_004,SGL,FB,ADL-1,2026-05-20,200.24,1,21,false,5
HG_004,SGL,FB,ADL-1,2026-05-21,197.40,1,21,false,5
HG_004,SGL,FB,ADL-1,2026-05-22,195.73,1,21,false,5
HG_004,SGL,FB,ADL-1,2026-05-23,211.68,1,21,false,5
HG_004,SGL,FB,ADL-1,2026-05-24,221.80,1,21,false,5
HG_004,SGL,FB,ADL-1,2026-05-25,200.14,1,21,false,5
HG_004,SGL,FB,ADL-1,2026-05-26,188.61,1,21,false,5
HG_004,SGL,FB,ADL-1,2026-05-27,196.86,1,21,false,5
HG_004,SGL,FB,ADL-1,2026-05-28,195.35,1,21,false,5
HG_004,SGL,FB,ADL-1,2026-05-29,199.49,1,21,false,5
HG_004,SGL,FB,ADL-1,2026-05-30,212.96,1,21,false,5
HG_004,SGL,FB,ADL-1,2026-05-31,228.98,1,21,false,5
HG_004,SGL,FB,ADL-1,2026-06-01,207.97,1,21,false,5
HG_004,SGL,FB,ADL-1,2026-06-02,197.10,1,21,false,5
HG_004,SGL,FB,ADL-1,2026-06-03,204.13,1,21,false,5
HG_004,SGL,FB,ADL-1,2026-06-04,201.79,1,21,false,5
HG_004,SGL,FB,ADL-1,2026-06-05,204.32,1,21,false,5
HG_004,SGL,FB,ADL-1,2026-06-06,219.02,1,21,false,5
HG_004,SGL,FB,ADL-1,2026-06-07,228.29,1,21,false,5
HG_004,SGL,FB,ADL-1,2026-06-08,210.10,1,21,false,5
HG_004,SGL,FB,ADL-1,2026-06-09,212.34,1,21,false,5
HG_004,SGL,FB,ADL-1,2026-06-10,197.76,1,21,false,5
HG_004,SGL,FB,ADL-1,2026-06-11,196.05,1,21,false,5
HG_004,SGL,FB,ADL-1,2026-06-12,194.36,1,21,false,5
HG_004,SGL,FB,ADL-1,2026-06-13,220.74,1,21,false,5
HG_004,SGL,FB,ADL-1,2026-06-14,225.70,1,21,false,5
HG_004,SGL,FB,ADL-1,2026-06-15,206.58,1,21,false,5
HG_004,SGL,FB,ADL-1,2026-06-16,217.21,1,21,false,5
HG_004,SGL,FB,ADL-1,2026-06-17,210.86,1,21,false,5
HG_004,SGL,FB,ADL-1,2026-06-18,208.77,1,21,false,5
HG_004,SGL,FB,ADL-1,2026-06-19,224.63,1,21,false,5
HG_004,SGL,FB,ADL-1,2026-06-20,245.43,1,21,false,5
HG_004,SGL,FB,ADL-1,2026-06-21,238.06,1,21,false,5
HG_004,SGL,FB,ADL-1,2026-06-22,225.13,1,21,false,5
HG_004,SGL,FB,ADL-1,2026-06-23,221.17,1,21,false,5
HG_004,SGL,FB,ADL-1,2026-06-24,226.56,1,21,false,5
HG_004,SGL,FB,ADL-1,2026-06-25,208.67,1,21,false,5
HG_004,SGL,FB,ADL-1,2026-06-26,216.28,1,21,false,5
HG_004,SGL,FB,ADL-1,2026-06-27,226.60,1,21,false,5
HG_004,SGL,FB,ADL-1,2026-06-28,240.32,1,21,false,5
HG_004,SGL,FB,ADL-1,2026-06-29,209.95,1,21,false,5
HG_004,SGL,FB,ADL-2,2026-05-01,180.13,1,21,false,5
HG_004,SGL,FB,ADL-2,2026-05-02,208.28,1,21,false,5
HG_004,SGL,FB,ADL-2,2026-05-03,204.17,1,21,false,5
HG_004,SGL,FB,ADL-2,2026-05-04,193.50,1,21,false,5
HG_004,SGL,FB,ADL-2,2026-05-05,187.39,1,21,false,5
HG_004,SGL,FB,ADL-2,2026-05-06,178.98,1,21,false,5
HG_004,SGL,FB,ADL-2,2026-05-07,179.46,1,21,false,5
HG_004,SGL,FB,ADL-2,2026-05-08,190.11,1,21,false,5
HG_004,SGL,FB,ADL-2,2026-05-09,214.07,1,21,false,5
HG_004,SGL,FB,ADL-2,2026-05-10,212.64,1,21,false,5
HG_004,SGL,FB,ADL-2,2026-05-11,177.98,1,21,false,5
HG_004,SGL,FB,ADL-2,2026-05-12,176.49,1,21,false,5
HG_004,SGL,FB,ADL-2,2026-05-13,189.44,1,21,false,5
HG_004,SGL,FB,ADL-2,2026-05-14,183.19,1,21,false,5
HG_004,SGL,FB,ADL-2,2026-05-15,177.10,1,21,false,5
HG_004,SGL,FB,ADL-2,2026-05-16,224.61,1,21,false,5
HG_004,SGL,FB,ADL-2,2026-05-17,212.27,1,21,false,5
HG_004,SGL,FB,ADL-2,2026-05-18,189.61,1,21,false,5
HG_004,SGL,FB,ADL-2,2026-05-19,192.05,1,21,false,5
HG_004,SGL,FB,ADL-2,2026-05-20,195.02,1,21,false,5
HG_004,SGL,FB,ADL-2,2026-05-21,202.26,1,21,false,5
HG_004,SGL,FB,ADL-2,2026-05-22,194.40,1,21,false,5
HG_004,SGL,FB,ADL-2,2026-05-23,226.58,1,21,false,5
HG_004,SGL,FB,ADL-2,2026-05-24,217.72,1,21,false,5
HG_004,SGL,FB,ADL-2,2026-05-25,185.47,1,21,false,5
HG_004,SGL,FB,ADL-2,2026-05-26,203.44,1,21,false,5
HG_004,SGL,FB,ADL-2,2026-05-27,185.02,1,21,false,5
HG_004,SGL,FB,ADL-2,2026-05-28,187.32,1,21,false,5
HG_004,SGL,FB,ADL-2,2026-05-29,198.50,1,21,false,5
HG_004,SGL,FB,ADL-2,2026-05-30,203.92,1,21,false,5
HG_004,SGL,FB,ADL-2,2026-05-31,234.38,1,21,false,5
HG_004,SGL,FB,ADL-2,2026-06-01,214.11,1,21,false,5
HG_004,SGL,FB,ADL-2,2026-06-02,207.93,1,21,false,5
HG_004,SGL,FB,ADL-2,2026-06-03,196.81,1,21,false,5
HG_004,SGL,FB,ADL-2,2026-06-04,205.57,1,21,false,5
HG_004,SGL,FB,ADL-2,2026-06-05,212.17,1,21,false,5
HG_004,SGL,FB,ADL-2,2026-06-06,216.91,1,21,false,5
HG_004,SGL,FB,ADL-2,2026-06-07,228.81,1,21,false,5
HG_004,SGL,FB,ADL-2,2026-06-08,194.05,1,21,false,5
HG_004,SGL,FB,ADL-2,2026-06-09,200.78,1,21,false,5
HG_004,SGL,FB,ADL-2,2026-06-10,197.47,1,21,false,5
HG_004,SGL,FB,ADL-2,2026-06-11,203.31,1,21,false,5
HG_004,SGL,FB,ADL-2,2026-06-12,206.48,1,21,false,5
HG_004,SGL,FB,ADL-2,2026-06-13,218.16,1,21,false,5
HG_004,SGL,FB,ADL-2,2026-06-14,225.76,1,21,false,5
HG_004,SGL,FB,ADL-2,2026-06-15,205.22,1,21,false,5
HG_004,SGL,FB,ADL-2,2026-06-16,216.98,1,21,false,5
HG_004,SGL,FB,ADL-2,2026-06-17,221.41,1,21,false,5
HG_004,SGL,FB,ADL-2,2026-06-18,218.21,1,21,false,5
HG_004,SGL,FB,ADL-2,2026-06-19,212.69,1,21,false,5
HG_004,SGL,FB,ADL-2,2026-06-20,223.22,1,21,false,5
HG_004,SGL,FB,ADL-2,2026-06-21,236.23,1,21,false,5
HG_004,SGL,FB,ADL-2,2026-06-22,213.49,1,21,false,5
HG_004,SGL,FB,ADL-2,2026-06-23,224.25,1,21,false,5
HG_004,SGL,FB,ADL-2,2026-06-24,219.04,1,21,false,5
HG_004,SGL,FB,ADL-2,2026-06-25,216.92,1,21,false,5
HG_004,SGL,FB,ADL-2,2026-06-26,204.12,1,21,false,5
HG_004,SGL,FB,ADL-2,2026-06-27,246.54,1,21,false,5
HG_004,SGL,FB,ADL-2,2026-06-28,246.64,1,21,false,5
HG_004,SGL,FB,ADL-2,2026-06-29,209.80,1,21,false,5
HG_005,DBL,RO,ADL-1,2026-05-01,133.23,2,21,false,6
HG_005,DBL,RO,ADL-1,2026-05-02,153.67,2,21,false,6
HG_005,DBL,RO,ADL-1,2026-05-03,152.89,2,21,false,6
HG_005,DBL,RO,ADL-1,2026-05-04,126.79,2,21,false,6
HG_005,DBL,RO,ADL-1,2026-05-05,130.44,2,21,false,6
HG_005,DBL,RO,ADL-1,2026-05-06,134.93,2,21,false,6
HG_005,DBL,RO,ADL-1,2026-05-07,126.79,2,21,false,6
HG_005,DBL,RO,ADL-1,2026-05-08,122.22,2,21,false,6
HG_005,DBL,RO,ADL-1,2026-05-09,141.13,2,21,false,6
HG_005,DBL,RO,ADL-1,2026-05-10,150.79,2,21,false,6
HG_005,DBL,RO,ADL-1,2026-05-11,137.05,2,21,false,6
HG_005,DBL,RO,ADL-1,2026-05-12,124.55,2,21,false,6
HG_005,DBL,RO,ADL-1,2026-05-13,136.73,2,21,false,6
HG_005,DBL,RO,ADL-1,2026-05-14,134.49,2,21,false,6
HG_005,DBL,RO,ADL-1,2026-05-15,128.74,2,21,false,6
HG_005,DBL,RO,ADL-1,2026-05-16,166.31,1,21,false,6
HG_005,DBL,RO,ADL-1,2026-05-17,154.49,1,21,false,6
HG_005,DBL,RO,ADL-1,2026-05-18,147.65,1,21,false,6
HG_005,DBL,RO,ADL-1,2026-05-19,141.83,1,21,false,6
HG_005,DBL,RO,ADL-1,2026-05-20,131.24,1,21,false,6
HG_005,DBL,RO,ADL-1,2026-05-21,139.54,1,21,false,6
HG_005,DBL,RO,ADL-1,2026-05-22,139.47,1,21,false,6
HG_005,DBL,RO,ADL-1,2026-05-23,159.18,1,21,false,6
HG_005,DBL,RO,ADL-1,2026-05-24,168.44,1,21,false,6
HG_005,DBL,RO,ADL-1,2026-05-25,136.66,1,21,false,6
HG_005,DBL,RO,ADL-1,2026-05-26,146.19,1,21,false,6
HG_005,DBL,RO,ADL-1,2026-05-27,145.08,1,21,false,6
HG_005,DBL,RO,ADL-1,2026-05-28,142.12,1,21,false,6
HG_005,DBL,RO,ADL-1,2026-05-29,132.34,1,21,false,6
HG_005,DBL,RO,ADL-1,2026-05-30,165.23,1,21,false,6
HG_005,DBL,RO,ADL-1,2026-05-31,175.08,2,21,false,6
HG_005,DBL,RO,ADL-1,2026-06-01,158.73,2,21,false,6
HG_005,DBL,RO,ADL-1,2026-06-02,142.14,2,21,false,6
HG_005,DBL,RO,ADL-1,2026-06-03,145.22,2,21,false,6
HG_005,DBL,RO,ADL-1,2026-06-04,141.12,2,21,false,6
HG_005,DBL,RO,ADL-1,2026-06-05,140.34,2,21,false,6
HG_005,DBL,RO,ADL-1,2026-06-06,167.64,2,21,false,6
HG_005,DBL,RO,ADL-1,2026-06-07,176.34,2,21,false,6
HG_005,DBL,RO,ADL-1,2026-06-08,155.04,2,21,false,6
HG_005,DBL,RO,ADL-1,2026-06-09,145.58,2,21,false,6
HG_005,DBL,RO,ADL-1,2026-06-10,154.31,2,21,false,6
HG_005,DBL,RO,ADL-1,2026-06-11,156.51,2,21,false,6
HG_005,DBL,RO,ADL-1,2026-06-12,155.09,2,21,false,6
HG_005,DBL,RO,ADL-1,2026-06-13,163.42,2,21,false,6
HG_005,DBL,RO,ADL-1,2026-06-14,166.39,2,21,false,6
HG_005,DBL,RO,ADL-1,2026-06-15,164.41,1,21,false,6
HG_005,DBL,RO,ADL-1,2026-06-16,161.21,1,21,false,6
HG_005,DBL,RO,ADL-1,2026-06-17,155.34,1,21,false,6
HG_005,DBL,RO,ADL-1,2026-06-18,165.67,1,21,false,6
HG_005,DBL,RO,ADL-1,2026-06-19,163.22,1,21,false,6
HG_005,DBL,RO,ADL-1,2026-06-20,172.43,1,21,false,6
HG_005,DBL,RO,ADL-1,2026-06-21,182.60,1,21,false,6
HG_005,DBL,RO,ADL-1,2026-06-22,156.55,1,21,false,6
HG_005,DBL,RO,ADL-1,2026-06-23,159.10,1,21,false,6
HG_005,DBL,RO,ADL-1,2026-06-24,156.67,1,21,false,6
HG_005,DBL,RO,ADL-1,2026-06-25,153.42,1,21,false,6
HG_005,DBL,RO,ADL-1,2026-06-26,149.99,1,21,false,6
HG_005,DBL,RO,ADL-1,2026-06-27,168.62,1,21,false,6
HG_005,DBL,RO,ADL-1,2026-06-28,176.41,1,21,false,6
HG_005,DBL,RO,ADL-1,2026-06-29,150.07,1,21,false,6
HG_005,SGL,RO,ADL-1,2026-05-01,153.02,2,21,false,6
HG_005,SGL,RO,ADL-1,2026-05-02,187.82,2,21,false,6
HG_005,SGL,RO,ADL-1,2026-05-03,190.62,2,21,false,6
HG_005,SGL,RO,ADL-1,2026-05-04,167.52,2,21,false,6
HG_005,SGL,RO,ADL-1,2026-05-05,157.27,2,21,false,6
HG_005,SGL,RO,ADL-1,2026-05-06,156.21,2,21,false,6
HG_005,SGL,RO,ADL-1,2026-05-07,164.49,2,21,false,6
HG_005,SGL,RO,ADL-1,2026-05-08,154.58,2,21,false,6
HG_005,SGL,RO,ADL-1,2026-05-09,187.49,2,21,false,6
HG_005,SGL,RO,ADL-1,2026-05-10,182.20,2,21,false,6
HG_005,SGL,RO,ADL-1,2026-05-11,159.28,2,21,false,6
HG_005,SGL,RO,ADL-1,2026-05-12,168.32,2,21,false,6
HG_005,SGL,RO,ADL-1,2026-05-13,158.52,2,21,false,6
HG_005,SGL,RO,ADL-1,2026-05-14,161.93,2,21,false,6
HG_005,SGL,RO,ADL-1,2026-05-15,151.95,2,21,false,6
HG_005,SGL,RO,ADL-1,2026-05-16,193.27,1,21,false,6
HG_005,SGL,RO,ADL-1,2026-05-17,179.96,1,21,false,6
HG_005,SGL,RO,ADL-1,2026-05-18,178.70,1,21,false,6
HG_005,SGL,RO,ADL-1,2026-05-19,160.61,1,21,false,6
HG_005,SGL,RO,ADL-1,2026-05-20,179.53,1,21,false,6
HG_005,SGL,RO,ADL-1,2026-05-21,176.96,1,21,false,6
HG_005,SGL,RO,ADL-1,2026-05-22,179.72,1,21,false,6
HG_005,SGL,RO,ADL-1,2026-05-23,183.74,1,21,false,6
HG_005,SGL,RO,ADL-1,2026-05-24,186.29,1,21,false,6
HG_005,SGL,RO,ADL-1,2026-05-25,173.68,1,21,false,6
HG_005,SGL,RO,ADL-1,2026-05-26,178.59,1,21,false,6
HG_005,SGL,RO,ADL-1,2026-05-27,164.61,1,21,false,6
HG_005,SGL,RO,ADL-1,2026-05-28,160.15,1,21,false,6
HG_005,SGL,RO,ADL-1,2026-05-29,176.30,1,21,false,6
HG_005,SGL,RO,ADL-1,2026-05-30,188.10,1,21,false,6
HG_005,SGL,RO,ADL-1,2026-05-31,188.28,2,21,false,6
HG_005,SGL,RO,ADL-1,2026-06-01,173.54,2,21,false,6
HG_005,SGL,RO,ADL-1,2026-06-02,171.55,2,21,false,6
HG_005,SGL,RO,ADL-1,2026-06-03,175.38,2,21,false,6
HG_005,SGL,RO,ADL-1,2026-06-04,182.24,2,21,false,6
HG_005,SGL,RO,ADL-1,2026-06-05,183.36,2,21,false,6
HG_005,SGL,RO,ADL-1,2026-06-06,210.35,2,21,false,6
HG_005,SGL,RO,ADL-1,2026-06-07,205.93,2,21,false,6
HG_005,SGL,RO,ADL-1,2026-06-08,188.58,2,21,false,6
HG_005,SGL,RO,ADL-1,2026-06-09,178.55,2,21,false,6
HG_005,SGL,RO,ADL-1,2026-06-10,187.21,2,21,false,6
HG_005,SGL,RO,ADL-1,2026-06-11,171.91,2,21,false,6
HG_005,SGL,RO,ADL-1,2026-06-12,180.25,2,21,false,6
HG_005,SGL,RO,ADL-1,2026-06-13,198.36,2,21,false,6
HG_005,SGL,RO,ADL-1,2026-06-14,188.35,2,21,false,6
HG_005,SGL,RO,ADL-1,2026-06-15,198.44,1,21,false,6
HG_005,SGL,RO,ADL-1,2026-06-16,201.06,1,21,false,6
HG_005,SGL,RO,ADL-1,2026-06-17,195.65,1,21,false,6
HG_005,SGL,RO,ADL-1,2026-06-18,179.90,1,21,false,6
HG_005,SGL,RO,ADL-1,2026-06-19,180.33,1,21,false,6
HG_005,SGL,RO,ADL-1,2026-06-20,196.84,1,21,false,6
HG_005,SGL,RO,ADL-1,2026-06-21,198.86,1,21,false,6
HG_005,SGL,RO,ADL-1,2026-06-22,202.35,1,21,false,6
HG_005,SGL,RO,ADL-1,2026-06-23,189.03,1,21,false,6
HG_005,SGL,RO,ADL-1,2026-06-24,193.69,1,21,false,6
HG_005,SGL,RO,ADL-1,2026-06-25,199.18,1,21,false,6
HG_005,SGL,RO,ADL-1,2026-06-26,199.79,1,21,false,6
HG_005,SGL,RO,ADL-1,2026-06-27,199.03,1,21,false,6
HG_005,SGL,RO,ADL-1,2026-06-28,210.77,1,21,false,6
HG_005,SGL,RO,ADL-1,2026-06-29,193.68,1,21,false,6
HG_005,FAM,RO,ADL-1,2026-05-01,198.22,2,21,false,6
HG_005,FAM,RO,ADL-1,2026-05-02,204.25,2,21,false,6
HG_005,FAM,RO,ADL-1,2026-05-03,208.55,2,21,false,6
HG_005,FAM,RO,ADL-1,2026-05-04,189.22,2,21,false,6
HG_005,FAM,RO,ADL-1,2026-05-05,194.19,2,21,false,6
HG_005,FAM,RO,ADL-1,2026-05-06,187.03,2,21,false,6
HG_005,FAM,RO,ADL-1,2026-05-07,180.34,2,21,false,6
HG_005,FAM,RO,ADL-1,2026-05-08,200.07,2,21,false,6
HG_005,FAM,RO,ADL-1,2026-05-09,207.13,2,21,false,6
HG_005,FAM,RO,ADL-1,2026-05-10,205.53,2,21,false,6
HG_005,FAM,RO,ADL-1,2026-05-11,196.73,2,21,false,6
HG_005,FAM,RO,ADL-1,2026-05-12,185.49,2,21,false,6
HG_005,FAM,RO,ADL-1,2026-05-13,198.55,2,21,false,6
HG_005,FAM,RO,ADL-1,2026-05-14,187.16,2,21,false,6
HG_005,FAM,RO,ADL-1,2026-05-15,183.83,2,21,false,6
HG_005,FAM,RO,ADL-1,2026-05-16,227.64,1,21,false,6
HG_005,FAM,RO,ADL-1,2026-05-17,230.89,1,21,false,6
HG_005,FAM,RO,ADL-1,2026-05-18,188.38,1,21,false,6
HG_005,FAM,RO,ADL-1,2026-05-19,212.51,1,21,false,6
HG_005,FAM,RO,ADL-1,2026-05-20,201.65,1,21,false,6
HG_005,FAM,RO,ADL-1,2026-05-21,194.22,1,21,false,6
HG_005,FAM,RO,ADL-1,2026-05-22,189.31,1,21,false,6
HG_005,FAM,RO,ADL-1,2026-05-23,220.12,1,21,false,6
HG_005,FAM,RO,ADL-1,2026-05-24,227.74,1,21,false,6
HG_005,FAM,RO,ADL-1,2026-05-25,195.21,1,21,false,6
HG_005,FAM,RO,ADL-1,2026-05-26,193.47,1,21,false,6
HG_005,FAM,RO,ADL-1,2026-05-27,197.78,1,21,false,6
HG_005,FAM,RO,ADL-1,2026-05-28,204.36,1,21,false,6
HG_005,FAM,RO,ADL-1,2026-05-29,198.77,1,21,false,6
HG_005,FAM,RO,ADL-1,2026-05-30,228.36,1,21,false,6
HG_005,FAM,RO,ADL-1,2026-05-31,240.28,2,21,false,6
HG_005,FAM,RO,ADL-1,2026-06-01,200.78,2,21,false,6
HG_005,FAM,RO,ADL-1,2026-06-02,208.99,2,21,false,6
HG_005,FAM,RO,ADL-1,2026-06-03,220.74,2,21,false,6
HG_005,FAM,RO,ADL-1,2026-06-04,200.47,2,21,false,6
HG_005,FAM,RO,ADL-1,2026-06-05,212.09,2,21,false,6
HG_005,FAM,RO,ADL-1,2026-06-06,225.64,2,21,false,6
HG_005,FAM,RO,ADL-1,2026-06-07,234.41,2,21,false,6
HG_005,FAM,RO,ADL-1,2026-06-08,222.22,2,21,false,6
HG_005,FAM,RO,ADL-1,2026-06-09,207.93,2,21,false,6
HG_005,FAM,RO,ADL-1,2026-06-10,198.44,2,21,false,6
HG_005,FAM,RO,ADL-1,2026-06-11,222.10,2,21,false,6
HG_005,FAM,RO,ADL-1,2026-06-12,210.84,2,21,false,6
HG_005,FAM,RO,ADL-1,2026-06-13,219.08,2,21,false,6
HG_005,FAM,RO,ADL-1,2026-06-14,231.59,2,21,false,6
HG_005,FAM,RO,ADL-1,2026-06-15,233.30,1,21,false,6
HG_005,FAM,RO,ADL-1,2026-06-16,232.24,1,21,false,6
HG_005,FAM,RO,ADL-1,2026-06-17,206.90,1,21,false,6
HG_005,FAM,RO,ADL-1,2026-06-18,226.44,1,21,false,6
HG_005,FAM,RO,ADL-1,2026-06-19,214.48,1,21,false,6
HG_005,FAM,RO,ADL-1,2026-06-20,238.09,1,21,false,6
HG_005,FAM,RO,ADL-1,2026-06-21,253.74,1,21,false,6
HG_005,FAM,RO,ADL-1,2026-06-22,215.89,1,21,false,6
HG_005,FAM,RO,ADL-1,2026-06-23,214.94,1,21,false,6
HG_005,FAM,RO,ADL-1,2026-06-24,221.89,1,21,false,6
HG_005,FAM,RO,ADL-1,2026-06-25,216.10,1,21,false,6
HG_005,FAM,RO,ADL-1,2026-06-26,214.29,1,21,false,6
HG_005,FAM,RO,ADL-1,2026-06-27,244.51,1,21,false,6
HG_005,FAM,RO,ADL-1,2026-06-28,229.25,1,21,false,6
HG_005,FAM,RO,ADL-1,2026-06-29,206.85,1,21,false,6
HG_006,DBL,RO,ADL-1,2026-05-01,145.05,3,21,false,2
HG_006,DBL,RO,ADL-1,2026-05-02,176.52,3,21,false,2
HG_006,DBL,RO,ADL-1,2026-05-03,178.09,3,21,false,2
HG_006,DBL,RO,ADL-1,2026-05-04,155.62,3,21,false,2
HG_006,DBL,RO,ADL-1,2026-05-05,142.67,3,21,false,2
HG_006,DBL,RO,ADL-1,2026-05-06,161.06,3,21,false,2
HG_006,DBL,RO,ADL-1,2026-05-07,157.76,3,21,false,2
HG_006,DBL,RO,ADL-1,2026-05-08,153.12,3,21,false,2
HG_006,DBL,RO,ADL-1,2026-05-09,160.63,3,21,false,2
HG_006,DBL,RO,ADL-1,2026-05-10,165.81,3,21,false,2
HG_006,DBL,RO,ADL-1,2026-05-11,155.32,3,21,false,2
HG_006,DBL,RO,ADL-1,2026-05-12,147.67,3,21,false,2
HG_006,DBL,RO,ADL-1,2026-05-13,151.96,3,21,false,2
HG_006,DBL,RO,ADL-1,2026-05-14,160.58,3,21,false,2
HG_006,DBL,RO,ADL-1,2026-05-15,154.08,3,21,false,2
HG_006,DBL,RO,ADL-1,2026-05-16,192.85,1,21,false,2
HG_006,DBL,RO,ADL-1,2026-05-17,180.18,1,21,false,2
HG_006,DBL,RO,ADL-1,2026-05-18,162.54,1,21,false,2
HG_006,DBL,RO,ADL-1,2026-05-19,164.59,1,21,false,2
HG_006,DBL,RO,ADL-1,2026-05-20,167.02,1,21,false,2
HG_006,DBL,RO,ADL-1,2026-05-21,163.26,1,21,false,2
HG_006,DBL,RO,ADL-1,2026-05-22,155.87,1,21,false,2
HG_006,DBL,RO,ADL-1,2026-05-23,175.96,1,21,false,2
HG_006,DBL,RO,ADL-1,2026-05-24,169.68,1,21,false,2
HG_006,DBL,RO,ADL-1,2026-05-25,164.54,1,21,false,2
HG_006,DBL,RO,ADL-1,2026-05-26,167.99,1,21,false,2
HG_006,DBL,RO,ADL-1,2026-05-27,163.64,1,21,false,2
HG_006,DBL,RO,ADL-1,2026-05-28,169.88,1,21,false,2
HG_006,DBL,RO,ADL-1,2026-05-29,151.46,1,21,false,2
HG_006,DBL,RO,ADL-1,2026-05-30,180.98,1,21,false,2
HG_006,DBL,RO,ADL-1,2026-05-31,177.76,3,21,false,2
HG_006,DBL,RO,ADL-1,2026-06-01,182.64,3,21,false,2
HG_006,DBL,RO,ADL-1,2026-06-02,159.90,3,21,false,2
HG_006,DBL,RO,ADL-1,2026-06-03,166.06,3,21,false,2
HG_006,DBL,RO,ADL-1,2026-06-04,162.88,3,21,false,2
HG_006,DBL,RO,ADL-1,2026-06-05,179.23,3,21,false,2
HG_006,DBL,RO,ADL-1,2026-06-06,180.89,3,21,false,2
HG_006,DBL,RO,ADL-1,2026-06-07,200.46,3,21,false,2
HG_006,DBL,RO,ADL-1,2026-06-08,176.70,3,21,false,2
HG_006,DBL,RO,ADL-1,2026-06-09,182.68,3,21,false,2
HG_006,DBL,RO,ADL-1,2026-06-10,163.92,3,21,false,2
HG_006,DBL,RO,ADL-1,2026-06-11,180.57,3,21,false,2
HG_006,DBL,RO,ADL-1,2026-06-12,172.60,3,21,false,2
HG_006,DBL,RO,ADL-1,2026-06-13,203.51,3,21,false,2
HG_006,DBL,RO,ADL-1,2026-06-14,176.24,3,21,false,2
HG_006,DBL,RO,ADL-1,2026-06-15,191.27,1,21,false,2
HG_006,DBL,RO,ADL-1,2026-06-16,186.85,1,21,false,2
HG_006,DBL,RO,ADL-1,2026-06-17,191.56,1,21,false,2
HG_006,DBL,RO,ADL-1,2026-06-18,182.08,1,21,false,2
HG_006,DBL,RO,ADL-1,2026-06-19,183.33,1,21,false,2
HG_006,DBL,RO,ADL-1,2026-06-20,192.48,1,21,false,2
HG_006,DBL,RO,ADL-1,2026-06-21,211.51,1,21,false,2
HG_006,DBL,RO,ADL-1,2026-06-22,178.31,1,21,false,2
HG_006,DBL,RO,ADL-1,2026-06-23,185.71,1,21,false,2
HG_006,DBL,RO,ADL-1,2026-06-24,179.91,1,21,false,2
HG_006,DBL,RO,ADL-1,2026-06-25,186.84,1,21,false,2
HG_006,DBL,RO,ADL-1,2026-06-26,188.26,1,21,false,2
HG_006,DBL,RO,ADL-1,2026-06-27,204.58,1,21,false,2
HG_006,DBL,RO,ADL-1,2026-06-28,200.20,1,21,false,2
HG_006,DBL,RO,ADL-1,2026-06-29,171.76,1,21,false,2
HG_006,DBL,RO,ADL-2,2026-05-01,154.12,3,21,false,2
HG_006,DBL,RO,ADL-2,2026-05-02,178.15,3,21,false,2
HG_006,DBL,RO,ADL-2,2026-05-03,179.28,3,21,false,2
HG_006,DBL,RO,ADL-2,2026-05-04,147.78,3,21,false,2
HG_006,DBL,RO,ADL-2,2026-05-05,143.85,3,21,false,2
HG_006,DBL,RO,ADL-2,2026-05-06,155.37,3,21,false,2
HG_006,DBL,RO,ADL-2,2026-05-07,144.08,3,21,false,2
HG_006,DBL,RO,ADL-2,2026-05-08,150.01,3,21,false,2
HG_006,DBL,RO,ADL-2,2026-05-09,178.11,3,21,false,2
HG_006,DBL,RO,ADL-2,2026-05-10,174.02,3,21,false,2
HG_006,DBL,RO,ADL-2,2026-05-11,152.99,3,21,false,2
HG_006,DBL,RO,ADL-2,2026-05-12,153.23,3,21,false,2
HG_006,DBL,RO,ADL-2,2026-05-13,143.90,3,21,false,2
HG_006,DBL,RO,ADL-2,2026-05-14,140.87,3,21,false,2
HG_006,DBL,RO,ADL-2,2026-05-15,160.96,3,21,false,2
HG_006,DBL,RO,ADL-2,2026-05-16,177.11,1,21,false,2
HG_006,DBL,RO,ADL-2,2026-05-17,184.76,1,21,false,2
HG_006,DBL,RO,ADL-2,2026-05-18,162.24,1,21,false,2
HG_006,DBL,RO,ADL-2,2026-05-19,167.97,1,21,false,2
HG_006,DBL,RO,ADL-2,2026-05-20,162.98,1,21,false,2
HG_006,DBL,RO,ADL-2,2026-05-21,164.41,1,21,false,2
HG_006,DBL,RO,ADL-2,2026-05-22,161.46,1,21,false,2
HG_006,DBL,RO,ADL-2,2026-05-23,187.24,1,21,false,2
HG_006,DBL,RO,ADL-2,2026-05-24,191.77,1,21,false,2
HG_006,DBL,RO,ADL-2,2026-05-25,157.85,1,21,false,2
HG_006,DBL,RO,ADL-2,2026-05-26,167.84,1,21,false,2
HG_006,DBL,RO,ADL-2,2026-05-27,163.24,1,21,false,2
HG_006,DBL,RO,ADL-2,2026-05-28,149.95,1,21,false,2
HG_006,DBL,RO,ADL-2,2026-05-29,153.25,1,21,false,2
HG_006,DBL,RO,ADL-2,2026-05-30,170.40,1,21,false,2
HG_006,DBL,RO,ADL-2,2026-05-31,193.23,3,21,false,2
HG_006,DBL,RO,ADL-2,2026-06-01,182.27,3,21,false,2
HG_006,DBL,RO,ADL-2,2026-06-02,157.31,3,21,false,2
HG_006,DBL,RO,ADL-2,2026-06-03,177.70,3,21,false,2
HG_006,DBL,RO,ADL-2,2026-06-04,164.33,3,21,false,2
HG_006,DBL,RO,ADL-2,2026-06-05,174.95,3,21,false,2
HG_006,DBL,RO,ADL-2,2026-06-06,201.80,3,21,false,2
HG_006,DBL,RO,ADL-2,2026-06-07,199.42,3,21,false,2
HG_006,DBL,RO,ADL-2,2026-06-08,168.36,3,21,false,2
HG_006,DBL,RO,ADL-2,2026-06-09,161.71,3,21,false,2
HG_006,DBL,RO,ADL-2,2026-06-10,180.66,3,21,false,2
HG_006,DBL,RO,ADL-2,2026-06-11,160.62,3,21,false,2
HG_006,DBL,RO,ADL-2,2026-06-12,173.32,3,21,false,2
HG_006,DBL,RO,ADL-2,2026-06-13,192.62,3,21,false,2
HG_006,DBL,RO,ADL-2,2026-06-14,196.47,3,21,false,2
HG_006,DBL,RO,ADL-2,2026-06-15,192.94,1,21,false,2
HG_006,DBL,RO,ADL-2,2026-06-16,177.42,1,21,false,2
HG_006,DBL,RO,ADL-2,2026-06-17,183.24,1,21,false,2
HG_006,DBL,RO,ADL-2,2026-06-18,183.85,1,21,false,2
HG_006,DBL,RO,ADL-2,2026-06-19,175.06,1,21,false,2
HG_006,DBL,RO,ADL-2,2026-06-20,201.35,1,21,false,2
HG_006,DBL,RO,ADL-2,2026-06-21,193.51,1,21,false,2
HG_006,DBL,RO,ADL-2,2026-06-22,174.06,1,21,false,2
HG_006,DBL,RO,ADL-2,2026-06-23,169.58,1,21,false,2
HG_006,DBL,RO,ADL-2,2026-06-24,181.06,1,21,false,2
HG_006,DBL,RO,ADL-2,2026-06-25,179.45,1,21,false,2
HG_006,DBL,RO,ADL-2,2026-06-26,168.42,1,21,false,2
HG_006,DBL,RO,ADL-2,2026-06-27,186.65,1,21,false,2
HG_006,DBL,RO,ADL-2,2026-06-28,211.61,1,21,false,2
HG_006,DBL,RO,ADL-2,2026-06-29,184.49,1,21,false,2
HG_006,DBL,BB,ADL-1,2026-05-01,172.05,3,21,false,2
HG_006,DBL,BB,ADL-1,2026-05-02,190.02,3,21,false,2
HG_006,DBL,BB,ADL-1,2026-05-03,190.30,3,21,false,2
HG_006,DBL,BB,ADL-1,2026-05-04,173.90,3,21,false,2
HG_006,DBL,BB,ADL-1,2026-05-05,171.25,3,21,false,2
HG_006,DBL,BB,ADL-1,2026-05-06,162.02,3,21,false,2
HG_006,DBL,BB,ADL-1,2026-05-07,161.54,3,21,false,2
HG_006,DBL,BB,ADL-1,2026-05-08,169.35,3,21,false,2
HG_006,DBL,BB,ADL-1,2026-05-09,188.57,3,21,false,2
HG_006,DBL,BB,ADL-1,2026-05-10,186.64,3,21,false,2
HG_006,DBL,BB,ADL-1,2026-05-11,173.74,3,21,false,2
HG_006,DBL,BB,ADL-1,2026-05-12,174.78,3,21,false,2
HG_006,DBL,BB,ADL-1,2026-05-13,167.25,3,21,false,2
HG_006,DBL,BB,ADL-1,2026-05-14,155.48,3,21,false,2
HG_006,DBL,BB,ADL-1,2026-05-15,155.91,3,21,false,2
HG_006,DBL,BB,ADL-1,2026-05-16,197.28,1,21,false,2
HG_006,DBL,BB,ADL-1,2026-05-17,197.22,1,21,false,2
HG_006,DBL,BB,ADL-1,2026-05-18,169.05,1,21,false,2
HG_006,DBL,BB,ADL-1,2026-05-19,174.35,1,21,false,2
HG_006,DBL,BB,ADL-1,2026-05-20,188.05,1,21,false,2
HG_006,DBL,BB,ADL-1,2026-05-21,181.93,1,21,false,2
HG_006,DBL,BB,ADL-1,2026-05-22,183.59,1,21,false,2
HG_006,DBL,BB,ADL-1,2026-05-23,206.36,1,21,false,2
HG_006,DBL,BB,ADL-1,2026-05-24,183.86,1,21,false,2
HG_006,DBL,BB,ADL-1,2026-05-25,175.01,1,21,false,2
HG_006,DBL,BB,ADL-1,2026-05-26,163.74,1,21,false,2
HG_006,DBL,BB,ADL-1,2026-05-27,163.70,1,21,false,2
HG_006,DBL,BB,ADL-1,2026-05-28,186.99,1,21,false,2
HG_006,DBL,BB,ADL-1,2026-05-29,174.94,1,21,false,2
HG_006,DBL,BB,ADL-1,2026-05-30,207.86,1,21,false,2
HG_006,DBL,BB,ADL-1,2026-05-31,216.64,3,21,false,2
HG_006,DBL,BB,ADL-1,2026-06-01,179.48,3,21,false,2
HG_006,DBL,BB,ADL-1,2026-06-02,174.43,3,21,false,2
HG_006,DBL,BB,ADL-1,2026-06-03,188.56,3,21,false,2
HG_006,DBL,BB,ADL-1,2026-06-04,180.29,3,21,false,2
HG_006,DBL,BB,ADL-1,2026-06-05,176.09,3,21,false,2
HG_006,DBL,BB,ADL-1,2026-06-06,195.14,3,21,false,2
HG_006,DBL,BB,ADL-1,2026-06-07,211.42,3,21,false,2
HG_006,DBL,BB,ADL-1,2026-06-08,174.66,3,21,false,2
HG_006,DBL,BB,ADL-1,2026-06-09,198.63,3,21,false,2
HG_006,DBL,BB,ADL-1,2026-06-10,174.35,3,21,false,2
HG_006,DBL,BB,ADL-1,2026-06-11,182.20,3,21,false,2
HG_006,DBL,BB,ADL-1,2026-06-12,175.45,3,21,false,2
HG_006,DBL,BB,ADL-1,2026-06-13,218.71,3,21,false,2
HG_006,DBL,BB,ADL-1,2026-06-14,201.98,3,21,false,2
HG_006,DBL,BB,ADL-1,2026-06-15,190.93,1,21,false,2
HG_006,DBL,BB,ADL-1,2026-06-16,185.84,1,21,false,2
HG_006,DBL,BB,ADL-1,2026-06-17,189.11,1,21,false,2
HG_006,DBL,BB,ADL-1,2026-06-18,185.54,1,21,false,2
HG_006,DBL,BB,ADL-1,2026-06-19,193.06,1,21,false,2
HG_006,DBL,BB,ADL-1,2026-06-20,214.57,1,21,false,2
HG_006,DBL,BB,ADL-1,2026-06-21,221.22,1,21,false,2
HG_006,DBL,BB,ADL-1,2026-06-22,201.82,1,21,false,2
HG_006,DBL,BB,ADL-1,2026-06-23,189.82,1,21,false,2
HG_006,DBL,BB,ADL-1,2026-06-24,205.22,1,21,false,2
HG_006,DBL,BB,ADL-1,2026-06-25,201.23,1,21,false,2
HG_006,DBL,BB,ADL-1,2026-06-26,208.02,1,21,false,2
HG_006,DBL,BB,ADL-1,2026-06-27,203.69,1,21,false,2
HG_006,DBL,BB,ADL-1,2026-06-28,206.00,1,21,false,2
HG_006,DBL,BB,ADL-1,2026-06-29,180.97,1,21,false,2
HG_006,DBL,BB,ADL-2,2026-05-01,154.99,3,21,false,2
HG_006,DBL,BB,ADL-2,2026-05-02,196.97,3,21,false,2
HG_006,DBL,BB,ADL-2,2026-05-03,183.42,3,21,false,2
HG_006,DBL,BB,ADL-2,2026-05-04,169.77,3,21,false,2
HG_006,DBL,BB,ADL-2,2026-05-05,176.77,3,21,false,2
HG_006,DBL,BB,ADL-2,2026-05-06,162.10,3,21,false,2
HG_006,DBL,BB,ADL-2,2026-05-07,154.12,3,21,false,2
HG_006,DBL,BB,ADL-2,2026-05-08,169.91,3,21,false,2
HG_006,DBL,BB,ADL-2,2026-05-09,190.46,3,21,false,2
HG_006,DBL,BB,ADL-2,2026-05-10,179.61,3,21,false,2
HG_006,DBL,BB,ADL-2,2026-05-11,167.16,3,21,false,2
HG_006,DBL,BB,ADL-2,2026-05-12,166.55,3,21,false,2
HG_006,DBL,BB,ADL-2,2026-05-13,158.44,3,21,false,2
HG_006,DBL,BB,ADL-2,2026-05-14,157.80,3,21,false,2
HG_006,DBL,BB,ADL-2,2026-05-15,156.64,3,21,false,2
HG_006,DBL,BB,ADL-2,2026-05-16,202.38,1,21,false,2
HG_006,DBL,BB,ADL-2,2026-05-17,195.81,1,21,false,2
HG_006,DBL,BB,ADL-2,2026-05-18,187.17,1,21,false,2
HG_006,DBL,BB,ADL-2,2026-05-19,182.68,1,21,false,2
HG_006,DBL,BB,ADL-2,2026-05-20,181.50,1,21,false,2
HG_006,DBL,BB,ADL-2,2026-05-21,183.52,1,21,false,2
HG_006,DBL,BB,ADL-2,2026-05-22,167.15,1,21,false,2
HG_006,DBL,BB,ADL-2,2026-05-23,205.06,1,21,false,2
HG_006,DBL,BB,ADL-2,2026-05-24,192.72,1,21,false,2
HG_006,DBL,BB,ADL-2,2026-05-25,164.80,1,21,false,2
HG_006,DBL,BB,ADL-2,2026-05-26,187.77,1,21,false,2
HG_006,DBL,BB,ADL-2,2026-05-27,185.87,1,21,false,2
HG_006,DBL,BB,ADL-2,2026-05-28,165.34,1,21,false,2
HG_006,DBL,BB,ADL-2,2026-05-29,180.24,1,21,false,2
HG_006,DBL,BB,ADL-2,2026-05-30,187.71,1,21,false,2
HG_006,DBL,BB,ADL-2,2026-05-31,219.29,3,21,false,2
HG_006,DBL,BB,ADL-2,2026-06-01,172.82,3,21,false,2
HG_006,DBL,BB,ADL-2,2026-06-02,172.77,3,21,false,2
HG_006,DBL,BB,ADL-2,2026-06-03,194.87,3,21,false,2
HG_006,DBL,BB,ADL-2,2026-06-04,184.85,3,21,false,2
HG_006,DBL,BB,ADL-2,2026-06-05,187.80,3,21,false,2
HG_006,DBL,BB,ADL-2,2026-06-06,195.43,3,21,false,2
HG_006,DBL,BB,ADL-2,2026-06-07,197.10,3,21,false,2
HG_006,DBL,BB,ADL-2,2026-06-08,187.37,3,21,false,2
HG_006,DBL,BB,ADL-2,2026-06-09,197.14,3,21,false,2
HG_006,DBL,BB,ADL-2,2026-06-10,176.01,3,21,false,2
HG_006,DBL,BB,ADL-2,2026-06-11,195.80,3,21,false,2
HG_006,DBL,BB,ADL-2,2026-06-12,175.00,3,21,false,2
HG_006,DBL,BB,ADL-2,2026-06-13,216.39,3,21,false,2
HG_006,DBL,BB,ADL-2,2026-06-14,192.83,3,21,false,2
HG_006,DBL,BB,ADL-2,2026-06-15,208.28,1,21,false,2
HG_006,DBL,BB,ADL-2,2026-06-16,195.64,1,21,false,2
HG_006,DBL,BB,ADL-2,2026-06-17,196.74,1,21,false,2
HG_006,DBL,BB,ADL-2,2026-06-18,188.76,1,21,false,2
HG_006,DBL,BB,ADL-2,2026-06-19,199.03,1,21,false,2
HG_006,DBL,BB,ADL-2,2026-06-20,230.68,1,21,false,2
HG_006,DBL,BB,ADL-2,2026-06-21,222.21,1,21,false,2
HG_006,DBL,BB,ADL-2,2026-06-22,206.87,1,21,false,2
HG_006,DBL,BB,ADL-2,2026-06-23,204.22,1,21,false,2
HG_006,DBL,BB,ADL-2,2026-06-24,207.01,1,21,false,2
HG_006,DBL,BB,ADL-2,2026-06-25,203.10,1,21,false,2
HG_006,DBL,BB,ADL-2,2026-06-26,187.04,1,21,false,2
HG_006,DBL,BB,ADL-2,2026-06-27,213.21,1,21,false,2
HG_006,DBL,BB,ADL-2,2026-06-28,207.71,1,21,false,2
HG_006,DBL,BB,ADL-2,2026-06-29,198.67,1,21,false,2
HG_006,SGL,RO,ADL-1,2026-05-01,171.05,3,21,false,2
HG_006,SGL,RO,ADL-1,2026-05-02,187.01,3,21,false,2
HG_006,SGL,RO,ADL-1,2026-05-03,191.81,3,21,false,2
HG_006,SGL,RO,ADL-1,2026-05-04,189.36,3,21,false,2
HG_006,SGL,RO,ADL-1,2026-05-05,169.79,3,21,false,2
HG_006,SGL,RO,ADL-1,2026-05-06,188.02,3,21,false,2
HG_006,SGL,RO,ADL-1,2026-05-07,174.41,3,21,false,2
HG_006,SGL,RO,ADL-1,2026-05-08,175.41,3,21,false,2
HG_006,SGL,RO,ADL-1,2026-05-09,188.85,3,21,false,2
HG_006,SGL,RO,ADL-1,2026-05-10,189.20,3,21,false,2
HG_006,SGL,RO,ADL-1,2026-05-11,172.22,3,21,false,2
HG_006,SGL,RO,ADL-1,2026-05-12,179.22,3,21,false,2
HG_006,SGL,RO,ADL-1,2026-05-13,190.57,3,21,false,2
HG_006,SGL,RO,ADL-1,2026-05-14,180.67,3,21,false,2
HG_006,SGL,RO,ADL-1,2026-05-15,190.76,3,21,false,2
HG_006,SGL,RO,ADL-1,2026-05-16,207.09,1,21,false,2
HG_006,SGL,RO,ADL-1,2026-05-17,199.11,1,21,false,2
HG_006,SGL,RO,ADL-1,2026-05-18,201.30,1,21,false,2
HG_006,SGL,RO,ADL-1,2026-05-19,181.11,1,21,false,2
HG_006,SGL,RO,ADL-1,2026-05-20,175.82,1,21,false,2
HG_006,SGL,RO,ADL-1,2026-05-21,181.46,1,21,false,2
HG_006,SGL,RO,ADL-1,2026-05-22,178.87,1,21,false,2
HG_006,SGL,RO,ADL-1,2026-05-23,198.37,1,21,false,2
HG_006,SGL,RO,ADL-1,2026-05-24,201.62,1,21,false,2
HG_006,SGL,RO,ADL-1,2026-05-25,184.14,1,21,false,2
HG_006,SGL,RO,ADL-1,2026-05-26,185.40,1,21,false,2
HG_006,SGL,RO,ADL-1,2026-05-27,193.21,1,21,false,2
HG_006,SGL,RO,ADL-1,2026-05-28,193.36,1,21,false,2
HG_006,SGL,RO,ADL-1,2026-05-29,203.60,1,21,false,2
HG_006,SGL,RO,ADL-1,2026-05-30,225.15,1,21,false,2
HG_006,SGL,RO,ADL-1,2026-05-31,222.52,3,21,false,2
HG_006,SGL,RO,ADL-1,2026-06-01,191.13,3,21,false,2
HG_006,SGL,RO,ADL-1,2026-06-02,211.60,3,21,false,2
HG_006,SGL,RO,ADL-1,2026-06-03,207.54,3,21,false,2
HG_006,SGL,RO,ADL-1,2026-06-04,198.97,3,21,false,2
HG_006,SGL,RO,ADL-1,2026-06-05,210.44,3,21,false,2
HG_006,SGL,RO,ADL-1,2026-06-06,214.67,3,21,false,2
HG_006,SGL,RO,ADL-1,2026-06-07,229.86,3,21,false,2
HG_006,SGL,RO,ADL-1,2026-06-08,186.14,3,21,false,2
HG_006,SGL,RO,ADL-1,2026-06-09,195.43,3,21,false,2
HG_006,SGL,RO,ADL-1,2026-06-10,191.99,3,21,false,2
HG_006,SGL,RO,ADL-1,2026-06-11,188.34,3,21,false,2
HG_006,SGL,RO,ADL-1,2026-06-12,199.87,3,21,false,2
HG_006,SGL,RO,ADL-1,2026-06-13,221.31,3,21,false,2
HG_006,SGL,RO,ADL-1,2026-06-14,213.30,3,21,false,2
HG_006,SGL,RO,ADL-1,2026-06-15,198.90,1,21,false,2
HG_006,SGL,RO,ADL-1,2026-06-16,194.88,1,21,false,2
HG_006,SGL,RO,ADL-1,2026-06-17,202.80,1,21,false,2
HG_006,SGL,RO,ADL-1,2026-06-18,194.76,1,21,false,2
HG_006,SGL,RO,ADL-1,2026-06-19,201.50,1,21,false,2
HG_006,SGL,RO,ADL-1,2026-06-20,222.45,1,21,false,2
HG_006,SGL,RO,ADL-1,2026-06-21,241.54,1,21,false,2
HG_006,SGL,RO,ADL-1,2026-06-22,215.61,1,21,false,2
HG_006,SGL,RO,ADL-1,2026-06-23,196.70,1,21,false,2
HG_006,SGL,RO,ADL-1,2026-06-24,212.46,1,21,false,2
HG_006,SGL,RO,ADL-1,2026-06-25,212.45,1,21,false,2
HG_006,SGL,RO,ADL-1,2026-06-26,215.61,1,21,false,2
HG_006,SGL,RO,ADL-1,2026-06-27,231.13,1,21,false,2
HG_006,SGL,RO,ADL-1,2026-06-28,219.71,1,21,false,2
HG_006,SGL,RO,ADL-1,2026-06-29,224.73,1,21,false,2
HG_006,SGL,RO,ADL-2,2026-05-01,186.36,3,21,false,2
HG_006,SGL,RO,ADL-2,2026-05-02,200.00,3,21,false,2
HG_006,SGL,RO,ADL-2,2026-05-03,206.62,3,21,false,2
HG_006,SGL,RO,ADL-2,2026-05-04,167.67,3,21,false,2
HG_006,SGL,RO,ADL-2,2026-05-05,185.99,3,21,false,2
HG_006,SGL,RO,ADL-2,2026-05-06,174.96,3,21,false,2
HG_006,SGL,RO,ADL-2,2026-05-07,185.25,3,21,false,2
HG_006,SGL,RO,ADL-2,2026-05-08,166.71,3,21,false,2
HG_006,SGL,RO,ADL-2,2026-05-09,189.96,3,21,false,2
HG_006,SGL,RO,ADL-2,2026-05-10,214.65,3,21,false,2
HG_006,SGL,RO,ADL-2,2026-05-11,189.90,3,21,false,2
HG_006,SGL,RO,ADL-2,2026-05-12,181.70,3,21,false,2
HG_006,SGL,RO,ADL-2,2026-05-13,167.97,3,21,false,2
HG_006,SGL,RO,ADL-2,2026-05-14,182.49,3,21,false,2
HG_006,SGL,RO,ADL-2,2026-05-15,171.51,3,21,false,2
HG_006,SGL,RO,ADL-2,2026-05-16,207.22,1,21,false,2
HG_006,SGL,RO,ADL-2,2026-05-17,210.94,1,21,false,2
HG_006,SGL,RO,ADL-2,2026-05-18,192.55,1,21,false,2
HG_006,SGL,RO,ADL-2,2026-05-19,187.61,1,21,false,2
HG_006,SGL,RO,ADL-2,2026-05-20,187.98,1,21,false,2
HG_006,SGL,RO,ADL-2,2026-05-21,199.09,1,21,false,2
HG_006,SGL,RO,ADL-2,2026-05-22,197.28,1,21,false,2
HG_006,SGL,RO,ADL-2,2026-05-23,210.17,1,21,false,2
HG_006,SGL,RO,ADL-2,2026-05-24,212.07,1,21,false,2
HG_006,SGL,RO,ADL-2,2026-05-25,180.03,1,21,false,2
HG_006,SGL,RO,ADL-2,2026-05-26,199.42,1,21,false,2
HG_006,SGL,RO,ADL-2,2026-05-27,193.79,1,21,false,2
HG_006,SGL,RO,ADL-2,2026-05-28,185.23,1,21,false,2
HG_006,SGL,RO,ADL-2,2026-05-29,178.52,1,21,false,2
HG_006,SGL,RO,ADL-2,2026-05-30,220.34,1,21,false,2
HG_006,SGL,RO,ADL-2,2026-05-31,222.26,3,21,false,2
HG_006,SGL,RO,ADL-2,2026-06-01,193.67,3,21,false,2
HG_006,SGL,RO,ADL-2,2026-06-02,195.33,3,21,false,2
HG_006,SGL,RO,ADL-2,2026-06-03,214.66,3,21,false,2
HG_006,SGL,RO,ADL-2,2026-06-04,209.64,3,21,false,2
HG_006,SGL,RO,ADL-2,2026-06-05,205.91,3,21,false,2
HG_006,SGL,RO,ADL-2,2026-06-06,223.97,3,21,false,2
HG_006,SGL,RO,ADL-2,2026-06-07,220.38,3,21,false,2
HG_006,SGL,RO,ADL-2,2026-06-08,198.18,3,21,false,2
HG_006,SGL,RO,ADL-2,2026-06-09,197.64,3,21,false,2
HG_006,SGL,RO,ADL-2,2026-06-10,187.83,3,21,false,2
HG_006,SGL,RO,ADL-2,2026-06-11,207.27,3,21,false,2
HG_006,SGL,RO,ADL-2,2026-06-12,187.13,3,21,false,2
HG_006,SGL,RO,ADL-2,2026-06-13,213.52,3,21,false,2
HG_006,SGL,RO,ADL-2,2026-06-14,208.28,3,21,false,2
HG_006,SGL,RO,ADL-2,2026-06-15,214.97,1,21,false,2
HG_006,SGL,RO,ADL-2,2026-06-16,209.70,1,21,false,2
HG_006,SGL,RO,ADL-2,2026-06-17,210.09,1,21,false,2
HG_006,SGL,RO,ADL-2,2026-06-18,219.35,1,21,false,2
HG_006,SGL,RO,ADL-2,2026-06-19,221.37,1,21,false,2
HG_006,SGL,RO,ADL-2,2026-06-20,217.94,1,21,false,2
HG_006,SGL,RO,ADL-2,2026-06-21,242.09,1,21,false,2
HG_006,SGL,RO,ADL-2,2026-06-22,195.50,1,21,false,2
HG_006,SGL,RO,ADL-2,2026-06-23,214.20,1,21,false,2
HG_006,SGL,RO,ADL-2,2026-06-24,215.12,1,21,false,2
HG_006,SGL,RO,ADL-2,2026-06-25,207.47,1,21,false,2
HG_006,SGL,RO,ADL-2,2026-06-26,194.97,1,21,false,2
HG_006,SGL,RO,ADL-2,2026-06-27,245.99,1,21,false,2
HG_006,SGL,RO,ADL-2,2026-06-28,242.30,1,21,false,2
HG_006,SGL,RO,ADL-2,2026-06-29,208.00,1,21,false,2
HG_006,SGL,BB,ADL-1,2026-05-01,195.05,3,21,false,2
HG_006,SGL,BB,ADL-1,2026-05-02,215.63,3,21,false,2
HG_006,SGL,BB,ADL-1,2026-05-03,210.34,3,21,false,2
HG_006,SGL,BB,ADL-1,2026-05-04,189.53,3,21,false,2
HG_006,SGL,BB,ADL-1,2026-05-05,198.06,3,21,false,2
HG_006,SGL,BB,ADL-1,2026-05-06,194.16,3,21,false,2
HG_006,SGL,BB,ADL-1,2026-05-07,191.80,3,21,false,2
HG_006,SGL,BB,ADL-1,2026-05-08,193.28,3,21,false,2
HG_006,SGL,BB,ADL-1,2026-05-09,205.10,3,21,false,2
HG_006,SGL,BB,ADL-1,2026-05-10,204.16,3,21,false,2
HG_006,SGL,BB,ADL-1,2026-05-11,182.03,3,21,false,2
HG_006,SGL,BB,ADL-1,2026-05-12,208.93,3,21,false,2
HG_006,SGL,BB,ADL-1,2026-05-13,194.98,3,21,false,2
HG_006,SGL,BB,ADL-1,2026-05-14,203.81,3,21,false,2
HG_006,SGL,BB,ADL-1,2026-05-15,182.82,3,21,false,2
HG_006,SGL,BB,ADL-1,2026-05-16,209.68,1,21,false,2
HG_006,SGL,BB,ADL-1,2026-05-17,240.40,1,21,false,2
HG_006,SGL,BB,ADL-1,2026-05-18,216.94,1,21,false,2
HG_006,SGL,BB,ADL-1,2026-05-19,209.44,1,21,false,2
HG_006,SGL,BB,ADL-1,2026-05-20,191.78,1,21,false,2
HG_006,SGL,BB,ADL-1,2026-05-21,196.04,1,21,false,2
HG_006,SGL,BB,ADL-1,2026-05-22,195.91,1,21,false,2
HG_006,SGL,BB,ADL-1,2026-05-23,220.58,1,21,false,2
HG_006,SGL,BB,ADL-1,2026-05-24,229.48,1,21,false,2
HG_006,SGL,BB,ADL-1,2026-05-25,212.80,1,21,false,2
HG_006,SGL,BB,ADL-1,2026-05-26,205.84,1,21,false,2
HG_006,SGL,BB,ADL-1,2026-05-27,204.12,1,21,false,2
HG_006,SGL,BB,ADL-1,2026-05-28,199.10,1,21,false,2
HG_006,SGL,BB,ADL-1,2026-05-29,206.63,1,21,false,2
HG_006,SGL,BB,ADL-1,2026-05-30,240.04,1,21,false,2
HG_006,SGL,BB,ADL-1,2026-05-31,240.09,3,21,false,2
HG_006,SGL,BB,ADL-1,2026-06-01,201.53,3,21,false,2
HG_006,SGL,BB,ADL-1,2026-06-02,228.51,3,21,false,2
HG_006,SGL,BB,ADL-1,2026-06-03,224.22,3,21,false,2
HG_006,SGL,BB,ADL-1,2026-06-04,221.54,3,21,false,2
HG_006,SGL,BB,ADL-1,2026-06-05,230.50,3,21,false,2
HG_006,SGL,BB,ADL-1,2026-06-06,243.78,3,21,false,2
HG_006,SGL,BB,ADL-1,2026-06-07,219.66,3,21,false,2
HG_006,SGL,BB,ADL-1,2026-06-08,221.17,3,21,false,2
HG_006,SGL,BB,ADL-1,2026-06-09,209.10,3,21,false,2
HG_006,SGL,BB,ADL-1,2026-06-10,219.30,3,21,false,2
HG_006,SGL,BB,ADL-1,2026-06-11,209.39,3,21,false,2
HG_006,SGL,BB,ADL-1,2026-06-12,212.93,3,21,false,2
HG_006,SGL,BB,ADL-1,2026-06-13,218.88,3,21,false,2
HG_006,SGL,BB,ADL-1,2026-06-14,252.02,3,21,false,2
HG_006,SGL,BB,ADL-1,2026-06-15,233.65,1,21,false,2
HG_006,SGL,BB,ADL-1,2026-06-16,221.99,1,21,false,2
HG_006,SGL,BB,ADL-1,2026-06-17,224.62,1,21,false,2
HG_006,SGL,BB,ADL-1,2026-06-18,232.66,1,21,false,2
HG_006,SGL,BB,ADL-1,2026-06-19,229.52,1,21,false,2
HG_006,SGL,BB,ADL-1,2026-06-20,231.62,1,21,false,2
HG_006,SGL,BB,ADL-1,2026-06-21,256.30,1,21,false,2
HG_006,SGL,BB,ADL-1,2026-06-22,240.37,1,21,false,2
HG_006,SGL,BB,ADL-1,2026-06-23,216.30,1,21,false,2
HG_006,SGL,BB,ADL-1,2026-06-24,214.48,1,21,false,2
HG_006,SGL,BB,ADL-1,2026-06-25,228.17,1,21,false,2
HG_006,SGL,BB,ADL-1,2026-06-26,228.01,1,21,false,2
HG_006,SGL,BB,ADL-1,2026-06-27,252.85,1,21,false,2
HG_006,SGL,BB,ADL-1,2026-06-28,258.46,1,21,false,2
HG_006,SGL,BB,ADL-1,2026-06-29,208.29,1,21,false,2
HG_006,SGL,BB,ADL-2,2026-05-01,189.95,3,21,false,2
HG_006,SGL,BB,ADL-2,2026-05-02,230.95,3,21,false,2
HG_006,SGL,BB,ADL-2,2026-05-03,219.33,3,21,false,2
HG_006,SGL,BB,ADL-2,2026-05-04,193.01,3,21,false,2
HG_006,SGL,BB,ADL-2,2026-05-05,200.86,3,21,false,2
HG_006,SGL,BB,ADL-2,2026-05-06,189.25,3,21,false,2
HG_006,SGL,BB,ADL-2,2026-05-07,200.13,3,21,false,2
HG_006,SGL,BB,ADL-2,2026-05-08,192.61,3,21,false,2
HG_006,SGL,BB,ADL-2,2026-05-09,203.86,3,21,false,2
HG_006,SGL,BB,ADL-2,2026-05-10,210.18,3,21,false,2
HG_006,SGL,BB,ADL-2,2026-05-11,204.94,3,21,false,2
HG_006,SGL,BB,ADL-2,2026-05-12,184.64,3,21,false,2
HG_006,SGL,BB,ADL-2,2026-05-13,193.21,3,21,false,2
HG_006,SGL,BB,ADL-2,2026-05-14,187.74,3,21,false,2
HG_006,SGL,BB,ADL-2,2026-05-15,205.09,3,21,false,2
HG_006,SGL,BB,ADL-2,2026-05-16,234.38,1,21,false,2
HG_006,SGL,BB,ADL-2,2026-05-17,218.63,1,21,false,2
HG_006,SGL,BB,ADL-2,2026-05-18,199.12,1,21,false,2
HG_006,SGL,BB,ADL-2,2026-05-19,212.08,1,21,false,2
HG_006,SGL,BB,ADL-2,2026-05-20,208.52,1,21,false,2
HG_006,SGL,BB,ADL-2,2026-05-21,209.45,1,21,false,2
HG_006,SGL,BB,ADL-2,2026-05-22,202.54,1,21,false,2
HG_006,SGL,BB,ADL-2,2026-05-23,230.24,1,21,false,2
HG_006,SGL,BB,ADL-2,2026-05-24,240.56,1,21,false,2
HG_006,SGL,BB,ADL-2,2026-05-25,213.38,1,21,false,2
HG_006,SGL,BB,ADL-2,2026-05-26,199.37,1,21,false,2
HG_006,SGL,BB,ADL-2,2026-05-27,218.48,1,21,false,2
HG_006,SGL,BB,ADL-2,2026-05-28,206.50,1,21,false,2
HG_006,SGL,BB,ADL-2,2026-05-29,197.45,1,21,false,2
HG_006,SGL,BB,ADL-2,2026-05-30,230.01,1,21,false,2
HG_006,SGL,BB,ADL-2,2026-05-31,217.69,3,21,false,2
HG_006,SGL,BB,ADL-2,2026-06-01,215.51,3,21,false,2
HG_006,SGL,BB,ADL-2,2026-06-02,214.10,3,21,false,2
HG_006,SGL,BB,ADL-2,2026-06-03,212.67,3,21,false,2
HG_006,SGL,BB,ADL-2,2026-06-04,219.33,3,21,false,2
HG_006,SGL,BB,ADL-2,2026-06-05,201.24,3,21,false,2
HG_006,SGL,BB,ADL-2,2026-06-06,218.14,3,21,false,2
HG_006,SGL,BB,ADL-2,2026-06-07,248.53,3,21,false,2
HG_006,SGL,BB,ADL-2,2026-06-08,211.74,3,21,false,2
HG_006,SGL,BB,ADL-2,2026-06-09,203.87,3,21,false,2
HG_006,SGL,BB,ADL-2,2026-06-10,201.95,3,21,false,2
HG_006,SGL,BB,ADL-2,2026-06-11,225.33,3,21,false,2
HG_006,SGL,BB,ADL-2,2026-06-12,204.98,3,21,false,2
HG_006,SGL,BB,ADL-2,2026-06-13,234.66,3,21,false,2
HG_006,SGL,BB,ADL-2,2026-06-14,249.75,3,21,false,2
HG_006,SGL,BB,ADL-2,2026-06-15,213.90,1,21,false,2
HG_006,SGL,BB,ADL-2,2026-06-16,220.22,1,21,false,2
HG_006,SGL,BB,ADL-2,2026-06-17,220.70,1,21,false,2
HG_006,SGL,BB,ADL-2,2026-06-18,210.42,1,21,false,2
HG_006,SGL,BB,ADL-2,2026-06-19,225.64,1,21,false,2
HG_006,SGL,BB,ADL-2,2026-06-20,253.26,1,21,false,2
HG_006,SGL,BB,ADL-2,2026-06-21,238.11,1,21,false,2
HG_006,SGL,BB,ADL-2,2026-06-22,235.88,1,21,false,2
HG_006,SGL,BB,ADL-2,2026-06-23,222.93,1,21,false,2
HG_006,SGL,BB,ADL-2,2026-06-24,214.82,1,21,false,2
HG_006,SGL,BB,ADL-2,2026-06-25,235.28,1,21,false,2
HG_006,SGL,BB,ADL-2,2026-06-26,234.69,1,21,false,2
HG_006,SGL,BB,ADL-2,2026-06-27,250.96,1,21,false,2
HG_006,SGL,BB,ADL-2,2026-06-28,236.51,1,21,false,2
HG_006,SGL,BB,ADL-2,2026-06-29,234.91,1,21,false,2
HG_006,FAM,RO,ADL-1,2026-05-01,210.03,3,21,false,2
HG_006,FAM,RO,ADL-1,2026-05-02,213.37,3,21,false,2
HG_006,FAM,RO,ADL-1,2026-05-03,234.75,3,21,false,2
HG_006,FAM,RO,ADL-1,2026-05-04,218.10,3,21,false,2
HG_006,FAM,RO,ADL-1,2026-05-05,197.74,3,21,false,2
HG_006,FAM,RO,ADL-1,2026-05-06,221.32,3,21,false,2
HG_006,FAM,RO,ADL-1,2026-05-07,198.17,3,21,false,2
HG_006,FAM,RO,ADL-1,2026-05-08,210.92,3,21,false,2
HG_006,FAM,RO,ADL-1,2026-05-09,221.56,3,21,false,2
HG_006,FAM,RO,ADL-1,2026-05-10,223.48,3,21,false,2
HG_006,FAM,RO,ADL-1,2026-05-11,195.86,3,21,false,2
HG_006,FAM,RO,ADL-1,2026-05-12,205.07,3,21,false,2
HG_006,FAM,RO,ADL-1,2026-05-13,217.26,3,21,false,2
HG_006,FAM,RO,ADL-1,2026-05-14,221.38,3,21,false,2
HG_006,FAM,RO,ADL-1,2026-05-15,195.16,3,21,false,2
HG_006,FAM,RO,ADL-1,2026-05-16,226.63,1,21,false,2
HG_006,FAM,RO,ADL-1,2026-05-17,227.28,1,21,false,2
HG_006,FAM,RO,ADL-1,2026-05-18,234.04,1,21,false,2
HG_006,FAM,RO,ADL-1,2026-05-19,210.18,1,21,false,2
HG_006,FAM,RO,ADL-1,2026-05-20,228.18,1,21,false,2
HG_006,FAM,RO,ADL-1,2026-05-21,221.03,1,21,false,2
HG_006,FAM,RO,ADL-1,2026-05-22,204.84,1,21,false,2
HG_006,FAM,RO,ADL-1,2026-05-23,249.46,1,21,false,2
HG_006,FAM,RO,ADL-1,2026-05-24,246.71,1,21,false,2
HG_006,FAM,RO,ADL-1,2026-05-25,225.36,1,21,false,2
HG_006,FAM,RO,ADL-1,2026-05-26,232.27,1,21,false,2
HG_006,FAM,RO,ADL-1,2026-05-27,233.64,1,21,false,2
HG_006,FAM,RO,ADL-1,2026-05-28,232.86,1,21,false,2
HG_006,FAM,RO,ADL-1,2026-05-29,209.13,1,21,false,2
HG_006,FAM,RO,ADL-1,2026-05-30,233.38,1,21,false,2
HG_006,FAM,RO,ADL-1,2026-05-31,237.24,3,21,false,2
HG_006,FAM,RO,ADL-1,2026-06-01,219.85,3,21,false,2
HG_006,FAM,RO,ADL-1,2026-06-02,228.15,3,21,false,2
HG_006,FAM,RO,ADL-1,2026-06-03,238.12,3,21,false,2
HG_006,FAM,RO,ADL-1,2026-06-04,221.06,3,21,false,2
HG_006,FAM,RO,ADL-1,2026-06-05,213.06,3,21,false,2
HG_006,FAM,RO,ADL-1,2026-06-06,267.42,3,21,false,2
HG_006,FAM,RO,ADL-1,2026-06-07,239.48,3,21,false,2
HG_006,FAM,RO,ADL-1,2026-06-08,233.82,3,21,false,2
HG_006,FAM,RO,ADL-1,2026-06-09,218.75,3,21,false,2
HG_006,FAM,RO,ADL-1,2026-06-10,214.36,3,21,false,2
HG_006,FAM,RO,ADL-1,2026-06-11,224.80,3,21,false,2
HG_006,FAM,RO,ADL-1,2026-06-12,224.00,3,21,false,2
HG_006,FAM,RO,ADL-1,2026-06-13,264.70,3,21,false,2
HG_006,FAM,RO,ADL-1,2026-06-14,245.20,3,21,false,2
HG_006,FAM,RO,ADL-1,2026-06-15,240.66,1,21,false,2
HG_006,FAM,RO,ADL-1,2026-06-16,253.43,1,21,false,2
HG_006,FAM,RO,ADL-1,2026-06-17,238.37,1,21,false,2
HG_006,FAM,RO,ADL-1,2026-06-18,245.50,1,21,false,2
HG_006,FAM,RO,ADL-1,2026-06-19,230.41,1,21,false,2
HG_006,FAM,RO,ADL-1,2026-06-20,275.16,1,21,false,2
HG_006,FAM,RO,ADL-1,2026-06-21,269.48,1,21,false,2
HG_006,FAM,RO,ADL-1,2026-06-22,236.38,1,21,false,2
HG_006,FAM,RO,ADL-1,2026-06-23,224.34,1,21,false,2
HG_006,FAM,RO,ADL-1,2026-06-24,231.74,1,21,false,2
HG_006,FAM,RO,ADL-1,2026-06-25,229.15,1,21,false,2
HG_006,FAM,RO,ADL-1,2026-06-26,240.76,1,21,false,2
HG_006,FAM,RO,ADL-1,2026-06-27,252.14,1,21,false,2
HG_006,FAM,RO,ADL-1,2026-06-28,272.22,1,21,false,2
HG_006,FAM,RO,ADL-1,2026-06-29,233.35,1,21,false,2
HG_006,FAM,RO,ADL-2,2026-05-01,222.82,3,21,false,2
HG_006,FAM,RO,ADL-2,2026-05-02,245.28,3,21,false,2
HG_006,FAM,RO,ADL-2,2026-05-03,228.24,3,21,false,2
HG_006,FAM,RO,ADL-2,2026-05-04,217.79,3,21,false,2
HG_006,FAM,RO,ADL-2,2026-05-05,203.21,3,21,false,2
HG_006,FAM,RO,ADL-2,2026-05-06,203.70,3,21,false,2
HG_006,FAM,RO,ADL-2,2026-05-07,204.01,3,21,false,2
HG_006,FAM,RO,ADL-2,2026-05-08,224.36,3,21,false,2
HG_006,FAM,RO,ADL-2,2026-05-09,231.39,3,21,false,2
HG_006,FAM,RO,ADL-2,2026-05-10,221.59,3,21,false,2
HG_006,FAM,RO,ADL-2,2026-05-11,217.03,3,21,false,2
HG_006,FAM,RO,ADL-2,2026-05-12,222.98,3,21,false,2
HG_006,FAM,RO,ADL-2,2026-05-13,202.14,3,21,false,2
HG_006,FAM,RO,ADL-2,2026-05-14,216.56,3,21,false,2
HG_006,FAM,RO,ADL-2,2026-05-15,218.12,3,21,false,2
HG_006,FAM,RO,ADL-2,2026-05-16,248.20,1,21,false,2
HG_006,FAM,RO,ADL-2,2026-05-17,248.73,1,21,false,2
HG_006,FAM,RO,ADL-2,2026-05-18,212.08,1,21,false,2
HG_006,FAM,RO,ADL-2,2026-05-19,210.02,1,21,false,2
HG_006,FAM,RO,ADL-2,2026-05-20,228.80,1,21,false,2
HG_006,FAM,RO,ADL-2,2026-05-21,204.02,1,21,false,2
HG_006,FAM,RO,ADL-2,2026-05-22,216.61,1,21,false,2
HG_006,FAM,RO,ADL-2,2026-05-23,228.83,1,21,false,2
HG_006,FAM,RO,ADL-2,2026-05-24,237.09,1,21,false,2
HG_006,FAM,RO,ADL-2,2026-05-25,209.44,1,21,false,2
HG_006,FAM,RO,ADL-2,2026-05-26,212.80,1,21,false,2
HG_006,FAM,RO,ADL-2,2026-05-27,214.13,1,21,false,2
HG_006,FAM,RO,ADL-2,2026-05-28,206.78,1,21,false,2
HG_006,FAM,RO,ADL-2,2026-05-29,232.03,1,21,false,2
HG_006,FAM,RO,ADL-2,2026-05-30,246.68,1,21,false,2
HG_006,FAM,RO,ADL-2,2026-05-31,262.47,3,21,false,2
HG_006,FAM,RO,ADL-2,2026-06-01,215.78,3,21,false,2
HG_006,FAM,RO,ADL-2,2026-06-02,219.29,3,21,false,2
HG_006,FAM,RO,ADL-2,2026-06-03,246.13,3,21,false,2
HG_006,FAM,RO,ADL-2,2026-06-04,215.47,3,21,false,2
HG_006,FAM,RO,ADL-2,2026-06-05,232.75,3,21,false,2
HG_006,FAM,RO,ADL-2,2026-06-06,236.07,3,21,false,2
HG_006,FAM,RO,ADL-2,2026-06-07,246.61,3,21,false,2
HG_006,FAM,RO,ADL-2,2026-06-08,221.72,3,21,false,2
HG_006,FAM,RO,ADL-2,2026-06-09,236.28,3,21,false,2
HG_006,FAM,RO,ADL-2,2026-06-10,220.91,3,21,false,2
HG_006,FAM,RO,ADL-2,2026-06-11,220.52,3,21,false,2
HG_006,FAM,RO,ADL-2,2026-06-12,237.77,3,21,false,2
HG_006,FAM,RO,ADL-2,2026-06-13,259.38,3,21,false,2
HG_006,FAM,RO,ADL-2,2026-06-14,258.66,3,21,false,2
HG_006,FAM,RO,ADL-2,2026-06-15,226.75,1,21,false,2
HG_006,FAM,RO,ADL-2,2026-06-16,249.72,1,21,false,2
HG_006,FAM,RO,ADL-2,2026-06-17,222.51,1,21,false,2
HG_006,FAM,RO,ADL-2,2026-06-18,255.76,1,21,false,2
HG_006,FAM,RO,ADL-2,2026-06-19,236.49,1,21,false,2
HG_006,FAM,RO,ADL-2,2026-06-20,253.67,1,21,false,2
HG_006,FAM,RO,ADL-2,2026-06-21,247.00,1,21,false,2
HG_006,FAM,RO,ADL-2,2026-06-22,251.55,1,21,false,2
HG_006,FAM,RO,ADL-2,2026-06-23,255.66,1,21,false,2
HG_006,FAM,RO,ADL-2,2026-06-24,239.35,1,21,false,2
HG_006,FAM,RO,ADL-2,2026-06-25,224.67,1,21,false,2
HG_006,FAM,RO,ADL-2,2026-06-26,244.29,1,21,false,2
HG_006,FAM,RO,ADL-2,2026-06-27,247.37,1,21,false,2
HG_006,FAM,RO,ADL-2,2026-06-28,254.42,1,21,false,2
HG_006,FAM,RO,ADL-2,2026-06-29,230.48,1,21,false,2
HG_006,FAM,BB,ADL-1,2026-05-01,215.00,3,21,false,2
HG_006,FAM,BB,ADL-1,2026-05-02,251.23,3,21,false,2
HG_006,FAM,BB,ADL-1,2026-05-03,252.65,3,21,false,2
HG_006,FAM,BB,ADL-1,2026-05-04,235.82,3,21,false,2
HG_006,FAM,BB,ADL-1,2026-05-05,228.73,3,21,false,2
HG_006,FAM,BB,ADL-1,2026-05-06,221.17,3,21,false,2
HG_006,FAM,BB,ADL-1,2026-05-07,238.54,3,21,false,2
HG_006,FAM,BB,ADL-1,2026-05-08,241.84,3,21,false,2
HG_006,FAM,BB,ADL-1,2026-05-09,234.04,3,21,false,2
HG_006,FAM,BB,ADL-1,2026-05-10,245.76,3,21,false,2
HG_006,FAM,BB,ADL-1,2026-05-11,221.90,3,21,false,2
HG_006,FAM,BB,ADL-1,2026-05-12,230.49,3,21,false,2
HG_006,FAM,BB,ADL-1,2026-05-13,229.86,3,21,false,2
HG_006,FAM,BB,ADL-1,2026-05-14,210.70,3,21,false,2
HG_006,FAM,BB,ADL-1,2026-05-15,240.21,3,21,false,2
HG_006,FAM,BB,ADL-1,2026-05-16,248.66,1,21,false,2
HG_006,FAM,BB,ADL-1,2026-05-17,251.99,1,21,false,2
HG_006,FAM,BB,ADL-1,2026-05-18,228.99,1,21,false,2
HG_006,FAM,BB,ADL-1,2026-05-19,229.08,1,21,false,2
HG_006,FAM,BB,ADL-1,2026-05-20,248.26,1,21,false,2
HG_006,FAM,BB,ADL-1,2026-05-21,230.90,1,21,false,2
HG_006,FAM,BB,ADL-1,2026-05-22,245.81,1,21,false,2
HG_006,FAM,BB,ADL-1,2026-05-23,236.63,1,21,false,2
HG_006,FAM,BB,ADL-1,2026-05-24,247.23,1,21,false,2
HG_006,FAM,BB,ADL-1,2026-05-25,223.80,1,21,false,2
HG_006,FAM,BB,ADL-1,2026-05-26,244.78,1,21,false,2
HG_006,FAM,BB,ADL-1,2026-05-27,218.46,1,21,false,2
HG_006,FAM,BB,ADL-1,2026-05-28,220.85,1,21,false,2
HG_006,FAM,BB,ADL-1,2026-05-29,220.97,1,21,false,2
HG_006,FAM,BB,ADL-1,2026-05-30,271.46,1,21,false,2
HG_006,FAM,BB,ADL-1,2026-05-31,262.11,3,21,false,2
HG_006,FAM,BB,ADL-1,2026-06-01,252.94,3,21,false,2
HG_006,FAM,BB,ADL-1,2026-06-02,250.11,3,21,false,2
HG_006,FAM,BB,ADL-1,2026-06-03,261.24,3,21,false,2
HG_006,FAM,BB,ADL-1,2026-06-04,250.34,3,21,false,2
HG_006,FAM,BB,ADL-1,2026-06-05,244.95,3,21,false,2
HG_006,FAM,BB,ADL-1,2026-06-06,254.75,3,21,false,2
HG_006,FAM,BB,ADL-1,2026-06-07,279.79,3,21,false,2
HG_006,FAM,BB,ADL-1,2026-06-08,256.62,3,21,false,2
HG_006,FAM,BB,ADL-1,2026-06-09,250.06,3,21,false,2
HG_006,FAM,BB,ADL-1,2026-06-10,237.47,3,21,false,2
HG_006,FAM,BB,ADL-1,2026-06-11,234.63,3,21,false,2
HG_006,FAM,BB,ADL-1,2026-06-12,250.13,3,21,false,2
HG_006,FAM,BB,ADL-1,2026-06-13,267.32,3,21,false,2
HG_006,FAM,BB,ADL-1,2026-06-14,269.81,3,21,false,2
HG_006,FAM,BB,ADL-1,2026-06-15,251.65,1,21,false,2
HG_006,FAM,BB,ADL-1,2026-06-16,239.17,1,21,false,2
HG_006,FAM,BB,ADL-1,2026-06-17,242.17,1,21,false,2
HG_006,FAM,BB,ADL-1,2026-06-18,244.75,1,21,false,2
HG_006,FAM,BB,ADL-1,2026-06-19,248.19,1,21,false,2
HG_006,FAM,BB,ADL-1,2026-06-20,258.90,1,21,false,2
HG_006,FAM,BB,ADL-1,2026-06-21,267.01,1,21,false,2
HG_006,FAM,BB,ADL-1,2026-06-22,256.72,1,21,false,2
HG_006,FAM,BB,ADL-1,2026-06-23,250.05,1,21,false,2
HG_006,FAM,BB,ADL-1,2026-06-24,258.43,1,21,false,2
HG_006,FAM,BB,ADL-1,2026-06-25,270.34,1,21,false,2
HG_006,FAM,BB,ADL-1,2026-06-26,271.57,1,21,false,2
HG_006,FAM,BB,ADL-1,2026-06-27,279.46,1,21,false,2
HG_006,FAM,BB,ADL-1,2026-06-28,255.08,1,21,false,2
HG_006,FAM,BB,ADL-1,2026-06-29,243.34,1,21,false,2
HG_006,FAM,BB,ADL-2,2026-05-01,228.65,3,21,false,2
HG_006,FAM,BB,ADL-2,2026-05-02,261.48,3,21,false,2
HG_006,FAM,BB,ADL-2,2026-05-03,251.13,3,21,false,2
HG_006,FAM,BB,ADL-2,2026-05-04,216.53,3,21,false,2
HG_006,FAM,BB,ADL-2,2026-05-05,208.50,3,21,false,2
HG_006,FAM,BB,ADL-2,2026-05-06,212.88,3,21,false,2
HG_006,FAM,BB,ADL-2,2026-05-07,223.01,3,21,false,2
HG_006,FAM,BB,ADL-2,2026-05-08,239.22,3,21,false,2
HG_006,FAM,BB,ADL-2,2026-05-09,252.93,3,21,false,2
HG_006,FAM,BB,ADL-2,2026-05-10,258.04,3,21,false,2
HG_006,FAM,BB,ADL-2,2026-05-11,223.17,3,21,false,2
HG_006,FAM,BB,ADL-2,2026-05-12,233.01,3,21,false,2
HG_006,FAM,BB,ADL-2,2026-05-13,215.04,3,21,false,2
HG_006,FAM,BB,ADL-2,2026-05-14,226.66,3,21,false,2
HG_006,FAM,BB,ADL-2,2026-05-15,230.82,3,21,false,2
HG_006,FAM,BB,ADL-2,2026-05-16,244.80,1,21,false,2
HG_006,FAM,BB,ADL-2,2026-05-17,237.53,1,21,false,2
HG_006,FAM,BB,ADL-2,2026-05-18,235.47,1,21,false,2
HG_006,FAM,BB,ADL-2,2026-05-19,238.44,1,21,false,2
HG_006,FAM,BB,ADL-2,2026-05-20,227.73,1,21,false,2
HG_006,FAM,BB,ADL-2,2026-05-21,248.28,1,21,false,2
HG_006,FAM,BB,ADL-2,2026-05-22,249.42,1,21,false,2
HG_006,FAM,BB,ADL-2,2026-05-23,242.59,1,21,false,2
HG_006,FAM,BB,ADL-2,2026-05-24,268.80,1,21,false,2
HG_006,FAM,BB,ADL-2,2026-05-25,231.70,1,21,false,2
HG_006,FAM,BB,ADL-2,2026-05-26,243.55,1,21,false,2
HG_006,FAM,BB,ADL-2,2026-05-27,236.09,1,21,false,2
HG_006,FAM,BB,ADL-2,2026-05-28,218.59,1,21,false,2
HG_006,FAM,BB,ADL-2,2026-05-29,234.70,1,21,false,2
HG_006,FAM,BB,ADL-2,2026-05-30,238.93,1,21,false,2
HG_006,FAM,BB,ADL-2,2026-05-31,259.77,3,21,false,2
HG_006,FAM,BB,ADL-2,2026-06-01,238.67,3,21,false,2
HG_006,FAM,BB,ADL-2,2026-06-02,242.88,3,21,false,2
HG_006,FAM,BB,ADL-2,2026-06-03,262.67,3,21,false,2
HG_006,FAM,BB,ADL-2,2026-06-04,249.70,3,21,false,2
HG_006,FAM,BB,ADL-2,2026-06-05,259.15,3,21,false,2
HG_006,FAM,BB,ADL-2,2026-06-06,280.11,3,21,false,2
HG_006,FAM,BB,ADL-2,2026-06-07,260.03,3,21,false,2
HG_006,FAM,BB,ADL-2,2026-06-08,261.19,3,21,false,2
HG_006,FAM,BB,ADL-2,2026-06-09,250.43,3,21,false,2
HG_006,FAM,BB,ADL-2,2026-06-10,231.97,3,21,false,2
HG_006,FAM,BB,ADL-2,2026-06-11,232.86,3,21,false,2
HG_006,FAM,BB,ADL-2,2026-06-12,263.21,3,21,false,2
HG_006,FAM,BB,ADL-2,2026-06-13,255.57,3,21,false,2
HG_006,FAM,BB,ADL-2,2026-06-14,262.17,3,21,false,2
HG_006,FAM,BB,ADL-2,2026-06-15,272.14,1,21,false,2
HG_006,FAM,BB,ADL-2,2026-06-16,267.52,1,21,false,2
HG_006,FAM,BB,ADL-2,2026-06-17,255.26,1,21,false,2
HG_006,FAM,BB,ADL-2,2026-06-18,247.65,1,21,false,2
HG_006,FAM,BB,ADL-2,2026-06-19,247.16,1,21,false,2
HG_006,FAM,BB,ADL-2,2026-06-20,279.41,1,21,false,2
HG_006,FAM,BB,ADL-2,2026-06-21,287.00,1,21,false,2
HG_006,FAM,BB,ADL-2,2026-06-22,243.14,1,21,false,2
HG_006,FAM,BB,ADL-2,2026-06-23,273.07,1,21,false,2
HG_006,FAM,BB,ADL-2,2026-06-24,263.62,1,21,false,2
HG_006,FAM,BB,ADL-2,2026-06-25,259.12,1,21,false,2
HG_006,FAM,BB,ADL-2,2026-06-26,239.78,1,21,false,2
HG_006,FAM,BB,ADL-2,2026-06-27,267.03,1,21,false,2
HG_006,FAM,BB,ADL-2,2026-06-28,267.08,1,21,false,2
HG_006,FAM,BB,ADL-2,2026-06-29,267.96,1,21,false,2
HG_006,JS,RO,ADL-1,2026-05-01,232.08,3,21,false,2
HG_006,JS,RO,ADL-1,2026-05-02,259.36,3,21,false,2
HG_006,JS,RO,ADL-1,2026-05-03,267.78,3,21,false,2
HG_006,JS,RO,ADL-1,2026-05-04,247.49,3,21,false,2
HG_006,JS,RO,ADL-1,2026-05-05,246.61,3,21,false,2
HG_006,JS,RO,ADL-1,2026-05-06,240.44,3,21,false,2
HG_006,JS,RO,ADL-1,2026-05-07,242.52,3,21,false,2
HG_006,JS,RO,ADL-1,2026-05-08,232.75,3,21,false,2
HG_006,JS,RO,ADL-1,2026-05-09,271.72,3,21,false,2
HG_006,JS,RO,ADL-1,2026-05-10,251.06,3,21,false,2
HG_006,JS,RO,ADL-1,2026-05-11,224.65,3,21,false,2
HG_006,JS,RO,ADL-1,2026-05-12,245.08,3,21,false,2
HG_006,JS,RO,ADL-1,2026-05-13,250.01,3,21,false,2
HG_006,JS,RO,ADL-1,2026-05-14,236.40,3,21,false,2
HG_006,JS,RO,ADL-1,2026-05-15,250.15,3,21,false,2
HG_006,JS,RO,ADL-1,2026-05-16,274.18,1,21,false,2
HG_006,JS,RO,ADL-1,2026-05-17,265.97,1,21,false,2
HG_006,JS,RO,ADL-1,2026-05-18,254.46,1,21,false,2
HG_006,JS,RO,ADL-1,2026-05-19,255.32,1,21,false,2
HG_006,JS,RO,ADL-1,2026-05-20,252.28,1,21,false,2
HG_006,JS,RO,ADL-1,2026-05-21,254.63,1,21,false,2
HG_006,JS,RO,ADL-1,2026-05-22,247.18,1,21,false,2
HG_006,JS,RO,ADL-1,2026-05-23,277.54,1,21,false,2
HG_006,JS,RO,ADL-1,2026-05-24,274.13,1,21,false,2
HG_006,JS,RO,ADL-1,2026-05-25,245.33,1,21,false,2
HG_006,JS,RO,ADL-1,2026-05-26,267.26,1,21,false,2
HG_006,JS,RO,ADL-1,2026-05-27,257.06,1,21,false,2
HG_006,JS,RO,ADL-1,2026-05-28,246.58,1,21,false,2
HG_006,JS,RO,ADL-1,2026-05-29,235.28,1,21,false,2
HG_006,JS,RO,ADL-1,2026-05-30,265.98,1,21,false,2
HG_006,JS,RO,ADL-1,2026-05-31,296.47,3,21,false,2
HG_006,JS,RO,ADL-1,2026-06-01,265.57,3,21,false,2
HG_006,JS,RO,ADL-1,2026-06-02,265.63,3,21,false,2
HG_006,JS,RO,ADL-1,2026-06-03,262.77,3,21,false,2
HG_006,JS,RO,ADL-1,2026-06-04,279.28,3,21,false,2
HG_006,JS,RO,ADL-1,2026-06-05,266.38,3,21,false,2
HG_006,JS,RO,ADL-1,2026-06-06,296.43,3,21,false,2
HG_006,JS,RO,ADL-1,2026-06-07,291.83,3,21,false,2
HG_006,JS,RO,ADL-1,2026-06-08,266.59,3,21,false,2
HG_006,JS,RO,ADL-1,2026-06-09,264.06,3,21,false,2
HG_006,JS,RO,ADL-1,2026-06-10,264.43,3,21,false,2
HG_006,JS,RO,ADL-1,2026-06-11,258.53,3,21,false,2
HG_006,JS,RO,ADL-1,2026-06-12,255.86,3,21,false,2
HG_006,JS,RO,ADL-1,2026-06-13,269.61,3,21,false,2
HG_006,JS,RO,ADL-1,2026-06-14,278.77,3,21,false,2
HG_006,JS,RO,ADL-1,2026-06-15,255.79,1,21,false,2
HG_006,JS,RO,ADL-1,2026-06-16,275.00,1,21,false,2
HG_006,JS,RO,ADL-1,2026-06-17,279.72,1,21,false,2
HG_006,JS,RO,ADL-1,2026-06-18,267.44,1,21,false,2
HG_006,JS,RO,ADL-1,2026-06-19,258.12,1,21,false,2
HG_006,JS,RO,ADL-1,2026-06-20,301.78,1,21,false,2
HG_006,JS,RO,ADL-1,2026-06-21,298.62,1,21,false,2
HG_006,JS,RO,ADL-1,2026-06-22,250.31,1,21,false,2
HG_006,JS,RO,ADL-1,2026-06-23,274.35,1,21,false,2
HG_006,JS,RO,ADL-1,2026-06-24,277.06,1,21,false,2
HG_006,JS,RO,ADL-1,2026-06-25,262.96,1,21,false,2
HG_006,JS,RO,ADL-1,2026-06-26,262.38,1,21,false,2
HG_006,JS,RO,ADL-1,2026-06-27,281.03,1,21,false,2
HG_006,JS,RO,ADL-1,2026-06-28,300.53,1,21,false,2
HG_006,JS,RO,ADL-1,2026-06-29,274.89,1,21,false,2
HG_006,JS,RO,ADL-2,2026-05-01,222.20,3,21,false,2
HG_006,JS,RO,ADL-2,2026-05-02,276.45,3,21,false,2
HG_006,JS,RO,ADL-2,2026-05-03,244.43,3,21,false,2
HG_006,JS,RO,ADL-2,2026-05-04,223.73,3,21,false,2
HG_006,JS,RO,ADL-2,2026-05-05,247.25,3,21,false,2
HG_006,JS,RO,ADL-2,2026-05-06,245.93,3,21,false,2
HG_006,JS,RO,ADL-2,2026-05-07,232.17,3,21,false,2
HG_006,JS,RO,ADL-2,2026-05-08,229.82,3,21,false,2
HG_006,JS,RO,ADL-2,2026-05-09,260.49,3,21,false,2
HG_006,JS,RO,ADL-2,2026-05-10,255.25,3,21,false,2
HG_006,JS,RO,ADL-2,2026-05-11,253.09,3,21,false,2
HG_006,JS,RO,ADL-2,2026-05-12,246.61,3,21,false,2
HG_006,JS,RO,ADL-2,2026-05-13,244.51,3,21,false,2
HG_006,JS,RO,ADL-2,2026-05-14,227.96,3,21,false,2
HG_006,JS,RO,ADL-2,2026-05-15,223.33,3,21,false,2
HG_006,JS,RO,ADL-2,2026-05-16,258.67,1,21,false,2
HG_006,JS,RO,ADL-2,2026-05-17,273.23,1,21,false,2
HG_006,JS,RO,ADL-2,2026-05-18,263.77,1,21,false,2
HG_006,JS,RO,ADL-2,2026-05-19,263.80,1,21,false,2
HG_006,JS,RO,ADL-2,2026-05-20,243.84,1,21,false,2
HG_006,JS,RO,ADL-2,2026-05-21,253.87,1,21,false,2
HG_006,JS,RO,ADL-2,2026-05-22,267.24,1,21,false,2
HG_006,JS,RO,ADL-2,2026-05-23,270.36,1,21,false,2
HG_006,JS,RO,ADL-2,2026-05-24,288.43,1,21,false,2
HG_006,JS,RO,ADL-2,2026-05-25,263.62,1,21,false,2
HG_006,JS,RO,ADL-2,2026-05-26,268.74,1,21,false,2
HG_006,JS,RO,ADL-2,2026-05-27,256.82,1,21,false,2
HG_006,JS,RO,ADL-2,2026-05-28,251.63,1,21,false,2
HG_006,JS,RO,ADL-2,2026-05-29,266.93,1,21,false,2
HG_006,JS,RO,ADL-2,2026-05-30,276.16,1,21,false,2
HG_006,JS,RO,ADL-2,2026-05-31,296.60,3,21,false,2
HG_006,JS,RO,ADL-2,2026-06-01,259.41,3,21,false,2
HG_006,JS,RO,ADL-2,2026-06-02,276.76,3,21,false,2
HG_006,JS,RO,ADL-2,2026-06-03,246.07,3,21,false,2
HG_006,JS,RO,ADL-2,2026-06-04,242.18,3,21,false,2
HG_006,JS,RO,ADL-2,2026-06-05,263.89,3,21,false,2
HG_006,JS,RO,ADL-2,2026-06-06,300.79,3,21,false,2
HG_006,JS,RO,ADL-2,2026-06-07,280.66,3,21,false,2
HG_006,JS,RO,ADL-2,2026-06-08,266.61,3,21,false,2
HG_006,JS,RO,ADL-2,2026-06-09,243.50,3,21,false,2
HG_006,JS,RO,ADL-2,2026-06-10,271.48,3,21,false,2
HG_006,JS,RO,ADL-2,2026-06-11,279.39,3,21,false,2
HG_006,JS,RO,ADL-2,2026-06-12,251.30,3,21,false,2
HG_006,JS,RO,ADL-2,2026-06-13,284.52,3,21,false,2
HG_006,JS,RO,ADL-2,2026-06-14,277.92,3,21,false,2
HG_006,JS,RO,ADL-2,2026-06-15,267.69,1,21,false,2
HG_006,JS,RO,ADL-2,2026-06-16,263.61,1,21,false,2
HG_006,JS,RO,ADL-2,2026-06-17,259.16,1,21,false,2
HG_006,JS,RO,ADL-2,2026-06-18,265.79,1,21,false,2
HG_006,JS,RO,ADL-2,2026-06-19,286.12,1,21,false,2
HG_006,JS,RO,ADL-2,2026-06-20,294.04,1,21,false,2
HG_006,JS,RO,ADL-2,2026-06-21,283.37,1,21,false,2
HG_006,JS,RO,ADL-2,2026-06-22,268.57,1,21,false,2
HG_006,JS,RO,ADL-2,2026-06-23,281.45,1,21,false,2
HG_006,JS,RO,ADL-2,2026-06-24,289.94,1,21,false,2
HG_006,JS,RO,ADL-2,2026-06-25,271.87,1,21,false,2
HG_006,JS,RO,ADL-2,2026-06-26,283.00,1,21,false,2
HG_006,JS,RO,ADL-2,2026-06-27,270.82,1,21,false,2
HG_006,JS,RO,ADL-2,2026-06-28,283.51,1,21,false,2
HG_006,JS,RO,ADL-2,2026-06-29,279.08,1,21,false,2
HG_006,JS,BB,ADL-1,2026-05-01,261.55,3,21,false,2
HG_006,JS,BB,ADL-1,2026-05-02,269.05,3,21,false,2
HG_006,JS,BB,ADL-1,2026-05-03,273.17,3,21,false,2
HG_006,JS,BB,ADL-1,2026-05-04,250.99,3,21,false,2
HG_006,JS,BB,ADL-1,2026-05-05,239.07,3,21,false,2
HG_006,JS,BB,ADL-1,2026-05-06,263.64,3,21,false,2
HG_006,JS,BB,ADL-1,2026-05-07,257.21,3,21,false,2
HG_006,JS,BB,ADL-1,2026-05-08,249.91,3,21,false,2
HG_006,JS,BB,ADL-1,2026-05-09,276.20,3,21,false,2
HG_006,JS,BB,ADL-1,2026-05-10,282.69,3,21,false,2
HG_006,JS,BB,ADL-1,2026-05-11,267.32,3,21,false,2
HG_006,JS,BB,ADL-1,2026-05-12,242.62,3,21,false,2
HG_006,JS,BB,ADL-1,2026-05-13,246.64,3,21,false,2
HG_006,JS,BB,ADL-1,2026-05-14,247.90,3,21,false,2
HG_006,JS,BB,ADL-1,2026-05-15,248.23,3,21,false,2
HG_006,JS,BB,ADL-1,2026-05-16,273.10,1,21,false,2
HG_006,JS,BB,ADL-1,2026-05-17,271.04,1,21,false,2
HG_006,JS,BB,ADL-1,2026-05-18,278.62,1,21,false,2
HG_006,JS,BB,ADL-1,2026-05-19,284.86,1,21,false,2
HG_006,JS,BB,ADL-1,2026-05-20,276.63,1,21,false,2
HG_006,JS,BB,ADL-1,2026-05-21,270.31,1,21,false,2
HG_006,JS,BB,ADL-1,2026-05-22,264.88,1,21,false,2
HG_006,JS,BB,ADL-1,2026-05-23,292.47,1,21,false,2
HG_006,JS,BB,ADL-1,2026-05-24,303.82,1,21,false,2
HG_006,JS,BB,ADL-1,2026-05-25,253.72,1,21,false,2
HG_006,JS,BB,ADL-1,2026-05-26,282.53,1,21,false,2
HG_006,JS,BB,ADL-1,2026-05-27,271.24,1,21,false,2
HG_006,JS,BB,ADL-1,2026-05-28,279.17,1,21,false,2
HG_006,JS,BB,ADL-1,2026-05-29,279.41,1,21,false,2
HG_006,JS,BB,ADL-1,2026-05-30,266.24,1,21,false,2
HG_006,JS,BB,ADL-1,2026-05-31,286.83,3,21,false,2
HG_006,JS,BB,ADL-1,2026-06-01,272.40,3,21,false,2
HG_006,JS,BB,ADL-1,2026-06-02,260.43,3,21,false,2
HG_006,JS,BB,ADL-1,2026-06-03,254.92,3,21,false,2
HG_006,JS,BB,ADL-1,2026-06-04,261.12,3,21,false,2
HG_006,JS,BB,ADL-1,2026-06-05,254.87,3,21,false,2
HG_006,JS,BB,ADL-1,2026-06-06,284.07,3,21,false,2
HG_006,JS,BB,ADL-1,2026-06-07,276.29,3,21,false,2
HG_006,JS,BB,ADL-1,2026-06-08,268.03,3,21,false,2
HG_006,JS,BB,ADL-1,2026-06-09,280.20,3,21,false,2
HG_006,JS,BB,ADL-1,2026-06-10,268.52,3,21,false,2
HG_006,JS,BB,ADL-1,2026-06-11,268.90,3,21,false,2
HG_006,JS,BB,ADL-1,2026-06-12,265.19,3,21,false,2
HG_006,JS,BB,ADL-1,2026-06-13,300.21,3,21,false,2
HG_006,JS,BB,ADL-1,2026-06-14,299.98,3,21,false,2
HG_006,JS,BB,ADL-1,2026-06-15,274.09,1,21,false,2
HG_006,JS,BB,ADL-1,2026-06-16,303.18,1,21,false,2
HG_006,JS,BB,ADL-1,2026-06-17,289.15,1,21,false,2
HG_006,JS,BB,ADL-1,2026-06-18,305.51,1,21,false,2
HG_006,JS,BB,ADL-1,2026-06-19,267.94,1,21,false,2
HG_006,JS,BB,ADL-1,2026-06-20,292.14,1,21,false,2
HG_006,JS,BB,ADL-1,2026-06-21,312.02,1,21,false,2
HG_006,JS,BB,ADL-1,2026-06-22,285.51,1,21,false,2
HG_006,JS,BB,ADL-1,2026-06-23,300.80,1,21,false,2
HG_006,JS,BB,ADL-1,2026-06-24,283.90,1,21,false,2
HG_006,JS,BB,ADL-1,2026-06-25,303.08,1,21,false,2
HG_006,JS,BB,ADL-1,2026-06-26,267.55,1,21,false,2
HG_006,JS,BB,ADL-1,2026-06-27,324.19,1,21,false,2
HG_006,JS,BB,ADL-1,2026-06-28,299.47,1,21,false,2
HG_006,JS,BB,ADL-1,2026-06-29,264.13,1,21,false,2
HG_006,JS,BB,ADL-2,2026-05-01,262.56,3,21,false,2
HG_006,JS,BB,ADL-2,2026-05-02,264.72,3,21,false,2
HG_006,JS,BB,ADL-2,2026-05-03,271.49,3,21,false,2
HG_006,JS,BB,ADL-2,2026-05-04,252.88,3,21,false,2
HG_006,JS,BB,ADL-2,2026-05-05,237.31,3,21,false,2
HG_006,JS,BB,ADL-2,2026-05-06,254.37,3,21,false,2
HG_006,JS,BB,ADL-2,2026-05-07,269.54,3,21,false,2
HG_006,JS,BB,ADL-2,2026-05-08,237.76,3,21,false,2
HG_006,JS,BB,ADL-2,2026-05-09,265.77,3,21,false,2
HG_006,JS,BB,ADL-2,2026-05-10,273.75,3,21,false,2
HG_006,JS,BB,ADL-2,2026-05-11,268.96,3,21,false,2
HG_006,JS,BB,ADL-2,2026-05-12,268.92,3,21,false,2
HG_006,JS,BB,ADL-2,2026-05-13,268.91,3,21,false,2
HG_006,JS,BB,ADL-2,2026-05-14,246.11,3,21,false,2
HG_006,JS,BB,ADL-2,2026-05-15,236.35,3,21,false,2
HG_006,JS,BB,ADL-2,2026-05-16,271.32,1,21,false,2
HG_006,JS,BB,ADL-2,2026-05-17,303.51,1,21,false,2
HG_006,JS,BB,ADL-2,2026-05-18,265.51,1,21,false,2
HG_006,JS,BB,ADL-2,2026-05-19,252.64,1,21,false,2
HG_006,JS,BB,ADL-2,2026-05-20,260.44,1,21,false,2
HG_006,JS,BB,ADL-2,2026-05-21,251.53,1,21,false,2
HG_006,JS,BB,ADL-2,2026-05-22,277.96,1,21,false,2
HG_006,JS,BB,ADL-2,2026-05-23,268.59,1,21,false,2
HG_006,JS,BB,ADL-2,2026-05-24,265.49,1,21,false,2
HG_006,JS,BB,ADL-2,2026-05-25,277.63,1,21,false,2
HG_006,JS,BB,ADL-2,2026-05-26,256.68,1,21,false,2
HG_006,JS,BB,ADL-2,2026-05-27,256.63,1,21,false,2
HG_006,JS,BB,ADL-2,2026-05-28,265.89,1,21,false,2
HG_006,JS,BB,ADL-2,2026-05-29,262.61,1,21,false,2
HG_006,JS,BB,ADL-2,2026-05-30,305.82,1,21,false,2
HG_006,JS,BB,ADL-2,2026-05-31,278.74,3,21,false,2
HG_006,JS,BB,ADL-2,2026-06-01,277.05,3,21,false,2
HG_006,JS,BB,ADL-2,2026-06-02,276.81,3,21,false,2
HG_006,JS,BB,ADL-2,2026-06-03,259.92,3,21,false,2
HG_006,JS,BB,ADL-2,2026-06-04,285.27,3,21,false,2
HG_006,JS,BB,ADL-2,2026-06-05,293.75,3,21,false,2
HG_006,JS,BB,ADL-2,2026-06-06,306.90,3,21,false,2
HG_006,JS,BB,ADL-2,2026-06-07,276.44,3,21,false,2
HG_006,JS,BB,ADL-2,2026-06-08,257.87,3,21,false,2
HG_006,JS,BB,ADL-2,2026-06-09,260.90,3,21,false,2
HG_006,JS,BB,ADL-2,2026-06-10,268.76,3,21,false,2
HG_006,JS,BB,ADL-2,2026-06-11,290.87,3,21,false,2
HG_006,JS,BB,ADL-2,2026-06-12,261.76,3,21,false,2
HG_006,JS,BB,ADL-2,2026-06-13,305.95,3,21,false,2
HG_006,JS,BB,ADL-2,2026-06-14,277.41,3,21,false,2
HG_006,JS,BB,ADL-2,2026-06-15,275.03,1,21,false,2
HG_006,JS,BB,ADL-2,2026-06-16,304.21,1,21,false,2
HG_006,JS,BB,ADL-2,2026-06-17,303.58,1,21,false,2
HG_006,JS,BB,ADL-2,2026-06-18,297.38,1,21,false,2
HG_006,JS,BB,ADL-2,2026-06-19,294.79,1,21,false,2
HG_006,JS,BB,ADL-2,2026-06-20,319.22,1,21,false,2
HG_006,JS,BB,ADL-2,2026-06-21,310.59,1,21,false,2
HG_006,JS,BB,ADL-2,2026-06-22,283.51,1,21,false,2
HG_006,JS,BB,ADL-2,2026-06-23,303.14,1,21,false,2
HG_006,JS,BB,ADL-2,2026-06-24,289.40,1,21,false,2
HG_006,JS,BB,ADL-2,2026-06-25,266.86,1,21,false,2
HG_006,JS,BB,ADL-2,2026-06-26,278.08,1,21,false,2
HG_006,JS,BB,ADL-2,2026-06-27,310.30,1,21,false,2
HG_006,JS,BB,ADL-2,2026-06-28,295.31,1,21,false,2
HG_006,JS,BB,ADL-2,2026-06-29,296.27,1,21,false,2
HG_007,DBL,RO,ADL-1,2026-05-01,159.19,1,21,false,3
HG_007,DBL,RO,ADL-1,2026-05-02,174.57,1,21,false,3
HG_007,DBL,RO,ADL-1,2026-05-03,206.05,1,21,false,3
HG_007,DBL,RO,ADL-1,2026-05-04,165.12,1,21,false,3
HG_007,DBL,RO,ADL-1,2026-05-05,158.19,1,21,false,3
HG_007,DBL,RO,ADL-1,2026-05-06,173.17,1,21,false,3
HG_007,DBL,RO,ADL-1,2026-05-07,179.15,1,21,false,3
HG_007,DBL,RO,ADL-1,2026-05-08,164.52,1,21,false,3
HG_007,DBL,RO,ADL-1,2026-05-09,199.54,1,21,false,3
HG_007,DBL,RO,ADL-1,2026-05-10,197.28,1,21,false,3
HG_007,DBL,RO,ADL-1,2026-05-11,165.62,1,21,false,3
HG_007,DBL,RO,ADL-1,2026-05-12,179.99,1,21,false,3
HG_007,DBL,RO,ADL-1,2026-05-13,172.43,1,21,false,3
HG_007,DBL,RO,ADL-1,2026-05-14,161.81,1,21,false,3
HG_007,DBL,RO,ADL-1,2026-05-15,171.53,1,21,false,3
HG_007,DBL,RO,ADL-1,2026-05-16,207.98,1,21,false,3
HG_007,DBL,RO,ADL-1,2026-05-17,201.04,1,21,false,3
HG_007,DBL,RO,ADL-1,2026-05-18,165.77,1,21,false,3
HG_007,DBL,RO,ADL-1,2026-05-19,167.70,1,21,false,3
HG_007,DBL,RO,ADL-1,2026-05-20,176.41,1,21,false,3
HG_007,DBL,RO,ADL-1,2026-05-21,194.37,1,21,false,3
HG_007,DBL,RO,ADL-1,2026-05-22,183.53,1,21,false,3
HG_007,DBL,RO,ADL-1,2026-05-23,188.12,1,21,false,3
HG_007,DBL,RO,ADL-1,2026-05-24,199.83,1,21,false,3
HG_007,DBL,RO,ADL-1,2026-05-25,165.58,1,21,false,3
HG_007,DBL,RO,ADL-1,2026-05-26,173.83,1,21,false,3
HG_007,DBL,RO,ADL-1,2026-05-27,190.24,1,21,false,3
HG_007,DBL,RO,ADL-1,2026-05-28,175.75,1,21,false,3
HG_007,DBL,RO,ADL-1,2026-05-29,182.56,1,21,false,3
HG_007,DBL,RO,ADL-1,2026-05-30,215.75,1,21,false,3
HG_007,DBL,RO,ADL-1,2026-05-31,216.46,1,21,false,3
HG_007,DBL,RO,ADL-1,2026-06-01,180.75,1,21,false,3
HG_007,DBL,RO,ADL-1,2026-06-02,184.55,1,21,false,3
HG_007,DBL,RO,ADL-1,2026-06-03,189.21,1,21,false,3
HG_007,DBL,RO,ADL-1,2026-06-04,182.96,1,21,false,3
HG_007,DBL,RO,ADL-1,2026-06-05,202.62,1,21,false,3
HG_007,DBL,RO,ADL-1,2026-06-06,215.80,1,21,false,3
HG_007,DBL,RO,ADL-1,2026-06-07,200.06,1,21,false,3
HG_007,DBL,RO,ADL-1,2026-06-08,175.49,1,21,false,3
HG_007,DBL,RO,ADL-1,2026-06-09,182.05,1,21,false,3
HG_007,DBL,RO,ADL-1,2026-06-10,203.47,1,21,false,3
HG_007,DBL,RO,ADL-1,2026-06-11,175.44,1,21,false,3
HG_007,DBL,RO,ADL-1,2026-06-12,183.53,1,21,false,3
HG_007,DBL,RO,ADL-1,2026-06-13,211.16,1,21,false,3
HG_007,DBL,RO,ADL-1,2026-06-14,210.57,1,21,false,3
HG_007,DBL,RO,ADL-1,2026-06-15,195.46,1,21,false,3
HG_007,DBL,RO,ADL-1,2026-06-16,186.69,1,21,false,3
HG_007,DBL,RO,ADL-1,2026-06-17,185.01,1,21,false,3
HG_007,DBL,RO,ADL-1,2026-06-18,194.82,1,21,false,3
HG_007,DBL,RO,ADL-1,2026-06-19,216.89,1,21,false,3
HG_007,DBL,RO,ADL-1,2026-06-20,230.85,1,21,false,3
HG_007,DBL,RO,ADL-1,2026-06-21,206.13,1,21,false,3
HG_007,DBL,RO,ADL-1,2026-06-22,210.15,1,21,false,3
HG_007,DBL,RO,ADL-1,2026-06-23,202.72,1,21,false,3
HG_007,DBL,RO,ADL-1,2026-06-24,195.70,1,21,false,3
HG_007,DBL,RO,ADL-1,2026-06-25,192.16,1,21,false,3
HG_007,DBL,RO,ADL-1,2026-06-26,192.64,1,21,false,3
HG_007,DBL,RO,ADL-1,2026-06-27,229.39,1,21,false,3
HG_007,DBL,RO,ADL-1,2026-06-28,223.67,1,21,false,3
HG_007,DBL,RO,ADL-1,2026-06-29,197.24,1,21,false,3
HG_007,DBL,BB,ADL-1,2026-05-01,169.68,1,21,false,3
HG_007,DBL,BB,ADL-1,2026-05-02,219.66,1,21,false,3
HG_007,DBL,BB,ADL-1,2026-05-03,220.25,1,21,false,3
HG_007,DBL,BB,ADL-1,2026-05-04,185.65,1,21,false,3
HG_007,DBL,BB,ADL-1,2026-05-05,174.40,1,21,false,3
HG_007,DBL,BB,ADL-1,2026-05-06,183.15,1,21,false,3
HG_007,DBL,BB,ADL-1,2026-05-07,187.96,1,21,false,3
HG_007,DBL,BB,ADL-1,2026-05-08,184.20,1,21,false,3
HG_007,DBL,BB,ADL-1,2026-05-09,197.68,1,21,false,3
HG_007,DBL,BB,ADL-1,2026-05-10,210.95,1,21,false,3
HG_007,DBL,BB,ADL-1,2026-05-11,194.44,1,21,false,3
HG_007,DBL,BB,ADL-1,2026-05-12,195.84,1,21,false,3
HG_007,DBL,BB,ADL-1,2026-05-13,181.19,1,21,false,3
HG_007,DBL,BB,ADL-1,2026-05-14,190.66,1,21,false,3
HG_007,DBL,BB,ADL-1,2026-05-15,171.38,1,21,false,3
HG_007,DBL,BB,ADL-1,2026-05-16,219.15,1,21,false,3
HG_007,DBL,BB,ADL-1,2026-05-17,217.21,1,21,false,3
HG_007,DBL,BB,ADL-1,2026-05-18,187.60,1,21,false,3
HG_007,DBL,BB,ADL-1,2026-05-19,197.38,1,21,false,3
HG_007,DBL,BB,ADL-1,2026-05-20,210.32,1,21,false,3
HG_007,DBL,BB,ADL-1,2026-05-21,204.42,1,21,false,3
HG_007,DBL,BB,ADL-1,2026-05-22,205.15,1,21,false,3
HG_007,DBL,BB,ADL-1,2026-05-23,220.97,1,21,false,3
HG_007,DBL,BB,ADL-1,2026-05-24,215.53,1,21,false,3
HG_007,DBL,BB,ADL-1,2026-05-25,184.48,1,21,false,3
HG_007,DBL,BB,ADL-1,2026-05-26,197.18,1,21,false,3
HG_007,DBL,BB,ADL-1,2026-05-27,186.62,1,21,false,3
HG_007,DBL,BB,ADL-1,2026-05-28,193.46,1,21,false,3
HG_007,DBL,BB,ADL-1,2026-05-29,196.88,1,21,false,3
HG_007,DBL,BB,ADL-1,2026-05-30,197.61,1,21,false,3
HG_007,DBL,BB,ADL-1,2026-05-31,218.46,1,21,false,3
HG_007,DBL,BB,ADL-1,2026-06-01,190.18,1,21,false,3
HG_007,DBL,BB,ADL-1,2026-06-02,217.99,1,21,false,3
HG_007,DBL,BB,ADL-1,2026-06-03,221.00,1,21,false,3
HG_007,DBL,BB,ADL-1,2026-06-04,195.89,1,21,false,3
HG_007,DBL,BB,ADL-1,2026-06-05,188.70,1,21,false,3
HG_007,DBL,BB,ADL-1,2026-06-06,214.85,1,21,false,3
HG_007,DBL,BB,ADL-1,2026-06-07,205.89,1,21,false,3
HG_007,DBL,BB,ADL-1,2026-06-08,189.29,1,21,false,3
HG_007,DBL,BB,ADL-1,2026-06-09,193.87,1,21,false,3
HG_007,DBL,BB,ADL-1,2026-06-10,220.08,1,21,false,3
HG_007,DBL,BB,ADL-1,2026-06-11,199.71,1,21,false,3
HG_007,DBL,BB,ADL-1,2026-06-12,218.28,1,21,false,3
HG_007,DBL,BB,ADL-1,2026-06-13,238.26,1,21,false,3
HG_007,DBL,BB,ADL-1,2026-06-14,234.57,1,21,false,3
HG_007,DBL,BB,ADL-1,2026-06-15,224.09,1,21,false,3
HG_007,DBL,BB,ADL-1,2026-06-16,218.45,1,21,false,3
HG_007,DBL,BB,ADL-1,2026-06-17,213.38,1,21,false,3
HG_007,DBL,BB,ADL-1,2026-06-18,199.64,1,21,false,3
HG_007,DBL,BB,ADL-1,2026-06-19,208.77,1,21,false,3
HG_007,DBL,BB,ADL-1,2026-06-20,231.47,1,21,false,3
HG_007,DBL,BB,ADL-1,2026-06-21,249.71,1,21,false,3
HG_007,DBL,BB,ADL-1,2026-06-22,230.46,1,21,false,3
HG_007,DBL,BB,ADL-1,2026-06-23,212.50,1,21,false,3
HG_007,DBL,BB,ADL-1,2026-06-24,207.49,1,21,false,3
HG_007,DBL,BB,ADL-1,2026-06-25,210.91,1,21,false,3
HG_007,DBL,BB,ADL-1,2026-06-26,196.74,1,21,false,3
HG_007,DBL,BB,ADL-1,2026-06-27,237.80,1,21,false,3
HG_007,DBL,BB,ADL-1,2026-06-28,245.57,1,21,false,3
HG_007,DBL,BB,ADL-1,2026-06-29,212.68,1,21,false,3
HG_007,DBL,HB,ADL-1,2026-05-01,186.92,1,21,false,3
HG_007,DBL,HB,ADL-1,2026-05-02,216.40,1,21,false,3
HG_007,DBL,HB,ADL-1,2026-05-03,211.06,1,21,false,3
HG_007,DBL,HB,ADL-1,2026-05-04,215.77,1,21,false,3
HG_007,DBL,HB,ADL-1,2026-05-05,188.77,1,21,false,3
HG_007,DBL,HB,ADL-1,2026-05-06,203.65,1,21,false,3
HG_007,DBL,HB,ADL-1,2026-05-07,199.59,1,21,false,3
HG_007,DBL,HB,ADL-1,2026-05-08,216.26,1,21,false,3
HG_007,DBL,HB,ADL-1,2026-05-09,222.24,1,21,false,3
HG_007,DBL,HB,ADL-1,2026-05-10,214.37,1,21,false,3
HG_007,DBL,HB,ADL-1,2026-05-11,211.80,1,21,false,3
HG_007,DBL,HB,ADL-1,2026-05-12,186.04,1,21,false,3
HG_007,DBL,HB,ADL-1,2026-05-13,192.77,1,21,false,3
HG_007,DBL,HB,ADL-1,2026-05-14,202.89,1,21,false,3
HG_007,DBL,HB,ADL-1,2026-05-15,203.51,1,21,false,3
HG_007,DBL,HB,ADL-1,2026-05-16,230.69,1,21,false,3
HG_007,DBL,HB,ADL-1,2026-05-17,223.79,1,21,false,3
HG_007,DBL,HB,ADL-1,2026-05-18,213.22,1,21,false,3
HG_007,DBL,HB,ADL-1,2026-05-19,215.48,1,21,false,3
HG_007,DBL,HB,ADL-1,2026-05-20,195.68,1,21,false,3
HG_007,DBL,HB,ADL-1,2026-05-21,193.06,1,21,false,3
HG_007,DBL,HB,ADL-1,2026-05-22,223.55,1,21,false,3
HG_007,DBL,HB,ADL-1,2026-05-23,218.11,1,21,false,3
HG_007,DBL,HB,ADL-1,2026-05-24,227.85,1,21,false,3
HG_007,DBL,HB,ADL-1,2026-05-25,216.67,1,21,false,3
HG_007,DBL,HB,ADL-1,2026-05-26,205.42,1,21,false,3
HG_007,DBL,HB,ADL-1,2026-05-27,210.57,1,21,false,3
HG_007,DBL,HB,ADL-1,2026-05-28,209.75,1,21,false,3
HG_007,DBL,HB,ADL-1,2026-05-29,205.54,1,21,false,3
HG_007,DBL,HB,ADL-1,2026-05-30,217.02,1,21,false,3
HG_007,DBL,HB,ADL-1,2026-05-31,253.21,1,21,false,3
HG_007,DBL,HB,ADL-1,2026-06-01,210.64,1,21,false,3
HG_007,DBL,HB,ADL-1,2026-06-02,230.95,1,21,false,3
HG_007,DBL,HB,ADL-1,2026-06-03,214.11,1,21,false,3
HG_007,DBL,HB,ADL-1,2026-06-04,226.98,1,21,false,3
HG_007,DBL,HB,ADL-1,2026-06-05,207.84,1,21,false,3
HG_007,DBL,HB,ADL-1,2026-06-06,249.29,1,21,false,3
HG_007,DBL,HB,ADL-1,2026-06-07,230.07,1,21,false,3
HG_007,DBL,HB,ADL-1,2026-06-08,218.89,1,21,false,3
HG_007,DBL,HB,ADL-1,2026-06-09,216.02,1,21,false,3
HG_007,DBL,HB,ADL-1,2026-06-10,214.81,1,21,false,3
HG_007,DBL,HB,ADL-1,2026-06-11,206.34,1,21,false,3
HG_007,DBL,HB,ADL-1,2026-06-12,230.20,1,21,false,3
HG_007,DBL,HB,ADL-1,2026-06-13,227.60,1,21,false,3
HG_007,DBL,HB,ADL-1,2026-06-14,234.61,1,21,false,3
HG_007,DBL,HB,ADL-1,2026-06-15,230.25,1,21,false,3
HG_007,DBL,HB,ADL-1,2026-06-16,247.23,1,21,false,3
HG_007,DBL,HB,ADL-1,2026-06-17,224.34,1,21,false,3
HG_007,DBL,HB,ADL-1,2026-06-18,217.11,1,21,false,3
HG_007,DBL,HB,ADL-1,2026-06-19,222.39,1,21,false,3
HG_007,DBL,HB,ADL-1,2026-06-20,238.74,1,21,false,3
HG_007,DBL,HB,ADL-1,2026-06-21,239.55,1,21,false,3
HG_007,DBL,HB,ADL-1,2026-06-22,249.10,1,21,false,3
HG_007,DBL,HB,ADL-1,2026-06-23,234.07,1,21,false,3
HG_007,DBL,HB,ADL-1,2026-06-24,211.88,1,21,false,3
HG_007,DBL,HB,ADL-1,2026-06-25,218.58,1,21,false,3
HG_007,DBL,HB,ADL-1,2026-06-26,238.31,1,21,false,3
HG_007,DBL,HB,ADL-1,2026-06-27,236.16,1,21,false,3
HG_007,DBL,HB,ADL-1,2026-06-28,267.25,1,21,false,3
HG_007,DBL,HB,ADL-1,2026-06-29,223.59,1,21,false,3
HG_007,SGL,RO,ADL-1,2026-05-01,211.87,1,21,false,3
HG_007,SGL,RO,ADL-1,2026-05-02,214.01,1,21,false,3
HG_007,SGL,RO,ADL-1,2026-05-03,226.81,1,21,false,3
HG_007,SGL,RO,ADL-1,2026-05-04,215.91,1,21,false,3
HG_007,SGL,RO,ADL-1,2026-05-05,199.86,1,21,false,3
HG_007,SGL,RO,ADL-1,2026-05-06,203.04,1,21,false,3
HG_007,SGL,RO,ADL-1,2026-05-07,202.74,1,21,false,3
HG_007,SGL,RO,ADL-1,2026-05-08,216.80,1,21,false,3
HG_007,SGL,RO,ADL-1,2026-05-09,234.92,1,21,false,3
HG_007,SGL,RO,ADL-1,2026-05-10,214.77,1,21,false,3
HG_007,SGL,RO,ADL-1,2026-05-11,202.81,1,21,false,3
HG_007,SGL,RO,ADL-1,2026-05-12,198.40,1,21,false,3
HG_007,SGL,RO,ADL-1,2026-05-13,183.81,1,21,false,3
HG_007,SGL,RO,ADL-1,2026-05-14,216.24,1,21,false,3
HG_007,SGL,RO,ADL-1,2026-05-15,202.71,1,21,false,3
HG_007,SGL,RO,ADL-1,2026-05-16,228.94,1,21,false,3
HG_007,SGL,RO,ADL-1,2026-05-17,215.27,1,21,false,3
HG_007,SGL,RO,ADL-1,2026-05-18,214.05,1,21,false,3
HG_007,SGL,RO,ADL-1,2026-05-19,204.36,1,21,false,3
HG_007,SGL,RO,ADL-1,2026-05-20,218.67,1,21,false,3
HG_007,SGL,RO,ADL-1,2026-05-21,219.85,1,21,false,3
HG_007,SGL,RO,ADL-1,2026-05-22,225.54,1,21,false,3
HG_007,SGL,RO,ADL-1,2026-05-23,232.95,1,21,false,3
HG_007,SGL,RO,ADL-1,2026-05-24,245.62,1,21,false,3
HG_007,SGL,RO,ADL-1,2026-05-25,201.28,1,21,false,3
HG_007,SGL,RO,ADL-1,2026-05-26,226.60,1,21,false,3
HG_007,SGL,RO,ADL-1,2026-05-27,200.31,1,21,false,3
HG_007,SGL,RO,ADL-1,2026-05-28,221.69,1,21,false,3
HG_007,SGL,RO,ADL-1,2026-05-29,218.34,1,21,false,3
HG_007,SGL,RO,ADL-1,2026-05-30,219.18,1,21,false,3
HG_007,SGL,RO,ADL-1,2026-05-31,241.13,1,21,false,3
HG_007,SGL,RO,ADL-1,2026-06-01,230.49,1,21,false,3
HG_007,SGL,RO,ADL-1,2026-06-02,232.64,1,21,false,3
HG_007,SGL,RO,ADL-1,2026-06-03,222.76,1,21,false,3
HG_007,SGL,RO,ADL-1,2026-06-04,218.27,1,21,false,3
HG_007,SGL,RO,ADL-1,2026-06-05,223.85,1,21,false,3
HG_007,SGL,RO,ADL-1,2026-06-06,239.06,1,21,false,3
HG_007,SGL,RO,ADL-1,2026-06-07,250.60,1,21,false,3
HG_007,SGL,RO,ADL-1,2026-06-08,201.30,1,21,false,3
HG_007,SGL,RO,ADL-1,2026-06-09,237.60,1,21,false,3
HG_007,SGL,RO,ADL-1,2026-06-10,226.13,1,21,false,3
HG_007,SGL,RO,ADL-1,2026-06-11,224.61,1,21,false,3
HG_007,SGL,RO,ADL-1,2026-06-12,225.55,1,21,false,3
HG_007,SGL,RO,ADL-1,2026-06-13,232.20,1,21,false,3
HG_007,SGL,RO,ADL-1,2026-06-14,225.32,1,21,false,3
HG_007,SGL,RO,ADL-1,2026-06-15,225.21,1,21,false,3
HG_007,SGL,RO,ADL-1,2026-06-16,245.92,1,21,false,3
HG_007,SGL,RO,ADL-1,2026-06-17,224.19,1,21,false,3
HG_007,SGL,RO,ADL-1,2026-06-18,225.96,1,21,false,3
HG_007,SGL,RO,ADL-1,2026-06-19,218.30,1,21,false,3
HG_007,SGL,RO,ADL-1,2026-06-20,232.47,1,21,false,3
HG_007,SGL,RO,ADL-1,2026-06-21,267.74,1,21,false,3
HG_007,SGL,RO,ADL-1,2026-06-22,247.24,1,21,false,3
HG_007,SGL,RO,ADL-1,2026-06-23,214.46,1,21,false,3
HG_007,SGL,RO,ADL-1,2026-06-24,231.40,1,21,false,3
HG_007,SGL,RO,ADL-1,2026-06-25,230.41,1,21,false,3
HG_007,SGL,RO,ADL-1,2026-06-26,242.19,1,21,false,3
HG_007,SGL,RO,ADL-1,2026-06-27,233.35,1,21,false,3
HG_007,SGL,RO,ADL-1,2026-06-28,253.67,1,21,false,3
HG_007,SGL,RO,ADL-1,2026-06-29,219.99,1,21,false,3
HG_007,SGL,BB,ADL-1,2026-05-01,221.74,1,21,false,3
HG_007,SGL,BB,ADL-1,2026-05-02,218.53,1,21,false,3
HG_007,SGL,BB,ADL-1,2026-05-03,234.83,1,21,false,3
HG_007,SGL,BB,ADL-1,2026-05-04,219.13,1,21,false,3
HG_007,SGL,BB,ADL-1,2026-05-05,226.34,1,21,false,3
HG_007,SGL,BB,ADL-1,2026-05-06,218.35,1,21,false,3
HG_007,SGL,BB,ADL-1,2026-05-07,228.32,1,21,false,3
HG_007,SGL,BB,ADL-1,2026-05-08,225.40,1,21,false,3
HG_007,SGL,BB,ADL-1,2026-05-09,242.01,1,21,false,3
HG_007,SGL,BB,ADL-1,2026-05-10,232.02,1,21,false,3
HG_007,SGL,BB,ADL-1,2026-05-11,223.59,1,21,false,3
HG_007,SGL,BB,ADL-1,2026-05-12,201.27,1,21,false,3
HG_007,SGL,BB,ADL-1,2026-05-13,217.39,1,21,false,3
HG_007,SGL,BB,ADL-1,2026-05-14,201.04,1,21,false,3
HG_007,SGL,BB,ADL-1,2026-05-15,213.26,1,21,false,3
HG_007,SGL,BB,ADL-1,2026-05-16,231.39,1,21,false,3
HG_007,SGL,BB,ADL-1,2026-05-17,251.07,1,21,false,3
HG_007,SGL,BB,ADL-1,2026-05-18,231.71,1,21,false,3
HG_007,SGL,BB,ADL-1,2026-05-19,243.64,1,21,false,3
HG_007,SGL,BB,ADL-1,2026-05-20,234.19,1,21,false,3
HG_007,SGL,BB,ADL-1,2026-05-21,226.17,1,21,false,3
HG_007,SGL,BB,ADL-1,2026-05-22,211.61,1,21,false,3
HG_007,SGL,BB,ADL-1,2026-05-23,258.20,1,21,false,3
HG_007,SGL,BB,ADL-1,2026-05-24,232.79,1,21,false,3
HG_007,SGL,BB,ADL-1,2026-05-25,242.89,1,21,false,3
HG_007,SGL,BB,ADL-1,2026-05-26,232.98,1,21,false,3
HG_007,SGL,BB,ADL-1,2026-05-27,212.31,1,21,false,3
HG_007,SGL,BB,ADL-1,2026-05-28,226.56,1,21,false,3
HG_007,SGL,BB,ADL-1,2026-05-29,243.54,1,21,false,3
HG_007,SGL,BB,ADL-1,2026-05-30,241.76,1,21,false,3
HG_007,SGL,BB,ADL-1,2026-05-31,258.91,1,21,false,3
HG_007,SGL,BB,ADL-1,2026-06-01,222.24,1,21,false,3
HG_007,SGL,BB,ADL-1,2026-06-02,241.62,1,21,false,3
HG_007,SGL,BB,ADL-1,2026-06-03,252.59,1,21,false,3
HG_007,SGL,BB,ADL-1,2026-06-04,221.35,1,21,false,3
HG_007,SGL,BB,ADL-1,2026-06-05,226.64,1,21,false,3
HG_007,SGL,BB,ADL-1,2026-06-06,259.90,1,21,false,3
HG_007,SGL,BB,ADL-1,2026-06-07,241.61,1,21,false,3
HG_007,SGL,BB,ADL-1,2026-06-08,244.41,1,21,false,3
HG_007,SGL,BB,ADL-1,2026-06-09,215.16,1,21,false,3
HG_007,SGL,BB,ADL-1,2026-06-10,220.46,1,21,false,3
HG_007,SGL,BB,ADL-1,2026-06-11,227.90,1,21,false,3
HG_007,SGL,BB,ADL-1,2026-06-12,239.27,1,21,false,3
HG_007,SGL,BB,ADL-1,2026-06-13,251.67,1,21,false,3
HG_007,SGL,BB,ADL-1,2026-06-14,254.70,1,21,false,3
HG_007,SGL,BB,ADL-1,2026-06-15,240.49,1,21,false,3
HG_007,SGL,BB,ADL-1,2026-06-16,261.05,1,21,false,3
HG_007,SGL,BB,ADL-1,2026-06-17,245.26,1,21,false,3
HG_007,SGL,BB,ADL-1,2026-06-18,256.25,1,21,false,3
HG_007,SGL,BB,ADL-1,2026-06-19,234.17,1,21,false,3
HG_007,SGL,BB,ADL-1,2026-06-20,286.37,1,21,false,3
HG_007,SGL,BB,ADL-1,2026-06-21,271.13,1,21,false,3
HG_007,SGL,BB,ADL-1,2026-06-22,234.89,1,21,false,3
HG_007,SGL,BB,ADL-1,2026-06-23,243.72,1,21,false,3
HG_007,SGL,BB,ADL-1,2026-06-24,252.90,1,21,false,3
HG_007,SGL,BB,ADL-1,2026-06-25,232.84,1,21,false,3
HG_007,SGL,BB,ADL-1,2026-06-26,235.06,1,21,false,3
HG_007,SGL,BB,ADL-1,2026-06-27,260.47,1,21,false,3
HG_007,SGL,BB,ADL-1,2026-06-28,256.93,1,21,false,3
HG_007,SGL,BB,ADL-1,2026-06-29,248.73,1,21,false,3
HG_007,SGL,HB,ADL-1,2026-05-01,213.01,1,21,false,3
HG_007,SGL,HB,ADL-1,2026-05-02,264.94,1,21,false,3
HG_007,SGL,HB,ADL-1,2026-05-03,235.62,1,21,false,3
HG_007,SGL,HB,ADL-1,2026-05-04,238.89,1,21,false,3
HG_007,SGL,HB,ADL-1,2026-05-05,239.46,1,21,false,3
HG_007,SGL,HB,ADL-1,2026-05-06,240.79,1,21,false,3
HG_007,SGL,HB,ADL-1,2026-05-07,237.98,1,21,false,3
HG_007,SGL,HB,ADL-1,2026-05-08,223.80,1,21,false,3
HG_007,SGL,HB,ADL-1,2026-05-09,264.82,1,21,false,3
HG_007,SGL,HB,ADL-1,2026-05-10,231.34,1,21,false,3
HG_007,SGL,HB,ADL-1,2026-05-11,226.80,1,21,false,3
HG_007,SGL,HB,ADL-1,2026-05-12,239.16,1,21,false,3
HG_007,SGL,HB,ADL-1,2026-05-13,211.83,1,21,false,3
HG_007,SGL,HB,ADL-1,2026-05-14,240.90,1,21,false,3
HG_007,SGL,HB,ADL-1,2026-05-15,232.91,1,21,false,3
HG_007,SGL,HB,ADL-1,2026-05-16,264.43,1,21,false,3
HG_007,SGL,HB,ADL-1,2026-05-17,262.94,1,21,false,3
HG_007,SGL,HB,ADL-1,2026-05-18,254.71,1,21,false,3
HG_007,SGL,HB,ADL-1,2026-05-19,254.10,1,21,false,3
HG_007,SGL,HB,ADL-1,2026-05-20,240.93,1,21,false,3
HG_007,SGL,HB,ADL-1,2026-05-21,248.44,1,21,false,3
HG_007,SGL,HB,ADL-1,2026-05-22,220.91,1,21,false,3
HG_007,SGL,HB,ADL-1,2026-05-23,281.51,1,21,false,3
HG_007,SGL,HB,ADL-1,2026-05-24,275.58,1,21,false,3
HG_007,SGL,HB,ADL-1,2026-05-25,221.82,1,21,false,3
HG_007,SGL,HB,ADL-1,2026-05-26,229.81,1,21,false,3
HG_007,SGL,HB,ADL-1,2026-05-27,231.53,1,21,false,3
HG_007,SGL,HB,ADL-1,2026-05-28,242.07,1,21,false,3
HG_007,SGL,HB,ADL-1,2026-05-29,246.35,1,21,false,3
HG_007,SGL,HB,ADL-1,2026-05-30,269.27,1,21,false,3
HG_007,SGL,HB,ADL-1,2026-05-31,253.33,1,21,false,3
HG_007,SGL,HB,ADL-1,2026-06-01,233.74,1,21,false,3
HG_007,SGL,HB,ADL-1,2026-06-02,255.78,1,21,false,3
HG_007,SGL,HB,ADL-1,2026-06-03,230.25,1,21,false,3
HG_007,SGL,HB,ADL-1,2026-06-04,252.92,1,21,false,3
HG_007,SGL,HB,ADL-1,2026-06-05,268.67,1,21,false,3
HG_007,SGL,HB,ADL-1,2026-06-06,269.67,1,21,false,3
HG_007,SGL,HB,ADL-1,2026-06-07,260.45,1,21,false,3
HG_007,SGL,HB,ADL-1,2026-06-08,247.40,1,21,false,3
HG_007,SGL,HB,ADL-1,2026-06-09,260.59,1,21,false,3
HG_007,SGL,HB,ADL-1,2026-06-10,234.48,1,21,false,3
HG_007,SGL,HB,ADL-1,2026-06-11,244.92,1,21,false,3
HG_007,SGL,HB,ADL-1,2026-06-12,255.45,1,21,false,3
HG_007,SGL,HB,ADL-1,2026-06-13,257.53,1,21,false,3
HG_007,SGL,HB,ADL-1,2026-06-14,264.68,1,21,false,3
HG_007,SGL,HB,ADL-1,2026-06-15,263.13,1,21,false,3
HG_007,SGL,HB,ADL-1,2026-06-16,272.76,1,21,false,3
HG_007,SGL,HB,ADL-1,2026-06-17,259.07,1,21,false,3
HG_007,SGL,HB,ADL-1,2026-06-18,241.15,1,21,false,3
HG_007,SGL,HB,ADL-1,2026-06-19,278.97,1,21,false,3
HG_007,SGL,HB,ADL-1,2026-06-20,265.04,1,21,false,3
HG_007,SGL,HB,ADL-1,2026-06-21,262.99,1,21,false,3
HG_007,SGL,HB,ADL-1,2026-06-22,263.95,1,21,false,3
HG_007,SGL,HB,ADL-1,2026-06-23,249.42,1,21,false,3
HG_007,SGL,HB,ADL-1,2026-06-24,262.87,1,21,false,3
HG_007,SGL,HB,ADL-1,2026-06-25,251.92,1,21,false,3
HG_007,SGL,HB,ADL-1,2026-06-26,279.30,1,21,false,3
HG_007,SGL,HB,ADL-1,2026-06-27,259.50,1,21,false,3
HG_007,SGL,HB,ADL-1,2026-06-28,283.36,1,21,false,3
HG_007,SGL,HB,ADL-1,2026-06-29,246.86,1,21,false,3
HG_008,DBL,RO,ADL-1,2026-05-01,195.07,2,21,true,0
HG_008,DBL,RO,ADL-1,2026-05-02,215.04,2,21,true,0
HG_008,DBL,RO,ADL-1,2026-05-03,201.35,2,21,true,0
HG_008,DBL,RO,ADL-1,2026-05-04,175.77,2,21,false,4
HG_008,DBL,RO,ADL-1,2026-05-05,172.62,2,21,false,4
HG_008,DBL,RO,ADL-1,2026-05-06,178.13,2,21,false,4
HG_008,DBL,RO,ADL-1,2026-05-07,192.82,2,21,false,4
HG_008,DBL,RO,ADL-1,2026-05-08,198.67,2,21,false,4
HG_008,DBL,RO,ADL-1,2026-05-09,223.88,2,21,false,4
HG_008,DBL,RO,ADL-1,2026-05-10,200.96,2,21,false,4
HG_008,DBL,RO,ADL-1,2026-05-11,199.14,2,21,false,4
HG_008,DBL,RO,ADL-1,2026-05-12,186.66,2,21,false,4
HG_008,DBL,RO,ADL-1,2026-05-13,204.25,2,21,false,4
HG_008,DBL,RO,ADL-1,2026-05-14,198.00,2,21,false,4
HG_008,DBL,RO,ADL-1,2026-05-15,173.64,2,21,false,4
HG_008,DBL,RO,ADL-1,2026-05-16,209.68,1,21,false,4
HG_008,DBL,RO,ADL-1,2026-05-17,236.23,1,21,false,4
HG_008,DBL,RO,ADL-1,2026-05-18,205.45,1,21,false,4
HG_008,DBL,RO,ADL-1,2026-05-19,217.79,1,21,false,4
HG_008,DBL,RO,ADL-1,2026-05-20,206.21,1,21,false,4
HG_008,DBL,RO,ADL-1,2026-05-21,191.92,1,21,true,0
HG_008,DBL,RO,ADL-1,2026-05-22,195.24,1,21,true,0
HG_008,DBL,RO,ADL-1,2026-05-23,224.20,1,21,true,0
HG_008,DBL,RO,ADL-1,2026-05-24,219.63,1,21,false,4
HG_008,DBL,RO,ADL-1,2026-05-25,211.29,1,21,false,4
HG_008,DBL,RO,ADL-1,2026-05-26,188.04,1,21,false,4
HG_008,DBL,RO,ADL-1,2026-05-27,194.83,1,21,false,4
HG_008,DBL,RO,ADL-1,2026-05-28,182.59,1,21,false,4
HG_008,DBL,RO,ADL-1,2026-05-29,210.86,1,21,false,4
HG_008,DBL,RO,ADL-1,2026-05-30,219.10,1,21,false,4
HG_008,DBL,RO,ADL-1,2026-05-31,222.22,2,21,false,4
HG_008,DBL,RO,ADL-1,2026-06-01,214.09,2,21,false,4
HG_008,DBL,RO,ADL-1,2026-06-02,200.42,2,21,false,4
HG_008,DBL,RO,ADL-1,2026-06-03,228.26,2,21,false,4
HG_008,DBL,RO,ADL-1,2026-06-04,224.17,2,21,false,4
HG_008,DBL,RO,ADL-1,2026-06-05,195.04,2,21,false,4
HG_008,DBL,RO,ADL-1,2026-06-06,209.83,2,21,false,4
HG_008,DBL,RO,ADL-1,2026-06-07,220.24,2,21,false,4
HG_008,DBL,RO,ADL-1,2026-06-08,227.27,2,21,false,4
HG_008,DBL,RO,ADL-1,2026-06-09,199.88,2,21,false,4
HG_008,DBL,RO,ADL-1,2026-06-10,209.89,2,21,true,0
HG_008,DBL,RO,ADL-1,2026-06-11,228.94,2,21,true,0
HG_008,DBL,RO,ADL-1,2026-06-12,195.18,2,21,true,0
HG_008,DBL,RO,ADL-1,2026-06-13,236.56,2,21,false,4
HG_008,DBL,RO,ADL-1,2026-06-14,246.35,2,21,false,4
HG_008,DBL,RO,ADL-1,2026-06-15,219.37,1,21,false,4
HG_008,DBL,RO,ADL-1,2026-06-16,223.19,1,21,false,4
HG_008,DBL,RO,ADL-1,2026-06-17,217.57,1,21,false,4
HG_008,DBL,RO,ADL-1,2026-06-18,212.69,1,21,false,4
HG_008,DBL,RO,ADL-1,2026-06-19,210.09,1,21,false,4
HG_008,DBL,RO,ADL-1,2026-06-20,224.31,1,21,false,4
HG_008,DBL,RO,ADL-1,2026-06-21,226.55,1,21,false,4
HG_008,DBL,RO,ADL-1,2026-06-22,236.65,1,21,false,4
HG_008,DBL,RO,ADL-1,2026-06-23,219.10,1,21,false,4
HG_008,DBL,RO,ADL-1,2026-06-24,239.61,1,21,false,4
HG_008,DBL,RO,ADL-1,2026-06-25,201.05,1,21,false,4
HG_008,DBL,RO,ADL-1,2026-06-26,203.30,1,21,false,4
HG_008,DBL,RO,ADL-1,2026-06-27,227.58,1,21,false,4
HG_008,DBL,RO,ADL-1,2026-06-28,256.30,1,21,false,4
HG_008,DBL,RO,ADL-1,2026-06-29,233.35,1,21,false,4
HG_008,DBL,RO,ADL-2,2026-05-01,173.81,2,21,true,0
HG_008,DBL,RO,ADL-2,2026-05-02,204.82,2,21,true,0
HG_008,DBL,RO,ADL-2,2026-05-03,197.85,2,21,true,0
HG_008,DBL,RO,ADL-2,2026-05-04,185.17,2,21,false,4
HG_008,DBL,RO,ADL-2,2026-05-05,176.07,2,21,false,4
HG_008,DBL,RO,ADL-2,2026-05-06,201.94,2,21,false,4
HG_008,DBL,RO,ADL-2,2026-05-07,203.34,2,21,false,4
HG_008,DBL,RO,ADL-2,2026-05-08,175.36,2,21,false,4
HG_008,DBL,RO,ADL-2,2026-05-09,200.82,2,21,false,4
HG_008,DBL,RO,ADL-2,2026-05-10,202.85,2,21,false,4
HG_008,DBL,RO,ADL-2,2026-05-11,205.10,2,21,false,4
HG_008,DBL,RO,ADL-2,2026-05-12,182.54,2,21,false,4
HG_008,DBL,RO,ADL-2,2026-05-13,191.79,2,21,false,4
HG_008,DBL,RO,ADL-2,2026-05-14,204.59,2,21,false,4
HG_008,DBL,RO,ADL-2,2026-05-15,206.42,2,21,false,4
HG_008,DBL,RO,ADL-2,2026-05-16,227.22,1,21,false,4
HG_008,DBL,RO,ADL-2,2026-05-17,213.17,1,21,false,4
HG_008,DBL,RO,ADL-2,2026-05-18,185.51,1,21,false,4
HG_008,DBL,RO,ADL-2,2026-05-19,196.24,1,21,false,4
HG_008,DBL,RO,ADL-2,2026-05-20,215.95,1,21,false,4
HG_008,DBL,RO,ADL-2,2026-05-21,218.25,1,21,true,0
HG_008,DBL,RO,ADL-2,2026-05-22,213.59,1,21,true,0
HG_008,DBL,RO,ADL-2,2026-05-23,210.63,1,21,true,0
HG_008,DBL,RO,ADL-2,2026-05-24,237.70,1,21,false,4
HG_008,DBL,RO,ADL-2,2026-05-25,204.50,1,21,false,4
HG_008,DBL,RO,ADL-2,2026-05-26,201.48,1,21,false,4
HG_008,DBL,RO,ADL-2,2026-05-27,184.83,1,21,false,4
HG_008,DBL,RO,ADL-2,2026-05-28,211.93,1,21,false,4
HG_008,DBL,RO,ADL-2,2026-05-29,197.30,1,21,false,4
HG_008,DBL,RO,ADL-2,2026-05-30,213.51,1,21,false,4
HG_008,DBL,RO,ADL-2,2026-05-31,214.98,2,21,false,4
HG_008,DBL,RO,ADL-2,2026-06-01,223.89,2,21,false,4
HG_008,DBL,RO,ADL-2,2026-06-02,219.60,2,21,false,4
HG_008,DBL,RO,ADL-2,2026-06-03,228.10,2,21,false,4
HG_008,DBL,RO,ADL-2,2026-06-04,202.32,2,21,false,4
HG_008,DBL,RO,ADL-2,2026-06-05,190.58,2,21,false,4
HG_008,DBL,RO,ADL-2,2026-06-06,242.50,2,21,false,4
HG_008,DBL,RO,ADL-2,2026-06-07,229.86,2,21,false,4
HG_008,DBL,RO,ADL-2,2026-06-08,211.06,2,21,false,4
HG_008,DBL,RO,ADL-2,2026-06-09,196.09,2,21,false,4
HG_008,DBL,RO,ADL-2,2026-06-10,193.58,2,21,true,0
HG_008,DBL,RO,ADL-2,2026-06-11,221.65,2,21,true,0
HG_008,DBL,RO,ADL-2,2026-06-12,203.82,2,21,true,0
HG_008,DBL,RO,ADL-2,2026-06-13,225.55,2,21,false,4
HG_008,DBL,RO,ADL-2,2026-06-14,213.25,2,21,false,4
HG_008,DBL,RO,ADL-2,2026-06-15,227.36,1,21,false,4
HG_008,DBL,RO,ADL-2,2026-06-16,219.67,1,21,false,4
HG_008,DBL,RO,ADL-2,2026-06-17,219.26,1,21,false,4
HG_008,DBL,RO,ADL-2,2026-06-18,208.96,1,21,false,4
HG_008,DBL,RO,ADL-2,2026-06-19,240.37,1,21,false,4
HG_008,DBL,RO,ADL-2,2026-06-20,225.15,1,21,false,4
HG_008,DBL,RO,ADL-2,2026-06-21,227.82,1,21,false,4
HG_008,DBL,RO,ADL-2,2026-06-22,240.25,1,21,false,4
HG_008,DBL,RO,ADL-2,2026-06-23,227.03,1,21,false,4
HG_008,DBL,RO,ADL-2,2026-06-24,213.87,1,21,false,4
HG_008,DBL,RO,ADL-2,2026-06-25,209.52,1,21,false,4
HG_008,DBL,RO,ADL-2,2026-06-26,206.97,1,21,false,4
HG_008,DBL,RO,ADL-2,2026-06-27,254.14,1,21,false,4
HG_008,DBL,RO,ADL-2,2026-06-28,229.59,1,21,false,4
HG_008,DBL,RO,ADL-2,2026-06-29,227.93,1,21,false,4
HG_008,DBL,BB,ADL-1,2026-05-01,202.21,2,21,true,0
HG_008,DBL,BB,ADL-1,2026-05-02,244.85,2,21,true,0
HG_008,DBL,BB,ADL-1,2026-05-03,230.68,2,21,true,0
HG_008,DBL,BB,ADL-1,2026-05-04,213.57,2,21,false,4
HG_008,DBL,BB,ADL-1,2026-05-05,219.94,2,21,false,4
HG_008,DBL,BB,ADL-1,2026-05-06,199.18,2,21,false,4
HG_008,DBL,BB,ADL-1,2026-05-07,208.45,2,21,false,4
HG_008,DBL,BB,ADL-1,2026-05-08,204.43,2,21,false,4
HG_008,DBL,BB,ADL-1,2026-05-09,216.51,2,21,false,4
HG_008,DBL,BB,ADL-1,2026-05-10,245.16,2,21,false,4
HG_008,DBL,BB,ADL-1,2026-05-11,215.03,2,21,false,4
HG_008,DBL,BB,ADL-1,2026-05-12,202.26,2,21,false,4
HG_008,DBL,BB,ADL-1,2026-05-13,190.05,2,21,false,4
HG_008,DBL,BB,ADL-1,2026-05-14,213.30,2,21,false,4
HG_008,DBL,BB,ADL-1,2026-05-15,186.05,2,21,false,4
HG_008,DBL,BB,ADL-1,2026-05-16,230.56,1,21,false,4
HG_008,DBL,BB,ADL-1,2026-05-17,233.84,1,21,false,4
HG_008,DBL,BB,ADL-1,2026-05-18,215.53,1,21,false,4
HG_008,DBL,BB,ADL-1,2026-05-19,226.11,1,21,false,4
HG_008,DBL,BB,ADL-1,2026-05-20,228.39,1,21,false,4
HG_008,DBL,BB,ADL-1,2026-05-21,203.59,1,21,true,0
HG_008,DBL,BB,ADL-1,2026-05-22,213.80,1,21,true,0
HG_008,DBL,BB,ADL-1,2026-05-23,243.51,1,21,true,0
HG_008,DBL,BB,ADL-1,2026-05-24,248.49,1,21,false,4
HG_008,DBL,BB,ADL-1,2026-05-25,194.71,1,21,false,4
HG_008,DBL,BB,ADL-1,2026-05-26,207.38,1,21,false,4
HG_008,DBL,BB,ADL-1,2026-05-27,216.88,1,21,false,4
HG_008,DBL,BB,ADL-1,2026-05-28,214.79,1,21,false,4
HG_008,DBL,BB,ADL-1,2026-05-29,206.67,1,21,false,4
HG_008,DBL,BB,ADL-1,2026-05-30,229.34,1,21,false,4
HG_008,DBL,BB,ADL-1,2026-05-31,266.78,2,21,false,4
HG_008,DBL,BB,ADL-1,2026-06-01,240.69,2,21,false,4
HG_008,DBL,BB,ADL-1,2026-06-02,235.92,2,21,false,4
HG_008,DBL,BB,ADL-1,2026-06-03,205.48,2,21,false,4
HG_008,DBL,BB,ADL-1,2026-06-04,216.20,2,21,false,4
HG_008,DBL,BB,ADL-1,2026-06-05,207.52,2,21,false,4
HG_008,DBL,BB,ADL-1,2026-06-06,244.32,2,21,false,4
HG_008,DBL,BB,ADL-1,2026-06-07,224.42,2,21,false,4
HG_008,DBL,BB,ADL-1,2026-06-08,232.54,2,21,false,4
HG_008,DBL,BB,ADL-1,2026-06-09,209.41,2,21,false,4
HG_008,DBL,BB,ADL-1,2026-06-10,229.18,2,21,true,0
HG_008,DBL,BB,ADL-1,2026-06-11,212.70,2,21,true,0
HG_008,DBL,BB,ADL-1,2026-06-12,224.75,2,21,true,0
HG_008,DBL,BB,ADL-1,2026-06-13,249.16,2,21,false,4
HG_008,DBL,BB,ADL-1,2026-06-14,250.06,2,21,false,4
HG_008,DBL,BB,ADL-1,2026-06-15,223.60,1,21,false,4
HG_008,DBL,BB,ADL-1,2026-06-16,217.65,1,21,false,4
HG_008,DBL,BB,ADL-1,2026-06-17,223.61,1,21,false,4
HG_008,DBL,BB,ADL-1,2026-06-18,230.01,1,21,false,4
HG_008,DBL,BB,ADL-1,2026-06-19,224.92,1,21,false,4
HG_008,DBL,BB,ADL-1,2026-06-20,251.61,1,21,false,4
HG_008,DBL,BB,ADL-1,2026-06-21,241.76,1,21,false,4
HG_008,DBL,BB,ADL-1,2026-06-22,252.91,1,21,false,4
HG_008,DBL,BB,ADL-1,2026-06-23,254.92,1,21,false,4
HG_008,DBL,BB,ADL-1,2026-06-24,227.68,1,21,false,4
HG_008,DBL,BB,ADL-1,2026-06-25,218.35,1,21,false,4
HG_008,DBL,BB,ADL-1,2026-06-26,254.03,1,21,false,4
HG_008,DBL,BB,ADL-1,2026-06-27,252.76,1,21,false,4
HG_008,DBL,BB,ADL-1,2026-06-28,235.82,1,21,false,4
HG_008,DBL,BB,ADL-1,2026-06-29,255.18,1,21,false,4
HG_008,DBL,BB,ADL-2,2026-05-01,216.26,2,21,true,0
HG_008,DBL,BB,ADL-2,2026-05-02,231.02,2,21,true,0
HG_008,DBL,BB,ADL-2,2026-05-03,229.73,2,21,true,0
HG_008,DBL,BB,ADL-2,2026-05-04,215.34,2,21,false,4
HG_008,DBL,BB,ADL-2,2026-05-05,199.00,2,21,false,4
HG_008,DBL,BB,ADL-2,2026-05-06,205.54,2,21,false,4
HG_008,DBL,BB,ADL-2,2026-05-07,191.51,2,21,false,4
HG_008,DBL,BB,ADL-2,2026-05-08,211.12,2,21,false,4
HG_008,DBL,BB,ADL-2,2026-05-09,230.32,2,21,false,4
HG_008,DBL,BB,ADL-2,2026-05-10,231.59,2,21,false,4
HG_008,DBL,BB,ADL-2,2026-05-11,206.54,2,21,false,4
HG_008,DBL,BB,ADL-2,2026-05-12,221.59,2,21,false,4
HG_008,DBL,BB,ADL-2,2026-05-13,198.04,2,21,false,4
HG_008,DBL,BB,ADL-2,2026-05-14,221.87,2,21,false,4
HG_008,DBL,BB,ADL-2,2026-05-15,221.97,2,21,false,4
HG_008,DBL,BB,ADL-2,2026-05-16,224.46,1,21,false,4
HG_008,DBL,BB,ADL-2,2026-05-17,250.20,1,21,false,4
HG_008,DBL,BB,ADL-2,2026-05-18,195.68,1,21,false,4
HG_008,DBL,BB,ADL-2,2026-05-19,200.38,1,21,false,4
HG_008,DBL,BB,ADL-2,2026-05-20,210.59,1,21,false,4
HG_008,DBL,BB,ADL-2,2026-05-21,230.02,1,21,true,0
HG_008,DBL,BB,ADL-2,2026-05-22,220.17,1,21,true,0
HG_008,DBL,BB,ADL-2,2026-05-23,243.16,1,21,true,0
HG_008,DBL,BB,ADL-2,2026-05-24,221.19,1,21,false,4
HG_008,DBL,BB,ADL-2,2026-05-25,231.82,1,21,false,4
HG_008,DBL,BB,ADL-2,2026-05-26,220.67,1,21,false,4
HG_008,DBL,BB,ADL-2,2026-05-27,214.62,1,21,false,4
HG_008,DBL,BB,ADL-2,2026-05-28,195.50,1,21,false,4
HG_008,DBL,BB,ADL-2,2026-05-29,202.81,1,21,false,4
HG_008,DBL,BB,ADL-2,2026-05-30,255.40,1,21,false,4
HG_008,DBL,BB,ADL-2,2026-05-31,254.96,2,21,false,4
HG_008,DBL,BB,ADL-2,2026-06-01,233.30,2,21,false,4
HG_008,DBL,BB,ADL-2,2026-06-02,220.32,2,21,false,4
HG_008,DBL,BB,ADL-2,2026-06-03,229.49,2,21,false,4
HG_008,DBL,BB,ADL-2,2026-06-04,242.69,2,21,false,4
HG_008,DBL,BB,ADL-2,2026-06-05,220.11,2,21,false,4
HG_008,DBL,BB,ADL-2,2026-06-06,235.57,2,21,false,4
HG_008,DBL,BB,ADL-2,2026-06-07,248.26,2,21,false,4
HG_008,DBL,BB,ADL-2,2026-06-08,236.21,2,21,false,4
HG_008,DBL,BB,ADL-2,2026-06-09,222.55,2,21,false,4
HG_008,DBL,BB,ADL-2,2026-06-10,205.98,2,21,true,0
HG_008,DBL,BB,ADL-2,2026-06-11,225.83,2,21,true,0
HG_008,DBL,BB,ADL-2,2026-06-12,244.54,2,21,true,0
HG_008,DBL,BB,ADL-2,2026-06-13,229.11,2,21,false,4
HG_008,DBL,BB,ADL-2,2026-06-14,228.02,2,21,false,4
HG_008,DBL,BB,ADL-2,2026-06-15,217.70,1,21,false,4
HG_008,DBL,BB,ADL-2,2026-06-16,217.45,1,21,false,4
HG_008,DBL,BB,ADL-2,2026-06-17,243.42,1,21,false,4
HG_008,DBL,BB,ADL-2,2026-06-18,245.52,1,21,false,4
HG_008,DBL,BB,ADL-2,2026-06-19,244.95,1,21,false,4
HG_008,DBL,BB,ADL-2,2026-06-20,276.83,1,21,false,4
HG_008,DBL,BB,ADL-2,2026-06-21,267.63,1,21,false,4
HG_008,DBL,BB,ADL-2,2026-06-22,250.86,1,21,false,4
HG_008,DBL,BB,ADL-2,2026-06-23,230.64,1,21,false,4
HG_008,DBL,BB,ADL-2,2026-06-24,240.04,1,21,false,4
HG_008,DBL,BB,ADL-2,2026-06-25,227.92,1,21,false,4
HG_008,DBL,BB,ADL-2,2026-06-26,227.89,1,21,false,4
HG_008,DBL,BB,ADL-2,2026-06-27,239.04,1,21,false,4
HG_008,DBL,BB,ADL-2,2026-06-28,255.07,1,21,false,4
HG_008,DBL,BB,ADL-2,2026-06-29,228.48,1,21,false,4
HG_008,DBL,HB,ADL-1,2026-05-01,208.35,2,21,true,0
HG_008,DBL,HB,ADL-1,2026-05-02,233.55,2,21,true,0
HG_008,DBL,HB,ADL-1,2026-05-03,262.71,2,21,true,0
HG_008,DBL,HB,ADL-1,2026-05-04,203.94,2,21,false,4
HG_008,DBL,HB,ADL-1,2026-05-05,235.41,2,21,false,4
HG_008,DBL,HB,ADL-1,2026-05-06,226.43,2,21,false,4
HG_008,DBL,HB,ADL-1,2026-05-07,238.63,2,21,false,4
HG_008,DBL,HB,ADL-1,2026-05-08,231.36,2,21,false,4
HG_008,DBL,HB,ADL-1,2026-05-09,259.34,2,21,false,4
HG_008,DBL,HB,ADL-1,2026-05-10,229.06,2,21,false,4
HG_008,DBL,HB,ADL-1,2026-05-11,217.81,2,21,false,4
HG_008,DBL,HB,ADL-1,2026-05-12,238.76,2,21,false,4
HG_008,DBL,HB,ADL-1,2026-05-13,239.26,2,21,false,4
HG_008,DBL,HB,ADL-1,2026-05-14,200.92,2,21,false,4
HG_008,DBL,HB,ADL-1,2026-05-15,206.63,2,21,false,4
HG_008,DBL,HB,ADL-1,2026-05-16,242.53,1,21,false,4
HG_008,DBL,HB,ADL-1,2026-05-17,242.78,1,21,false,4
HG_008,DBL,HB,ADL-1,2026-05-18,241.78,1,21,false,4
HG_008,DBL,HB,ADL-1,2026-05-19,251.55,1,21,false,4
HG_008,DBL,HB,ADL-1,2026-05-20,229.87,1,21,false,4
HG_008,DBL,HB,ADL-1,2026-05-21,245.72,1,21,true,0
HG_008,DBL,HB,ADL-1,2026-05-22,242.11,1,21,true,0
HG_008,DBL,HB,ADL-1,2026-05-23,249.43,1,21,true,0
HG_008,DBL,HB,ADL-1,2026-05-24,257.15,1,21,false,4
HG_008,DBL,HB,ADL-1,2026-05-25,243.32,1,21,false,4
HG_008,DBL,HB,ADL-1,2026-05-26,219.98,1,21,false,4
HG_008,DBL,HB,ADL-1,2026-05-27,212.53,1,21,false,4
HG_008,DBL,HB,ADL-1,2026-05-28,215.05,1,21,false,4
HG_008,DBL,HB,ADL-1,2026-05-29,250.43,1,21,false,4
HG_008,DBL,HB,ADL-1,2026-05-30,243.19,1,21,false,4
HG_008,DBL,HB,ADL-1,2026-05-31,255.36,2,21,false,4
HG_008,DBL,HB,ADL-1,2026-06-01,237.30,2,21,false,4
HG_008,DBL,HB,ADL-1,2026-06-02,221.93,2,21,false,4
HG_008,DBL,HB,ADL-1,2026-06-03,228.32,2,21,false,4
HG_008,DBL,HB,ADL-1,2026-06-04,250.34,2,21,false,4
HG_008,DBL,HB,ADL-1,2026-06-05,232.90,2,21,false,4
HG_008,DBL,HB,ADL-1,2026-06-06,276.60,2,21,false,4
HG_008,DBL,HB,ADL-1,2026-06-07,237.12,2,21,false,4
HG_008,DBL,HB,ADL-1,2026-06-08,234.37,2,21,false,4
HG_008,DBL,HB,ADL-1,2026-06-09,228.63,2,21,false,4
HG_008,DBL,HB,ADL-1,2026-06-10,233.04,2,21,true,0
HG_008,DBL,HB,ADL-1,2026-06-11,237.19,2,21,true,0
HG_008,DBL,HB,ADL-1,2026-06-12,239.48,2,21,true,0
HG_008,DBL,HB,ADL-1,2026-06-13,251.88,2,21,false,4
HG_008,DBL,HB,ADL-1,2026-06-14,246.69,2,21,false,4
HG_008,DBL,HB,ADL-1,2026-06-15,264.13,1,21,false,4
HG_008,DBL,HB,ADL-1,2026-06-16,261.99,1,21,false,4
HG_008,DBL,HB,ADL-1,2026-06-17,256.68,1,21,false,4
HG_008,DBL,HB,ADL-1,2026-06-18,266.53,1,21,false,4
HG_008,DBL,HB,ADL-1,2026-06-19,270.73,1,21,false,4
HG_008,DBL,HB,ADL-1,2026-06-20,267.54,1,21,false,4
HG_008,DBL,HB,ADL-1,2026-06-21,274.63,1,21,false,4
HG_008,DBL,HB,ADL-1,2026-06-22,263.09,1,21,false,4
HG_008,DBL,HB,ADL-1,2026-06-23,229.12,1,21,false,4
HG_008,DBL,HB,ADL-1,2026-06-24,238.47,1,21,false,4
HG_008,DBL,HB,ADL-1,2026-06-25,264.82,1,21,false,4
HG_008,DBL,HB,ADL-1,2026-06-26,263.92,1,21,false,4
HG_008,DBL,HB,ADL-1,2026-06-27,291.26,1,21,false,4
HG_008,DBL,HB,ADL-1,2026-06-28,268.04,1,21,false,4
HG_008,DBL,HB,ADL-1,2026-06-29,237.59,1,21,false,4
HG_008,DBL,HB,ADL-2,2026-05-01,217.46,2,21,true,0
HG_008,DBL,HB,ADL-2,2026-05-02,250.54,2,21,true,0
HG_008,DBL,HB,ADL-2,2026-05-03,236.98,2,21,true,0
HG_008,DBL,HB,ADL-2,2026-05-04,222.78,2,21,false,4
HG_008,DBL,HB,ADL-2,2026-05-05,238.19,2,21,false,4
HG_008,DBL,HB,ADL-2,2026-05-06,230.92,2,21,false,4
HG_008,DBL,HB,ADL-2,2026-05-07,228.64,2,21,false,4
HG_008,DBL,HB,ADL-2,2026-05-08,216.46,2,21,false,4
HG_008,DBL,HB,ADL-2,2026-05-09,255.86,2,21,false,4
HG_008,DBL,HB,ADL-2,2026-05-10,251.98,2,21,false,4
HG_008,DBL,HB,ADL-2,2026-05-11,209.92,2,21,false,4
HG_008,DBL,HB,ADL-2,2026-05-12,229.66,2,21,false,4
HG_008,DBL,HB,ADL-2,2026-05-13,233.84,2,21,false,4
HG_008,DBL,HB,ADL-2,2026-05-14,231.41,2,21,false,4
HG_008,DBL,HB,ADL-2,2026-05-15,240.24,2,21,false,4
HG_008,DBL,HB,ADL-2,2026-05-16,269.08,1,21,false,4
HG_008,DBL,HB,ADL-2,2026-05-17,259.89,1,21,false,4
HG_008,DBL,HB,ADL-2,2026-05-18,247.59,1,21,false,4
HG_008,DBL,HB,ADL-2,2026-05-19,245.50,1,21,false,4
HG_008,DBL,HB,ADL-2,2026-05-20,234.77,1,21,false,4
HG_008,DBL,HB,ADL-2,2026-05-21,217.34,1,21,true,0
HG_008,DBL,HB,ADL-2,2026-05-22,249.23,1,21,true,0
HG_008,DBL,HB,ADL-2,2026-05-23,234.71,1,21,true,0
HG_008,DBL,HB,ADL-2,2026-05-24,238.40,1,21,false,4
HG_008,DBL,HB,ADL-2,2026-05-25,222.33,1,21,false,4
HG_008,DBL,HB,ADL-2,2026-05-26,249.06,1,21,false,4
HG_008,DBL,HB,ADL-2,2026-05-27,222.90,1,21,false,4
HG_008,DBL,HB,ADL-2,2026-05-28,225.63,1,21,false,4
HG_008,DBL,HB,ADL-2,2026-05-29,251.62,1,21,false,4
HG_008,DBL,HB,ADL-2,2026-05-30,242.32,1,21,false,4
HG_008,DBL,HB,ADL-2,2026-05-31,282.91,2,21,false,4
HG_008,DBL,HB,ADL-2,2026-06-01,239.37,2,21,false,4
HG_008,DBL,HB,ADL-2,2026-06-02,255.72,2,21,false,4
HG_008,DBL,HB,ADL-2,2026-06-03,237.30,2,21,false,4
HG_008,DBL,HB,ADL-2,2026-06-04,252.22,2,21,false,4
HG_008,DBL,HB,ADL-2,2026-06-05,246.78,2,21,false,4
HG_008,DBL,HB,ADL-2,2026-06-06,241.86,2,21,false,4
HG_008,DBL,HB,ADL-2,2026-06-07,242.22,2,21,false,4
HG_008,DBL,HB,ADL-2,2026-06-08,235.15,2,21,false,4
HG_008,DBL,HB,ADL-2,2026-06-09,245.31,2,21,false,4
HG_008,DBL,HB,ADL-2,2026-06-10,229.35,2,21,true,0
HG_008,DBL,HB,ADL-2,2026-06-11,261.10,2,21,true,0
HG_008,DBL,HB,ADL-2,2026-06-12,241.82,2,21,true,0
HG_008,DBL,HB,ADL-2,2026-06-13,239.29,2,21,false,4
HG_008,DBL,HB,ADL-2,2026-06-14,262.99,2,21,false,4
HG_008,DBL,HB,ADL-2,2026-06-15,241.45,1,21,false,4
HG_008,DBL,HB,ADL-2,2026-06-16,240.07,1,21,false,4
HG_008,DBL,HB,ADL-2,2026-06-17,247.67,1,21,false,4
HG_008,DBL,HB,ADL-2,2026-06-18,273.50,1,21,false,4
HG_008,DBL,HB,ADL-2,2026-06-19,240.24,1,21,false,4
HG_008,DBL,HB,ADL-2,2026-06-20,295.59,1,21,false,4
HG_008,DBL,HB,ADL-2,2026-06-21,285.76,1,21,false,4
HG_008,DBL,HB,ADL-2,2026-06-22,255.97,1,21,false,4
HG_008,DBL,HB,ADL-2,2026-06-23,227.66,1,21,false,4
HG_008,DBL,HB,ADL-2,2026-06-24,271.38,1,21,false,4
HG_008,DBL,HB,ADL-2,2026-06-25,256.31,1,21,false,4
HG_008,DBL,HB,ADL-2,2026-06-26,262.16,1,21,false,4
HG_008,DBL,HB,ADL-2,2026-06-27,267.72,1,21,false,4
HG_008,DBL,HB,ADL-2,2026-06-28,271.13,1,21,false,4
HG_008,DBL,HB,ADL-2,2026-06-29,255.44,1,21,false,4
HG_008,DBL,FB,ADL-1,2026-05-01,235.24,2,21,true,0
HG_008,DBL,FB,ADL-1,2026-05-02,271.23,2,21,true,0
HG_008,DBL,FB,ADL-1,2026-05-03,277.80,2,21,true,0
HG_008,DBL,FB,ADL-1,2026-05-04,231.66,2,21,false,4
HG_008,DBL,FB,ADL-1,2026-05-05,252.39,2,21,false,4
HG_008,DBL,FB,ADL-1,2026-05-06,232.16,2,21,false,4
HG_008,DBL,FB,ADL-1,2026-05-07,233.98,2,21,false,4
HG_008,DBL,FB,ADL-1,2026-05-08,238.28,2,21,false,4
HG_008,DBL,FB,ADL-1,2026-05-09,252.97,2,21,false,4
HG_008,DBL,FB,ADL-1,2026-05-10,245.20,2,21,false,4
HG_008,DBL,FB,ADL-1,2026-05-11,245.70,2,21,false,4
HG_008,DBL,FB,ADL-1,2026-05-12,234.11,2,21,false,4
HG_008,DBL,FB,ADL-1,2026-05-13,230.21,2,21,false,4
HG_008,DBL,FB,ADL-1,2026-05-14,219.99,2,21,false,4
HG_008,DBL,FB,ADL-1,2026-05-15,256.35,2,21,false,4
HG_008,DBL,FB,ADL-1,2026-05-16,267.87,1,21,false,4
HG_008,DBL,FB,ADL-1,2026-05-17,259.94,1,21,false,4
HG_008,DBL,FB,ADL-1,2026-05-18,221.79,1,21,false,4
HG_008,DBL,FB,ADL-1,2026-05-19,231.93,1,21,false,4
HG_008,DBL,FB,ADL-1,2026-05-20,237.34,1,21,false,4
HG_008,DBL,FB,ADL-1,2026-05-21,263.35,1,21,true,0
HG_008,DBL,FB,ADL-1,2026-05-22,244.05,1,21,true,0
HG_008,DBL,FB,ADL-1,2026-05-23,266.85,1,21,true,0
HG_008,DBL,FB,ADL-1,2026-05-24,278.56,1,21,false,4
HG_008,DBL,FB,ADL-1,2026-05-25,266.25,1,21,false,4
HG_008,DBL,FB,ADL-1,2026-05-26,266.51,1,21,false,4
HG_008,DBL,FB,ADL-1,2026-05-27,239.55,1,21,false,4
HG_008,DBL,FB,ADL-1,2026-05-28,247.76,1,21,false,4
HG_008,DBL,FB,ADL-1,2026-05-29,263.60,1,21,false,4
HG_008,DBL,FB,ADL-1,2026-05-30,274.02,1,21,false,4
HG_008,DBL,FB,ADL-1,2026-05-31,276.06,2,21,false,4
HG_008,DBL,FB,ADL-1,2026-06-01,249.98,2,21,false,4
HG_008,DBL,FB,ADL-1,2026-06-02,240.94,2,21,false,4
HG_008,DBL,FB,ADL-1,2026-06-03,278.20,2,21,false,4
HG_008,DBL,FB,ADL-1,2026-06-04,258.65,2,21,false,4
HG_008,DBL,FB,ADL-1,2026-06-05,267.89,2,21,false,4
HG_008,DBL,FB,ADL-1,2026-06-06,291.20,2,21,false,4
HG_008,DBL,FB,ADL-1,2026-06-07,269.00,2,21,false,4
HG_008,DBL,FB,ADL-1,2026-06-08,261.79,2,21,false,4
HG_008,DBL,FB,ADL-1,2026-06-09,241.37,2,21,false,4
HG_008,DBL,FB,ADL-1,2026-06-10,279.13,2,21,true,0
HG_008,DBL,FB,ADL-1,2026-06-11,249.38,2,21,true,0
HG_008,DBL,FB,ADL-1,2026-06-12,270.93,2,21,true,0
HG_008,DBL,FB,ADL-1,2026-06-13,285.67,2,21,false,4
HG_008,DBL,FB,ADL-1,2026-06-14,294.83,2,21,false,4
HG_008,DBL,FB,ADL-1,2026-06-15,244.96,1,21,false,4
HG_008,DBL,FB,ADL-1,2026-06-16,290.06,1,21,false,4
HG_008,DBL,FB,ADL-1,2026-06-17,253.55,1,21,false,4
HG_008,DBL,FB,ADL-1,2026-06-18,280.56,1,21,false,4
HG_008,DBL,FB,ADL-1,2026-06-19,244.63,1,21,false,4
HG_008,DBL,FB,ADL-1,2026-06-20,267.15,1,21,false,4
HG_008,DBL,FB,ADL-1,2026-06-21,308.32,1,21,false,4
HG_008,DBL,FB,ADL-1,2026-06-22,272.22,1,21,false,4
HG_008,DBL,FB,ADL-1,2026-06-23,252.82,1,21,false,4
HG_008,DBL,FB,ADL-1,2026-06-24,253.71,1,21,false,4
HG_008,DBL,FB,ADL-1,2026-06-25,241.90,1,21,false,4
HG_008,DBL,FB,ADL-1,2026-06-26,265.10,1,21,false,4
HG_008,DBL,FB,ADL-1,2026-06-27,280.21,1,21,false,4
HG_008,DBL,FB,ADL-1,2026-06-28,280.20,1,21,false,4
HG_008,DBL,FB,ADL-1,2026-06-29,275.69,1,21,false,4
HG_008,DBL,FB,ADL-2,2026-05-01,238.60,2,21,true,0
HG_008,DBL,FB,ADL-2,2026-05-02,258.02,2,21,true,0
HG_008,DBL,FB,ADL-2,2026-05-03,256.74,2,21,true,0
HG_008,DBL,FB,ADL-2,2026-05-04,246.65,2,21,false,4
HG_008,DBL,FB,ADL-2,2026-05-05,253.57,2,21,false,4
HG_008,DBL,FB,ADL-2,2026-05-06,233.99,2,21,false,4
HG_008,DBL,FB,ADL-2,2026-05-07,246.77,2,21,false,4
HG_008,DBL,FB,ADL-2,2026-05-08,222.71,2,21,false,4
HG_008,DBL,FB,ADL-2,2026-05-09,263.67,2,21,false,4
HG_008,DBL,FB,ADL-2,2026-05-10,254.95,2,21,false,4
HG_008,DBL,FB,ADL-2,2026-05-11,251.93,2,21,false,4
HG_008,DBL,FB,ADL-2,2026-05-12,249.64,2,21,false,4
HG_008,DBL,FB,ADL-2,2026-05-13,247.27,2,21,false,4
HG_008,DBL,FB,ADL-2,2026-05-14,251.95,2,21,false,4
HG_008,DBL,FB,ADL-2,2026-05-15,250.46,2,21,false,4
HG_008,DBL,FB,ADL-2,2026-05-16,262.83,1,21,false,4
HG_008,DBL,FB,ADL-2,2026-05-17,270.61,1,21,false,4
HG_008,DBL,FB,ADL-2,2026-05-18,245.56,1,21,false,4
HG_008,DBL,FB,ADL-2,2026-05-19,247.87,1,21,false,4
HG_008,DBL,FB,ADL-2,2026-05-20,266.74,1,21,false,4
HG_008,DBL,FB,ADL-2,2026-05-21,236.25,1,21,true,0
HG_008,DBL,FB,ADL-2,2026-05-22,253.05,1,21,true,0
HG_008,DBL,FB,ADL-2,2026-05-23,275.54,1,21,true,0
HG_008,DBL,FB,ADL-2,2026-05-24,260.00,1,21,false,4
HG_008,DBL,FB,ADL-2,2026-05-25,223.90,1,21,false,4
HG_008,DBL,FB,ADL-2,2026-05-26,234.91,1,21,false,4
HG_008,DBL,FB,ADL-2,2026-05-27,264.95,1,21,false,4
HG_008,DBL,FB,ADL-2,2026-05-28,247.95,1,21,false,4
HG_008,DBL,FB,ADL-2,2026-05-29,251.51,1,21,false,4
HG_008,DBL,FB,ADL-2,2026-05-30,264.40,1,21,false,4
HG_008,DBL,FB,ADL-2,2026-05-31,260.52,2,21,false,4
HG_008,DBL,FB,ADL-2,2026-06-01,241.70,2,21,false,4
HG_008,DBL,FB,ADL-2,2026-06-02,245.29,2,21,false,4
HG_008,DBL,FB,ADL-2,2026-06-03,231.74,2,21,false,4
HG_008,DBL,FB,ADL-2,2026-06-04,235.37,2,21,false,4
HG_008,DBL,FB,ADL-2,2026-06-05,231.73,2,21,false,4
HG_008,DBL,FB,ADL-2,2026-06-06,287.15,2,21,false,4
HG_008,DBL,FB,ADL-2,2026-06-07,287.79,2,21,false,4
HG_008,DBL,FB,ADL-2,2026-06-08,264.97,2,21,false,4
HG_008,DBL,FB,ADL-2,2026-06-09,262.85,2,21,false,4
HG_008,DBL,FB,ADL-2,2026-06-10,265.59,2,21,true,0
HG_008,DBL,FB,ADL-2,2026-06-11,235.10,2,21,true,0
HG_008,DBL,FB,ADL-2,2026-06-12,262.07,2,21,true,0
HG_008,DBL,FB,ADL-2,2026-06-13,299.64,2,21,false,4
HG_008,DBL,FB,ADL-2,2026-06-14,278.36,2,21,false,4
HG_008,DBL,FB,ADL-2,2026-06-15,290.03,1,21,false,4
HG_008,DBL,FB,ADL-2,2026-06-16,255.54,1,21,false,4
HG_008,DBL,FB,ADL-2,2026-06-17,275.14,1,21,false,4
HG_008,DBL,FB,ADL-2,2026-06-18,270.73,1,21,false,4
HG_008,DBL,FB,ADL-2,2026-06-19,287.06,1,21,false,4
HG_008,DBL,FB,ADL-2,2026-06-20,267.93,1,21,false,4
HG_008,DBL,FB,ADL-2,2026-06-21,294.09,1,21,false,4
HG_008,DBL,FB,ADL-2,2026-06-22,252.00,1,21,false,4
HG_008,DBL,FB,ADL-2,2026-06-23,278.69,1,21,false,4
HG_008,DBL,FB,ADL-2,2026-06-24,253.17,1,21,false,4
HG_008,DBL,FB,ADL-2,2026-06-25,275.75,1,21,false,4
HG_008,DBL,FB,ADL-2,2026-06-26,284.53,1,21,false,4
HG_008,DBL,FB,ADL-2,2026-06-27,272.86,1,21,false,4
HG_008,DBL,FB,ADL-2,2026-06-28,298.57,1,21,false,4
HG_008,DBL,FB,ADL-2,2026-06-29,264.13,1,21,false,4
HG_008,SGL,RO,ADL-1,2026-05-01,199.55,2,21,true,0
HG_008,SGL,RO,ADL-1,2026-05-02,231.60,2,21,true,0
HG_008,SGL,RO,ADL-1,2026-05-03,224.88,2,21,true,0
HG_008,SGL,RO,ADL-1,2026-05-04,239.37,2,21,false,4
HG_008,SGL,RO,ADL-1,2026-05-05,214.51,2,21,false,4
HG_008,SGL,RO,ADL-1,2026-05-06,203.18,2,21,false,4
HG_008,SGL,RO,ADL-1,2026-05-07,214.38,2,21,false,4
HG_008,SGL,RO,ADL-1,2026-05-08,202.47,2,21,false,4
HG_008,SGL,RO,ADL-1,2026-05-09,262.66,2,21,false,4
HG_008,SGL,RO,ADL-1,2026-05-10,228.56,2,21,false,4
HG_008,SGL,RO,ADL-1,2026-05-11,200.23,2,21,false,4
HG_008,SGL,RO,ADL-1,2026-05-12,217.87,2,21,false,4
HG_008,SGL,RO,ADL-1,2026-05-13,218.47,2,21,false,4
HG_008,SGL,RO,ADL-1,2026-05-14,201.06,2,21,false,4
HG_008,SGL,RO,ADL-1,2026-05-15,216.96,2,21,false,4
HG_008,SGL,RO,ADL-1,2026-05-16,247.81,1,21,false,4
HG_008,SGL,RO,ADL-1,2026-05-17,230.88,1,21,false,4
HG_008,SGL,RO,ADL-1,2026-05-18,210.63,1,21,false,4
HG_008,SGL,RO,ADL-1,2026-05-19,222.72,1,21,false,4
HG_008,SGL,RO,ADL-1,2026-05-20,216.06,1,21,false,4
HG_008,SGL,RO,ADL-1,2026-05-21,248.88,1,21,true,0
HG_008,SGL,RO,ADL-1,2026-05-22,219.68,1,21,true,0
HG_008,SGL,RO,ADL-1,2026-05-23,262.83,1,21,true,0
HG_008,SGL,RO,ADL-1,2026-05-24,264.11,1,21,false,4
HG_008,SGL,RO,ADL-1,2026-05-25,238.34,1,21,false,4
HG_008,SGL,RO,ADL-1,2026-05-26,228.11,1,21,false,4
HG_008,SGL,RO,ADL-1,2026-05-27,220.51,1,21,false,4
HG_008,SGL,RO,ADL-1,2026-05-28,212.21,1,21,false,4
HG_008,SGL,RO,ADL-1,2026-05-29,223.59,1,21,false,4
HG_008,SGL,RO,ADL-1,2026-05-30,249.16,1,21,false,4
HG_008,SGL,RO,ADL-1,2026-05-31,276.73,2,21,false,4
HG_008,SGL,RO,ADL-1,2026-06-01,241.23,2,21,false,4
HG_008,SGL,RO,ADL-1,2026-06-02,259.64,2,21,false,4
HG_008,SGL,RO,ADL-1,2026-06-03,241.92,2,21,false,4
HG_008,SGL,RO,ADL-1,2026-06-04,217.41,2,21,false,4
HG_008,SGL,RO,ADL-1,2026-06-05,240.77,2,21,false,4
HG_008,SGL,RO,ADL-1,2026-06-06,245.31,2,21,false,4
HG_008,SGL,RO,ADL-1,2026-06-07,271.10,2,21,false,4
HG_008,SGL,RO,ADL-1,2026-06-08,228.16,2,21,false,4
HG_008,SGL,RO,ADL-1,2026-06-09,230.26,2,21,false,4
HG_008,SGL,RO,ADL-1,2026-06-10,234.25,2,21,true,0
HG_008,SGL,RO,ADL-1,2026-06-11,222.99,2,21,true,0
HG_008,SGL,RO,ADL-1,2026-06-12,227.61,2,21,true,0
HG_008,SGL,RO,ADL-1,2026-06-13,275.93,2,21,false,4
HG_008,SGL,RO,ADL-1,2026-06-14,250.00,2,21,false,4
HG_008,SGL,RO,ADL-1,2026-06-15,262.20,1,21,false,4
HG_008,SGL,RO,ADL-1,2026-06-16,251.97,1,21,false,4
HG_008,SGL,RO,ADL-1,2026-06-17,263.76,1,21,false,4
HG_008,SGL,RO,ADL-1,2026-06-18,236.02,1,21,false,4
HG_008,SGL,RO,ADL-1,2026-06-19,239.87,1,21,false,4
HG_008,SGL,RO,ADL-1,2026-06-20,257.07,1,21,false,4
HG_008,SGL,RO,ADL-1,2026-06-21,252.46,1,21,false,4
HG_008,SGL,RO,ADL-1,2026-06-22,258.92,1,21,false,4
HG_008,SGL,RO,ADL-1,2026-06-23,257.98,1,21,false,4
HG_008,SGL,RO,ADL-1,2026-06-24,253.00,1,21,false,4
HG_008,SGL,RO,ADL-1,2026-06-25,243.46,1,21,false,4
HG_008,SGL,RO,ADL-1,2026-06-26,232.44,1,21,false,4
HG_008,SGL,RO,ADL-1,2026-06-27,292.36,1,21,false,4
HG_008,SGL,RO,ADL-1,2026-06-28,266.41,1,21,false,4
HG_008,SGL,RO,ADL-1,2026-06-29,268.67,1,21,false,4
HG_008,SGL,RO,ADL-2,2026-05-01,207.10,2,21,true,0
HG_008,SGL,RO,ADL-2,2026-05-02,221.39,2,21,true,0
HG_008,SGL,RO,ADL-2,2026-05-03,233.32,2,21,true,0
HG_008,SGL,RO,ADL-2,2026-05-04,220.97,2,21,false,4
HG_008,SGL,RO,ADL-2,2026-05-05,222.19,2,21,false,4
HG_008,SGL,RO,ADL-2,2026-05-06,232.30,2,21,false,4
HG_008,SGL,RO,ADL-2,2026-05-07,221.98,2,21,false,4
HG_008,SGL,RO,ADL-2,2026-05-08,222.10,2,21,false,4
HG_008,SGL,RO,ADL-2,2026-05-09,255.06,2,21,false,4
HG_008,SGL,RO,ADL-2,2026-05-10,247.98,2,21,false,4
HG_008,SGL,RO,ADL-2,2026-05-11,225.76,2,21,false,4
HG_008,SGL,RO,ADL-2,2026-05-12,238.68,2,21,false,4
HG_008,SGL,RO,ADL-2,2026-05-13,199.38,2,21,false,4
HG_008,SGL,RO,ADL-2,2026-05-14,201.49,2,21,false,4
HG_008,SGL,RO,ADL-2,2026-05-15,210.46,2,21,false,4
HG_008,SGL,RO,ADL-2,2026-05-16,266.34,1,21,false,4
HG_008,SGL,RO,ADL-2,2026-05-17,244.55,1,21,false,4
HG_008,SGL,RO,ADL-2,2026-05-18,226.99,1,21,false,4
HG_008,SGL,RO,ADL-2,2026-05-19,241.61,1,21,false,4
HG_008,SGL,RO,ADL-2,2026-05-20,237.90,1,21,false,4
HG_008,SGL,RO,ADL-2,2026-05-21,236.57,1,21,true,0
HG_008,SGL,RO,ADL-2,2026-05-22,248.20,1,21,true,0
HG_008,SGL,RO,ADL-2,2026-05-23,270.57,1,21,true,0
HG_008,SGL,RO,ADL-2,2026-05-24,241.30,1,21,false,4
HG_008,SGL,RO,ADL-2,2026-05-25,249.75,1,21,false,4
HG_008,SGL,RO,ADL-2,2026-05-26,233.16,1,21,false,4
HG_008,SGL,RO,ADL-2,2026-05-27,246.00,1,21,false,4
HG_008,SGL,RO,ADL-2,2026-05-28,242.45,1,21,false,4
HG_008,SGL,RO,ADL-2,2026-05-29,243.46,1,21,false,4
HG_008,SGL,RO,ADL-2,2026-05-30,271.83,1,21,false,4
HG_008,SGL,RO,ADL-2,2026-05-31,251.95,2,21,false,4
HG_008,SGL,RO,ADL-2,2026-06-01,256.02,2,21,false,4
HG_008,SGL,RO,ADL-2,2026-06-02,246.79,2,21,false,4
HG_008,SGL,RO,ADL-2,2026-06-03,225.95,2,21,false,4
HG_008,SGL,RO,ADL-2,2026-06-04,224.11,2,21,false,4
HG_008,SGL,RO,ADL-2,2026-06-05,244.96,2,21,false,4
HG_008,SGL,RO,ADL-2,2026-06-06,262.80,2,21,false,4
HG_008,SGL,RO,ADL-2,2026-06-07,235.47,2,21,false,4
HG_008,SGL,RO,ADL-2,2026-06-08,231.14,2,21,false,4
HG_008,SGL,RO,ADL-2,2026-06-09,225.69,2,21,false,4
HG_008,SGL,RO,ADL-2,2026-06-10,244.30,2,21,true,0
HG_008,SGL,RO,ADL-2,2026-06-11,235.65,2,21,true,0
HG_008,SGL,RO,ADL-2,2026-06-12,223.73,2,21,true,0
HG_008,SGL,RO,ADL-2,2026-06-13,235.77,2,21,false,4
HG_008,SGL,RO,ADL-2,2026-06-14,252.34,2,21,false,4
HG_008,SGL,RO,ADL-2,2026-06-15,263.08,1,21,false,4
HG_008,SGL,RO,ADL-2,2026-06-16,266.91,1,21,false,4
HG_008,SGL,RO,ADL-2,2026-06-17,253.22,1,21,false,4
HG_008,SGL,RO,ADL-2,2026-06-18,245.95,1,21,false,4
HG_008,SGL,RO,ADL-2,2026-06-19,232.26,1,21,false,4
HG_008,SGL,RO,ADL-2,2026-06-20,286.88,1,21,false,4
HG_008,SGL,RO,ADL-2,2026-06-21,245.05,1,21,false,4
HG_008,SGL,RO,ADL-2,2026-06-22,260.42,1,21,false,4
HG_008,SGL,RO,ADL-2,2026-06-23,265.29,1,21,false,4
HG_008,SGL,RO,ADL-2,2026-06-24,237.81,1,21,false,4
HG_008,SGL,RO,ADL-2,2026-06-25,250.95,1,21,false,4
HG_008,SGL,RO,ADL-2,2026-06-26,258.40,1,21,false,4
HG_008,SGL,RO,ADL-2,2026-06-27,272.56,1,21,false,4
HG_008,SGL,RO,ADL-2,2026-06-28,281.75,1,21,false,4
HG_008,SGL,RO,ADL-2,2026-06-29,255.52,1,21,false,4
HG_008,SGL,BB,ADL-1,2026-05-01,215.00,2,21,true,0
HG_008,SGL,BB,ADL-1,2026-05-02,234.65,2,21,true,0
HG_008,SGL,BB,ADL-1,2026-05-03,257.50,2,21,true,0
HG_008,SGL,BB,ADL-1,2026-05-04,223.00,2,21,false,4
HG_008,SGL,BB,ADL-1,2026-05-05,244.31,2,21,false,4
HG_008,SGL,BB,ADL-1,2026-05-06,241.28,2,21,false,4
HG_008,SGL,BB,ADL-1,2026-05-07,212.86,2,21,false,4
HG_008,SGL,BB,ADL-1,2026-05-08,247.13,2,21,false,4
HG_008,SGL,BB,ADL-1,2026-05-09,251.09,2,21,false,4
HG_008,SGL,BB,ADL-1,2026-05-10,259.58,2,21,false,4
HG_008,SGL,BB,ADL-1,2026-05-11,216.80,2,21,false,4
HG_008,SGL,BB,ADL-1,2026-05-12,222.17,2,21,false,4
HG_008,SGL,BB,ADL-1,2026-05-13,253.17,2,21,false,4
HG_008,SGL,BB,ADL-1,2026-05-14,235.88,2,21,false,4
HG_008,SGL,BB,ADL-1,2026-05-15,249.60,2,21,false,4
HG_008,SGL,BB,ADL-1,2026-05-16,258.67,1,21,false,4
HG_008,SGL,BB,ADL-1,2026-05-17,266.76,1,21,false,4
HG_008,SGL,BB,ADL-1,2026-05-18,251.46,1,21,false,4
HG_008,SGL,BB,ADL-1,2026-05-19,226.71,1,21,false,4
HG_008,SGL,BB,ADL-1,2026-05-20,225.79,1,21,false,4
HG_008,SGL,BB,ADL-1,2026-05-21,252.09,1,21,true,0
HG_008,SGL,BB,ADL-1,2026-05-22,233.78,1,21,true,0
HG_008,SGL,BB,ADL-1,2026-05-23,274.41,1,21,true,0
HG_008,SGL,BB,ADL-1,2026-05-24,276.90,1,21,false,4
HG_008,SGL,BB,ADL-1,2026-05-25,256.90,1,21,false,4
HG_008,SGL,BB,ADL-1,2026-05-26,235.79,1,21,false,4
HG_008,SGL,BB,ADL-1,2026-05-27,261.66,1,21,false,4
HG_008,SGL,BB,ADL-1,2026-05-28,235.22,1,21,false,4
HG_008,SGL,BB,ADL-1,2026-05-29,255.77,1,21,false,4
HG_008,SGL,BB,ADL-1,2026-05-30,286.26,1,21,false,4
HG_008,SGL,BB,ADL-1,2026-05-31,287.97,2,21,false,4
HG_008,SGL,BB,ADL-1,2026-06-01,239.45,2,21,false,4
HG_008,SGL,BB,ADL-1,2026-06-02,260.85,2,21,false,4
HG_008,SGL,BB,ADL-1,2026-06-03,275.27,2,21,false,4
HG_008,SGL,BB,ADL-1,2026-06-04,263.12,2,21,false,4
HG_008,SGL,BB,ADL-1,2026-06-05,270.85,2,21,false,4
HG_008,SGL,BB,ADL-1,2026-06-06,300.28,2,21,false,4
HG_008,SGL,BB,ADL-1,2026-06-07,289.13,2,21,false,4
HG_008,SGL,BB,ADL-1,2026-06-08,247.22,2,21,false,4
HG_008,SGL,BB,ADL-1,2026-06-09,238.51,2,21,false,4
HG_008,SGL,BB,ADL-1,2026-06-10,240.03,2,21,true,0
HG_008,SGL,BB,ADL-1,2026-06-11,232.50,2,21,true,0
HG_008,SGL,BB,ADL-1,2026-06-12,247.18,2,21,true,0
HG_008,SGL,BB,ADL-1,2026-06-13,281.25,2,21,false,4
HG_008,SGL,BB,ADL-1,2026-06-14,298.68,2,21,false,4
HG_008,SGL,BB,ADL-1,2026-06-15,250.78,1,21,false,4
HG_008,SGL,BB,ADL-1,2026-06-16,271.65,1,21,false,4
HG_008,SGL,BB,ADL-1,2026-06-17,265.21,1,21,false,4
HG_008,SGL,BB,ADL-1,2026-06-18,249.41,1,21,false,4
HG_008,SGL,BB,ADL-1,2026-06-19,288.06,1,21,false,4
HG_008,SGL,BB,ADL-1,2026-06-20,263.33,1,21,false,4
HG_008,SGL,BB,ADL-1,2026-06-21,271.41,1,21,false,4
HG_008,SGL,BB,ADL-1,2026-06-22,248.67,1,21,false,4
HG_008,SGL,BB,ADL-1,2026-06-23,269.78,1,21,false,4
HG_008,SGL,BB,ADL-1,2026-06-24,283.76,1,21,false,4
HG_008,SGL,BB,ADL-1,2026-06-25,268.68,1,21,false,4
HG_008,SGL,BB,ADL-1,2026-06-26,288.11,1,21,false,4
HG_008,SGL,BB,ADL-1,2026-06-27,310.57,1,21,false,4
HG_008,SGL,BB,ADL-1,2026-06-28,276.21,1,21,false,4
HG_008,SGL,BB,ADL-1,2026-06-29,274.22,1,21,false,4
HG_008,SGL,BB,ADL-2,2026-05-01,253.18,2,21,true,0
HG_008,SGL,BB,ADL-2,2026-05-02,268.47,2,21,true,0
HG_008,SGL,BB,ADL-2,2026-05-03,267.08,2,21,true,0
HG_008,SGL,BB,ADL-2,2026-05-04,256.87,2,21,false,4
HG_008,SGL,BB,ADL-2,2026-05-05,236.12,2,21,false,4
HG_008,SGL,BB,ADL-2,2026-05-06,253.41,2,21,false,4
HG_008,SGL,BB,ADL-2,2026-05-07,251.14,2,21,false,4
HG_008,SGL,BB,ADL-2,2026-05-08,223.85,2,21,false,4
HG_008,SGL,BB,ADL-2,2026-05-09,267.68,2,21,false,4
HG_008,SGL,BB,ADL-2,2026-05-10,246.97,2,21,false,4
HG_008,SGL,BB,ADL-2,2026-05-11,234.28,2,21,false,4
HG_008,SGL,BB,ADL-2,2026-05-12,226.63,2,21,false,4
HG_008,SGL,BB,ADL-2,2026-05-13,215.99,2,21,false,4
HG_008,SGL,BB,ADL-2,2026-05-14,238.00,2,21,false,4
HG_008,SGL,BB,ADL-2,2026-05-15,218.89,2,21,false,4
HG_008,SGL,BB,ADL-2,2026-05-16,257.69,1,21,false,4
HG_008,SGL,BB,ADL-2,2026-05-17,240.27,1,21,false,4
HG_008,SGL,BB,ADL-2,2026-05-18,233.58,1,21,false,4
HG_008,SGL,BB,ADL-2,2026-05-19,256.93,1,21,false,4
HG_008,SGL,BB,ADL-2,2026-05-20,263.60,1,21,false,4
HG_008,SGL,BB,ADL-2,2026-05-21,239.23,1,21,true,0
HG_008,SGL,BB,ADL-2,2026-05-22,246.66,1,21,true,0
HG_008,SGL,BB,ADL-2,2026-05-23,288.66,1,21,true,0
HG_008,SGL,BB,ADL-2,2026-05-24,288.94,1,21,false,4
HG_008,SGL,BB,ADL-2,2026-05-25,239.50,1,21,false,4
HG_008,SGL,BB,ADL-2,2026-05-26,255.55,1,21,false,4
HG_008,SGL,BB,ADL-2,2026-05-27,257.96,1,21,false,4
HG_008,SGL,BB,ADL-2,2026-05-28,257.16,1,21,false,4
HG_008,SGL,BB,ADL-2,2026-05-29,266.98,1,21,false,4
HG_008,SGL,BB,ADL-2,2026-05-30,280.78,1,21,false,4
HG_008,SGL,BB,ADL-2,2026-05-31,300.97,2,21,false,4
HG_008,SGL,BB,ADL-2,2026-06-01,246.27,2,21,false,4
HG_008,SGL,BB,ADL-2,2026-06-02,267.39,2,21,false,4
HG_008,SGL,BB,ADL-2,2026-06-03,274.33,2,21,false,4
HG_008,SGL,BB,ADL-2,2026-06-04,245.61,2,21,false,4
HG_008,SGL,BB,ADL-2,2026-06-05,246.49,2,21,false,4
HG_008,SGL,BB,ADL-2,2026-06-06,278.85,2,21,false,4
HG_008,SGL,BB,ADL-2,2026-06-07,256.34,2,21,false,4
HG_008,SGL,BB,ADL-2,2026-06-08,234.98,2,21,false,4
HG_008,SGL,BB,ADL-2,2026-06-09,269.89,2,21,false,4
HG_008,SGL,BB,ADL-2,2026-06-10,265.18,2,21,true,0
HG_008,SGL,BB,ADL-2,2026-06-11,250.29,2,21,true,0
HG_008,SGL,BB,ADL-2,2026-06-12,274.93,2,21,true,0
HG_008,SGL,BB,ADL-2,2026-06-13,271.85,2,21,false,4
HG_008,SGL,BB,ADL-2,2026-06-14,293.20,2,21,false,4
HG_008,SGL,BB,ADL-2,2026-06-15,286.01,1,21,false,4
HG_008,SGL,BB,ADL-2,2026-06-16,269.00,1,21,false,4
HG_008,SGL,BB,ADL-2,2026-06-17,267.03,1,21,false,4
HG_008,SGL,BB,ADL-2,2026-06-18,247.21,1,21,false,4
HG_008,SGL,BB,ADL-2,2026-06-19,286.42,1,21,false,4
HG_008,SGL,BB,ADL-2,2026-06-20,299.80,1,21,false,4
HG_008,SGL,BB,ADL-2,2026-06-21,308.47,1,21,false,4
HG_008,SGL,BB,ADL-2,2026-06-22,254.52,1,21,false,4
HG_008,SGL,BB,ADL-2,2026-06-23,279.87,1,21,false,4
HG_008,SGL,BB,ADL-2,2026-06-24,287.85,1,21,false,4
HG_008,SGL,BB,ADL-2,2026-06-25,268.94,1,21,false,4
HG_008,SGL,BB,ADL-2,2026-06-26,282.51,1,21,false,4
HG_008,SGL,BB,ADL-2,2026-06-27,290.26,1,21,false,4
HG_008,SGL,BB,ADL-2,2026-06-28,271.40,1,21,false,4
HG_008,SGL,BB,ADL-2,2026-06-29,287.21,1,21,false,4
HG_008,SGL,HB,ADL-1,2026-05-01,235.21,2,21,true,0
HG_008,SGL,HB,ADL-1,2026-05-02,288.29,2,21,true,0
HG_008,SGL,HB,ADL-1,2026-05-03,293.78,2,21,true,0
HG_008,SGL,HB,ADL-1,2026-05-04,236.90,2,21,false,4
HG_008,SGL,HB,ADL-1,2026-05-05,251.39,2,21,false,4
HG_008,SGL,HB,ADL-1,2026-05-06,268.77,2,21,false,4
HG_008,SGL,HB,ADL-1,2026-05-07,245.11,2,21,false,4
HG_008,SGL,HB,ADL-1,2026-05-08,238.75,2,21,false,4
HG_008,SGL,HB,ADL-1,2026-05-09,285.59,2,21,false,4
HG_008,SGL,HB,ADL-1,2026-05-10,266.83,2,21,false,4
HG_008,SGL,HB,ADL-1,2026-05-11,240.90,2,21,false,4
HG_008,SGL,HB,ADL-1,2026-05-12,234.74,2,21,false,4
HG_008,SGL,HB,ADL-1,2026-05-13,231.80,2,21,false,4
HG_008,SGL,HB,ADL-1,2026-05-14,270.23,2,21,false,4
HG_008,SGL,HB,ADL-1,2026-05-15,251.50,2,21,false,4
HG_008,SGL,HB,ADL-1,2026-05-16,273.41,1,21,false,4
HG_008,SGL,HB,ADL-1,2026-05-17,272.38,1,21,false,4
HG_008,SGL,HB,ADL-1,2026-05-18,257.42,1,21,false,4
HG_008,SGL,HB,ADL-1,2026-05-19,243.66,1,21,false,4
HG_008,SGL,HB,ADL-1,2026-05-20,261.89,1,21,false,4
HG_008,SGL,HB,ADL-1,2026-05-21,259.61,1,21,true,0
HG_008,SGL,HB,ADL-1,2026-05-22,276.52,1,21,true,0
HG_008,SGL,HB,ADL-1,2026-05-23,281.36,1,21,true,0
HG_008,SGL,HB,ADL-1,2026-05-24,300.64,1,21,false,4
HG_008,SGL,HB,ADL-1,2026-05-25,258.27,1,21,false,4
HG_008,SGL,HB,ADL-1,2026-05-26,273.28,1,21,false,4
HG_008,SGL,HB,ADL-1,2026-05-27,241.72,1,21,false,4
HG_008,SGL,HB,ADL-1,2026-05-28,283.32,1,21,false,4
HG_008,SGL,HB,ADL-1,2026-05-29,274.83,1,21,false,4
HG_008,SGL,HB,ADL-1,2026-05-30,303.65,1,21,false,4
HG_008,SGL,HB,ADL-1,2026-05-31,311.36,2,21,false,4
HG_008,SGL,HB,ADL-1,2026-06-01,261.21,2,21,false,4
HG_008,SGL,HB,ADL-1,2026-06-02,278.96,2,21,false,4
HG_008,SGL,HB,ADL-1,2026-06-03,259.67,2,21,false,4
HG_008,SGL,HB,ADL-1,2026-06-04,272.98,2,21,false,4
HG_008,SGL,HB,ADL-1,2026-06-05,276.16,2,21,false,4
HG_008,SGL,HB,ADL-1,2026-06-06,290.87,2,21,false,4
HG_008,SGL,HB,ADL-1,2026-06-07,313.97,2,21,false,4
HG_008,SGL,HB,ADL-1,2026-06-08,248.57,2,21,false,4
HG_008,SGL,HB,ADL-1,2026-06-09,250.45,2,21,false,4
HG_008,SGL,HB,ADL-1,2026-06-10,259.18,2,21,true,0
HG_008,SGL,HB,ADL-1,2026-06-11,276.63,2,21,true,0
HG_008,SGL,HB,ADL-1,2026-06-12,259.82,2,21,true,0
HG_008,SGL,HB,ADL-1,2026-06-13,315.01,2,21,false,4
HG_008,SGL,HB,ADL-1,2026-06-14,287.97,2,21,false,4
HG_008,SGL,HB,ADL-1,2026-06-15,277.01,1,21,false,4
HG_008,SGL,HB,ADL-1,2026-06-16,286.97,1,21,false,4
HG_008,SGL,HB,ADL-1,2026-06-17,295.78,1,21,false,4
HG_008,SGL,HB,ADL-1,2026-06-18,275.54,1,21,false,4
HG_008,SGL,HB,ADL-1,2026-06-19,294.45,1,21,false,4
HG_008,SGL,HB,ADL-1,2026-06-20,298.30,1,21,false,4
HG_008,SGL,HB,ADL-1,2026-06-21,282.26,1,21,false,4
HG_008,SGL,HB,ADL-1,2026-06-22,258.75,1,21,false,4
HG_008,SGL,HB,ADL-1,2026-06-23,296.30,1,21,false,4
HG_008,SGL,HB,ADL-1,2026-06-24,287.69,1,21,false,4
HG_008,SGL,HB,ADL-1,2026-06-25,295.92,1,21,false,4
HG_008,SGL,HB,ADL-1,2026-06-26,276.57,1,21,false,4
HG_008,SGL,HB,ADL-1,2026-06-27,290.29,1,21,false,4
HG_008,SGL,HB,ADL-1,2026-06-28,308.81,1,21,false,4
HG_008,SGL,HB,ADL-1,2026-06-29,300.64,1,21,false,4
HG_008,SGL,HB,ADL-2,2026-05-01,273.12,2,21,true,0
HG_008,SGL,HB,ADL-2,2026-05-02,277.05,2,21,true,0
HG_008,SGL,HB,ADL-2,2026-05-03,256.79,2,21,true,0
HG_008,SGL,HB,ADL-2,2026-05-04,266.30,2,21,false,4
HG_008,SGL,HB,ADL-2,2026-05-05,244.55,2,21,false,4
HG_008,SGL,HB,ADL-2,2026-05-06,255.32,2,21,false,4
HG_008,SGL,HB,ADL-2,2026-05-07,264.11,2,21,false,4
HG_008,SGL,HB,ADL-2,2026-05-08,243.02,2,21,false,4
HG_008,SGL,HB,ADL-2,2026-05-09,253.68,2,21,false,4
HG_008,SGL,HB,ADL-2,2026-05-10,287.89,2,21,false,4
HG_008,SGL,HB,ADL-2,2026-05-11,270.56,2,21,false,4
HG_008,SGL,HB,ADL-2,2026-05-12,236.05,2,21,false,4
HG_008,SGL,HB,ADL-2,2026-05-13,243.56,2,21,false,4
HG_008,SGL,HB,ADL-2,2026-05-14,233.51,2,21,false,4
HG_008,SGL,HB,ADL-2,2026-05-15,227.82,2,21,false,4
HG_008,SGL,HB,ADL-2,2026-05-16,298.95,1,21,false,4
HG_008,SGL,HB,ADL-2,2026-05-17,275.91,1,21,false,4
HG_008,SGL,HB,ADL-2,2026-05-18,267.40,1,21,false,4
HG_008,SGL,HB,ADL-2,2026-05-19,255.65,1,21,false,4
HG_008,SGL,HB,ADL-2,2026-05-20,270.38,1,21,false,4
HG_008,SGL,HB,ADL-2,2026-05-21,239.79,1,21,true,0
HG_008,SGL,HB,ADL-2,2026-05-22,243.02,1,21,true,0
HG_008,SGL,HB,ADL-2,2026-05-23,262.68,1,21,true,0
HG_008,SGL,HB,ADL-2,2026-05-24,266.93,1,21,false,4
HG_008,SGL,HB,ADL-2,2026-05-25,274.38,1,21,false,4
HG_008,SGL,HB,ADL-2,2026-05-26,268.80,1,21,false,4
HG_008,SGL,HB,ADL-2,2026-05-27,243.83,1,21,false,4
HG_008,SGL,HB,ADL-2,2026-05-28,248.14,1,21,false,4
HG_008,SGL,HB,ADL-2,2026-05-29,264.91,1,21,false,4
HG_008,SGL,HB,ADL-2,2026-05-30,282.33,1,21,false,4
HG_008,SGL,HB,ADL-2,2026-05-31,276.81,2,21,false,4
HG_008,SGL,HB,ADL-2,2026-06-01,288.79,2,21,false,4
HG_008,SGL,HB,ADL-2,2026-06-02,264.79,2,21,false,4
HG_008,SGL,HB,ADL-2,2026-06-03,281.51,2,21,false,4
HG_008,SGL,HB,ADL-2,2026-06-04,255.78,2,21,false,4
HG_008,SGL,HB,ADL-2,2026-06-05,268.50,2,21,false,4
HG_008,SGL,HB,ADL-2,2026-06-06,267.69,2,21,false,4
HG_008,SGL,HB,ADL-2,2026-06-07,298.06,2,21,false,4
HG_008,SGL,HB,ADL-2,2026-06-08,265.87,2,21,false,4
HG_008,SGL,HB,ADL-2,2026-06-09,281.60,2,21,false,4
HG_008,SGL,HB,ADL-2,2026-06-10,293.90,2,21,true,0
HG_008,SGL,HB,ADL-2,2026-06-11,260.55,2,21,true,0
HG_008,SGL,HB,ADL-2,2026-06-12,247.95,2,21,true,0
HG_008,SGL,HB,ADL-2,2026-06-13,309.94,2,21,false,4
HG_008,SGL,HB,ADL-2,2026-06-14,293.10,2,21,false,4
HG_008,SGL,HB,ADL-2,2026-06-15,283.22,1,21,false,4
HG_008,SGL,HB,ADL-2,2026-06-16,265.20,1,21,false,4
HG_008,SGL,HB,ADL-2,2026-06-17,277.38,1,21,false,4
HG_008,SGL,HB,ADL-2,2026-06-18,253.77,1,21,false,4
HG_008,SGL,HB,ADL-2,2026-06-19,256.72,1,21,false,4
HG_008,SGL,HB,ADL-2,2026-06-20,319.50,1,21,false,4
HG_008,SGL,HB,ADL-2,2026-06-21,297.94,1,21,false,4
HG_008,SGL,HB,ADL-2,2026-06-22,275.11,1,21,false,4
HG_008,SGL,HB,ADL-2,2026-06-23,277.75,1,21,false,4
HG_008,SGL,HB,ADL-2,2026-06-24,266.83,1,21,false,4
HG_008,SGL,HB,ADL-2,2026-06-25,259.45,1,21,false,4
HG_008,SGL,HB,ADL-2,2026-06-26,273.12,1,21,false,4
HG_008,SGL,HB,ADL-2,2026-06-27,313.73,1,21,false,4
HG_008,SGL,HB,ADL-2,2026-06-28,300.76,1,21,false,4
HG_008,SGL,HB,ADL-2,2026-06-29,301.87,1,21,false,4
HG_008,SGL,FB,ADL-1,2026-05-01,255.33,2,21,true,0
HG_008,SGL,FB,ADL-1,2026-05-02,289.89,2,21,true,0
HG_008,SGL,FB,ADL-1,2026-05-03,282.55,2,21,true,0
HG_008,SGL,FB,ADL-1,2026-05-04,261.69,2,21,false,4
HG_008,SGL,FB,ADL-1,2026-05-05,287.59,2,21,false,4
HG_008,SGL,FB,ADL-1,2026-05-06,262.24,2,21,false,4
HG_008,SGL,FB,ADL-1,2026-05-07,276.57,2,21,false,4
HG_008,SGL,FB,ADL-1,2026-05-08,283.06,2,21,false,4
HG_008,SGL,FB,ADL-1,2026-05-09,306.10,2,21,false,4
HG_008,SGL,FB,ADL-1,2026-05-10,289.11,2,21,false,4
HG_008,SGL,FB,ADL-1,2026-05-11,271.45,2,21,false,4
HG_008,SGL,FB,ADL-1,2026-05-12,277.62,2,21,false,4
HG_008,SGL,FB,ADL-1,2026-05-13,277.15,2,21,false,4
HG_008,SGL,FB,ADL-1,2026-05-14,250.34,2,21,false,4
HG_008,SGL,FB,ADL-1,2026-05-15,270.01,2,21,false,4
HG_008,SGL,FB,ADL-1,2026-05-16,314.18,1,21,false,4
HG_008,SGL,FB,ADL-1,2026-05-17,282.31,1,21,false,4
HG_008,SGL,FB,ADL-1,2026-05-18,297.74,1,21,false,4
HG_008,SGL,FB,ADL-1,2026-05-19,299.26,1,21,false,4
HG_008,SGL,FB,ADL-1,2026-05-20,271.71,1,21,false,4
HG_008,SGL,FB,ADL-1,2026-05-21,254.37,1,21,true,0
HG_008,SGL,FB,ADL-1,2026-05-22,263.09,1,21,true,0
HG_008,SGL,FB,ADL-1,2026-05-23,284.24,1,21,true,0
HG_008,SGL,FB,ADL-1,2026-05-24,284.19,1,21,false,4
HG_008,SGL,FB,ADL-1,2026-05-25,298.16,1,21,false,4
HG_008,SGL,FB,ADL-1,2026-05-26,281.92,1,21,false,4
HG_008,SGL,FB,ADL-1,2026-05-27,275.64,1,21,false,4
HG_008,SGL,FB,ADL-1,2026-05-28,265.39,1,21,false,4
HG_008,SGL,FB,ADL-1,2026-05-29,281.38,1,21,false,4
HG_008,SGL,FB,ADL-1,2026-05-30,287.21,1,21,false,4
HG_008,SGL,FB,ADL-1,2026-05-31,320.44,2,21,false,4
HG_008,SGL,FB,ADL-1,2026-06-01,302.91,2,21,false,4
HG_008,SGL,FB,ADL-1,2026-06-02,278.96,2,21,false,4
HG_008,SGL,FB,ADL-1,2026-06-03,294.20,2,21,false,4
HG_008,SGL,FB,ADL-1,2026-06-04,291.03,2,21,false,4
HG_008,SGL,FB,ADL-1,2026-06-05,262.22,2,21,false,4
HG_008,SGL,FB,ADL-1,2026-06-06,283.56,2,21,false,4
HG_008,SGL,FB,ADL-1,2026-06-07,319.10,2,21,false,4
HG_008,SGL,FB,ADL-1,2026-06-08,275.87,2,21,false,4
HG_008,SGL,FB,ADL-1,2026-06-09,260.02,2,21,false,4
HG_008,SGL,FB,ADL-1,2026-06-10,279.16,2,21,true,0
HG_008,SGL,FB,ADL-1,2026-06-11,278.23,2,21,true,0
HG_008,SGL,FB,ADL-1,2026-06-12,282.74,2,21,true,0
HG_008,SGL,FB,ADL-1,2026-06-13,310.45,2,21,false,4
HG_008,SGL,FB,ADL-1,2026-06-14,286.96,2,21,false,4
HG_008,SGL,FB,ADL-1,2026-06-15,292.47,1,21,false,4
HG_008,SGL,FB,ADL-1,2026-06-16,283.91,1,21,false,4
HG_008,SGL,FB,ADL-1,2026-06-17,283.99,1,21,false,4
HG_008,SGL,FB,ADL-1,2026-06-18,288.13,1,21,false,4
HG_008,SGL,FB,ADL-1,2026-06-19,269.15,1,21,false,4
HG_008,SGL,FB,ADL-1,2026-06-20,287.76,1,21,false,4
HG_008,SGL,FB,ADL-1,2026-06-21,308.09,1,21,false,4
HG_008,SGL,FB,ADL-1,2026-06-22,297.51,1,21,false,4
HG_008,SGL,FB,ADL-1,2026-06-23,277.96,1,21,false,4
HG_008,SGL,FB,ADL-1,2026-06-24,313.06,1,21,false,4
HG_008,SGL,FB,ADL-1,2026-06-25,267.01,1,21,false,4
HG_008,SGL,FB,ADL-1,2026-06-26,315.35,1,21,false,4
HG_008,SGL,FB,ADL-1,2026-06-27,323.96,1,21,false,4
HG_008,SGL,FB,ADL-1,2026-06-28,291.76,1,21,false,4
HG_008,SGL,FB,ADL-1,2026-06-29,268.90,1,21,false,4
HG_008,SGL,FB,ADL-2,2026-05-01,267.58,2,21,true,0
HG_008,SGL,FB,ADL-2,2026-05-02,304.44,2,21,true,0
HG_008,SGL,FB,ADL-2,2026-05-03,300.60,2,21,true,0
HG_008,SGL,FB,ADL-2,2026-05-04,289.89,2,21,false,4
HG_008,SGL,FB,ADL-2,2026-05-05,281.98,2,21,false,4
HG_008,SGL,FB,ADL-2,2026-05-06,257.35,2,21,false,4
HG_008,SGL,FB,ADL-2,2026-05-07,273.65,2,21,false,4
HG_008,SGL,FB,ADL-2,2026-05-08,264.26,2,21,false,4
HG_008,SGL,FB,ADL-2,2026-05-09,308.23,2,21,false,4
HG_008,SGL,FB,ADL-2,2026-05-10,298.75,2,21,false,4
HG_008,SGL,FB,ADL-2,2026-05-11,260.19,2,21,false,4
HG_008,SGL,FB,ADL-2,2026-05-12,243.97,2,21,false,4
HG_008,SGL,FB,ADL-2,2026-05-13,269.44,2,21,false,4
HG_008,SGL,FB,ADL-2,2026-05-14,286.33,2,21,false,4
HG_008,SGL,FB,ADL-2,2026-05-15,280.52,2,21,false,4
HG_008,SGL,FB,ADL-2,2026-05-16,313.56,1,21,false,4
HG_008,SGL,FB,ADL-2,2026-05-17,294.17,1,21,false,4
HG_008,SGL,FB,ADL-2,2026-05-18,254.90,1,21,false,4
HG_008,SGL,FB,ADL-2,2026-05-19,274.89,1,21,false,4
HG_008,SGL,FB,ADL-2,2026-05-20,261.08,1,21,false,4
HG_008,SGL,FB,ADL-2,2026-05-21,278.55,1,21,true,0
HG_008,SGL,FB,ADL-2,2026-05-22,284.99,1,21,true,0
HG_008,SGL,FB,ADL-2,2026-05-23,275.08,1,21,true,0
HG_008,SGL,FB,ADL-2,2026-05-24,288.81,1,21,false,4
HG_008,SGL,FB,ADL-2,2026-05-25,260.93,1,21,false,4
HG_008,SGL,FB,ADL-2,2026-05-26,267.53,1,21,false,4
HG_008,SGL,FB,ADL-2,2026-05-27,252.43,1,21,false,4
HG_008,SGL,FB,ADL-2,2026-05-28,283.51,1,21,false,4
HG_008,SGL,FB,ADL-2,2026-05-29,298.82,1,21,false,4
HG_008,SGL,FB,ADL-2,2026-05-30,302.94,1,21,false,4
HG_008,SGL,FB,ADL-2,2026-05-31,295.38,2,21,false,4
HG_008,SGL,FB,ADL-2,2026-06-01,270.28,2,21,false,4
HG_008,SGL,FB,ADL-2,2026-06-02,284.65,2,21,false,4
HG_008,SGL,FB,ADL-2,2026-06-03,262.19,2,21,false,4
HG_008,SGL,FB,ADL-2,2026-06-04,300.26,2,21,false,4
HG_008,SGL,FB,ADL-2,2026-06-05,307.38,2,21,false,4
HG_008,SGL,FB,ADL-2,2026-06-06,306.96,2,21,false,4
HG_008,SGL,FB,ADL-2,2026-06-07,315.91,2,21,false,4
HG_008,SGL,FB,ADL-2,2026-06-08,294.70,2,21,false,4
HG_008,SGL,FB,ADL-2,2026-06-09,267.38,2,21,false,4
HG_008,SGL,FB,ADL-2,2026-06-10,298.24,2,21,true,0
HG_008,SGL,FB,ADL-2,2026-06-11,259.31,2,21,true,0
HG_008,SGL,FB,ADL-2,2026-06-12,273.38,2,21,true,0
HG_008,SGL,FB,ADL-2,2026-06-13,333.54,2,21,false,4
HG_008,SGL,FB,ADL-2,2026-06-14,327.65,2,21,false,4
HG_008,SGL,FB,ADL-2,2026-06-15,300.60,1,21,false,4
HG_008,SGL,FB,ADL-2,2026-06-16,295.17,1,21,false,4
HG_008,SGL,FB,ADL-2,2026-06-17,317.93,1,21,false,4
HG_008,SGL,FB,ADL-2,2026-06-18,303.14,1,21,false,4
HG_008,SGL,FB,ADL-2,2026-06-19,284.90,1,21,false,4
HG_008,SGL,FB,ADL-2,2026-06-20,286.77,1,21,false,4
HG_008,SGL,FB,ADL-2,2026-06-21,317.00,1,21,false,4
HG_008,SGL,FB,ADL-2,2026-06-22,269.57,1,21,false,4
HG_008,SGL,FB,ADL-2,2026-06-23,288.18,1,21,false,4
HG_008,SGL,FB,ADL-2,2026-06-24,284.41,1,21,false,4
HG_008,SGL,FB,ADL-2,2026-06-25,281.28,1,21,false,4
HG_008,SGL,FB,ADL-2,2026-06-26,275.21,1,21,false,4
HG_008,SGL,FB,ADL-2,2026-06-27,297.37,1,21,false,4
HG_008,SGL,FB,ADL-2,2026-06-28,316.67,1,21,false,4
HG_008,SGL,FB,ADL-2,2026-06-29,307.53,1,21,false,4
HG_008,FAM,RO,ADL-1,2026-05-01,227.63,2,21,true,0
HG_008,FAM,RO,ADL-1,2026-05-02,286.46,2,21,true,0
HG_008,FAM,RO,ADL-1,2026-05-03,264.65,2,21,true,0
HG_008,FAM,RO,ADL-1,2026-05-04,271.03,2,21,false,4
HG_008,FAM,RO,ADL-1,2026-05-05,231.95,2,21,false,4
HG_008,FAM,RO,ADL-1,2026-05-06,259.50,2,21,false,4
HG_008,FAM,RO,ADL-1,2026-05-07,268.08,2,21,false,4
HG_008,FAM,RO,ADL-1,2026-05-08,249.95,2,21,false,4
HG_008,FAM,RO,ADL-1,2026-05-09,265.71,2,21,false,4
HG_008,FAM,RO,ADL-1,2026-05-10,274.55,2,21,false,4
HG_008,FAM,RO,ADL-1,2026-05-11,244.87,2,21,false,4
HG_008,FAM,RO,ADL-1,2026-05-12,228.81,2,21,false,4
HG_008,FAM,RO,ADL-1,2026-05-13,232.39,2,21,false,4
HG_008,FAM,RO,ADL-1,2026-05-14,260.26,2,21,false,4
HG_008,FAM,RO,ADL-1,2026-05-15,250.47,2,21,false,4
HG_008,FAM,RO,ADL-1,2026-05-16,255.78,1,21,false,4
HG_008,FAM,RO,ADL-1,2026-05-17,283.43,1,21,false,4
HG_008,FAM,RO,ADL-1,2026-05-18,239.23,1,21,false,4
HG_008,FAM,RO,ADL-1,2026-05-19,251.03,1,21,false,4
HG_008,FAM,RO,ADL-1,2026-05-20,246.18,1,21,false,4
HG_008,FAM,RO,ADL-1,2026-05-21,258.85,1,21,true,0
HG_008,FAM,RO,ADL-1,2026-05-22,256.29,1,21,true,0
HG_008,FAM,RO,ADL-1,2026-05-23,275.16,1,21,true,0
HG_008,FAM,RO,ADL-1,2026-05-24,293.16,1,21,false,4
HG_008,FAM,RO,ADL-1,2026-05-25,252.26,1,21,false,4
HG_008,FAM,RO,ADL-1,2026-05-26,255.83,1,21,false,4
HG_008,FAM,RO,ADL-1,2026-05-27,278.05,1,21,false,4
HG_008,FAM,RO,ADL-1,2026-05-28,236.04,1,21,false,4
HG_008,FAM,RO,ADL-1,2026-05-29,262.21,1,21,false,4
HG_008,FAM,RO,ADL-1,2026-05-30,261.23,1,21,false,4
HG_008,FAM,RO,ADL-1,2026-05-31,316.52,2,21,false,4
HG_008,FAM,RO,ADL-1,2026-06-01,295.11,2,21,false,4
HG_008,FAM,RO,ADL-1,2026-06-02,274.33,2,21,false,4
HG_008,FAM,RO,ADL-1,2026-06-03,258.42,2,21,false,4
HG_008,FAM,RO,ADL-1,2026-06-04,257.95,2,21,false,4
HG_008,FAM,RO,ADL-1,2026-06-05,290.02,2,21,false,4
HG_008,FAM,RO,ADL-1,2026-06-06,310.47,2,21,false,4
HG_008,FAM,RO,ADL-1,2026-06-07,303.20,2,21,false,4
HG_008,FAM,RO,ADL-1,2026-06-08,250.83,2,21,false,4
HG_008,FAM,RO,ADL-1,2026-06-09,266.29,2,21,false,4
HG_008,FAM,RO,ADL-1,2026-06-10,277.88,2,21,true,0
HG_008,FAM,RO,ADL-1,2026-06-11,280.71,2,21,true,0
HG_008,FAM,RO,ADL-1,2026-06-12,281.97,2,21,true,0
HG_008,FAM,RO,ADL-1,2026-06-13,312.93,2,21,false,4
HG_008,FAM,RO,ADL-1,2026-06-14,271.85,2,21,false,4
HG_008,FAM,RO,ADL-1,2026-06-15,292.39,1,21,false,4
HG_008,FAM,RO,ADL-1,2026-06-16,303.41,1,21,false,4
HG_008,FAM,RO,ADL-1,2026-06-17,277.76,1,21,false,4
HG_008,FAM,RO,ADL-1,2026-06-18,298.57,1,21,false,4
HG_008,FAM,RO,ADL-1,2026-06-19,305.52,1,21,false,4
HG_008,FAM,RO,ADL-1,2026-06-20,319.00,1,21,false,4
HG_008,FAM,RO,ADL-1,2026-06-21,298.80,1,21,false,4
HG_008,FAM,RO,ADL-1,2026-06-22,260.95,1,21,false,4
HG_008,FAM,RO,ADL-1,2026-06-23,272.71,1,21,false,4
HG_008,FAM,RO,ADL-1,2026-06-24,301.30,1,21,false,4
HG_008,FAM,RO,ADL-1,2026-06-25,258.27,1,21,false,4
HG_008,FAM,RO,ADL-1,2026-06-26,303.13,1,21,false,4
HG_008,FAM,RO,ADL-1,2026-06-27,276.31,1,21,false,4
HG_008,FAM,RO,ADL-1,2026-06-28,287.01,1,21,false,4
HG_008,FAM,RO,ADL-1,2026-06-29,299.17,1,21,false,4
HG_008,FAM,RO,ADL-2,2026-05-01,263.29,2,21,true,0
HG_008,FAM,RO,ADL-2,2026-05-02,257.81,2,21,true,0
HG_008,FAM,RO,ADL-2,2026-05-03,274.43,2,21,true,0
HG_008,FAM,RO,ADL-2,2026-05-04,256.58,2,21,false,4
HG_008,FAM,RO,ADL-2,2026-05-05,260.12,2,21,false,4
HG_008,FAM,RO,ADL-2,2026-05-06,273.37,2,21,false,4
HG_008,FAM,RO,ADL-2,2026-05-07,235.75,2,21,false,4
HG_008,FAM,RO,ADL-2,2026-05-08,238.93,2,21,false,4
HG_008,FAM,RO,ADL-2,2026-05-09,283.41,2,21,false,4
HG_008,FAM,RO,ADL-2,2026-05-10,281.36,2,21,false,4
HG_008,FAM,RO,ADL-2,2026-05-11,272.35,2,21,false,4
HG_008,FAM,RO,ADL-2,2026-05-12,255.46,2,21,false,4
HG_008,FAM,RO,ADL-2,2026-05-13,248.68,2,21,false,4
HG_008,FAM,RO,ADL-2,2026-05-14,270.43,2,21,false,4
HG_008,FAM,RO,ADL-2,2026-05-15,237.87,2,21,false,4
HG_008,FAM,RO,ADL-2,2026-05-16,298.98,1,21,false,4
HG_008,FAM,RO,ADL-2,2026-05-17,282.91,1,21,false,4
HG_008,FAM,RO,ADL-2,2026-05-18,259.17,1,21,false,4
HG_008,FAM,RO,ADL-2,2026-05-19,262.85,1,21,false,4
HG_008,FAM,RO,ADL-2,2026-05-20,248.21,1,21,false,4
HG_008,FAM,RO,ADL-2,2026-05-21,262.29,1,21,true,0
HG_008,FAM,RO,ADL-2,2026-05-22,256.39,1,21,true,0
HG_008,FAM,RO,ADL-2,2026-05-23,277.24,1,21,true,0
HG_008,FAM,RO,ADL-2,2026-05-24,296.83,1,21,false,4
HG_008,FAM,RO,ADL-2,2026-05-25,239.64,1,21,false,4
HG_008,FAM,RO,ADL-2,2026-05-26,252.34,1,21,false,4
HG_008,FAM,RO,ADL-2,2026-05-27,235.99,1,21,false,4
HG_008,FAM,RO,ADL-2,2026-05-28,246.72,1,21,false,4
HG_008,FAM,RO,ADL-2,2026-05-29,247.12,1,21,false,4
HG_008,FAM,RO,ADL-2,2026-05-30,278.11,1,21,false,4
HG_008,FAM,RO,ADL-2,2026-05-31,275.11,2,21,false,4
HG_008,FAM,RO,ADL-2,2026-06-01,251.75,2,21,false,4
HG_008,FAM,RO,ADL-2,2026-06-02,256.17,2,21,false,4
HG_008,FAM,RO,ADL-2,2026-06-03,253.74,2,21,false,4
HG_008,FAM,RO,ADL-2,2026-06-04,290.50,2,21,false,4
HG_008,FAM,RO,ADL-2,2026-06-05,246.20,2,21,false,4
HG_008,FAM,RO,ADL-2,2026-06-06,287.63,2,21,false,4
HG_008,FAM,RO,ADL-2,2026-06-07,262.84,2,21,false,4
HG_008,FAM,RO,ADL-2,2026-06-08,277.68,2,21,false,4
HG_008,FAM,RO,ADL-2,2026-06-09,247.32,2,21,false,4
HG_008,FAM,RO,ADL-2,2026-06-10,268.85,2,21,true,0
HG_008,FAM,RO,ADL-2,2026-06-11,267.03,2,21,true,0
HG_008,FAM,RO,ADL-2,2026-06-12,290.27,2,21,true,0
HG_008,FAM,RO,ADL-2,2026-06-13,283.32,2,21,false,4
HG_008,FAM,RO,ADL-2,2026-06-14,291.24,2,21,false,4
HG_008,FAM,RO,ADL-2,2026-06-15,304.36,1,21,false,4
HG_008,FAM,RO,ADL-2,2026-06-16,303.61,1,21,false,4
HG_008,FAM,RO,ADL-2,2026-06-17,293.80,1,21,false,4
HG_008,FAM,RO,ADL-2,2026-06-18,274.05,1,21,false,4
HG_008,FAM,RO,ADL-2,2026-06-19,285.89,1,21,false,4
HG_008,FAM,RO,ADL-2,2026-06-20,324.55,1,21,false,4
HG_008,FAM,RO,ADL-2,2026-06-21,319.30,1,21,false,4
HG_008,FAM,RO,ADL-2,2026-06-22,280.08,1,21,false,4
HG_008,FAM,RO,ADL-2,2026-06-23,258.42,1,21,false,4
HG_008,FAM,RO,ADL-2,2026-06-24,274.66,1,21,false,4
HG_008,FAM,RO,ADL-2,2026-06-25,258.90,1,21,false,4
HG_008,FAM,RO,ADL-2,2026-06-26,299.54,1,21,false,4
HG_008,FAM,RO,ADL-2,2026-06-27,306.15,1,21,false,4
HG_008,FAM,RO,ADL-2,2026-06-28,300.99,1,21,false,4
HG_008,FAM,RO,ADL-2,2026-06-29,269.21,1,21,false,4
HG_008,FAM,BB,ADL-1,2026-05-01,283.52,2,21,true,0
HG_008,FAM,BB,ADL-1,2026-05-02,277.91,2,21,true,0
HG_008,FAM,BB,ADL-1,2026-05-03,262.12,2,21,true,0
HG_008,FAM,BB,ADL-1,2026-05-04,243.52,2,21,false,4
HG_008,FAM,BB,ADL-1,2026-05-05,278.10,2,21,false,4
HG_008,FAM,BB,ADL-1,2026-05-06,255.35,2,21,false,4
HG_008,FAM,BB,ADL-1,2026-05-07,257.36,2,21,false,4
HG_008,FAM,BB,ADL-1,2026-05-08,253.10,2,21,false,4
HG_008,FAM,BB,ADL-1,2026-05-09,286.08,2,21,false,4
HG_008,FAM,BB,ADL-1,2026-05-10,311.48,2,21,false,4
HG_008,FAM,BB,ADL-1,2026-05-11,249.23,2,21,false,4
HG_008,FAM,BB,ADL-1,2026-05-12,241.54,2,21,false,4
HG_008,FAM,BB,ADL-1,2026-05-13,241.20,2,21,false,4
HG_008,FAM,BB,ADL-1,2026-05-14,259.63,2,21,false,4
HG_008,FAM,BB,ADL-1,2026-05-15,279.38,2,21,false,4
HG_008,FAM,BB,ADL-1,2026-05-16,279.08,1,21,false,4
HG_008,FAM,BB,ADL-1,2026-05-17,271.56,1,21,false,4
HG_008,FAM,BB,ADL-1,2026-05-18,274.18,1,21,false,4
HG_008,FAM,BB,ADL-1,2026-05-19,256.66,1,21,false,4
HG_008,FAM,BB,ADL-1,2026-05-20,274.17,1,21,false,4
HG_008,FAM,BB,ADL-1,2026-05-21,273.32,1,21,true,0
HG_008,FAM,BB,ADL-1,2026-05-22,268.16,1,21,true,0
HG_008,FAM,BB,ADL-1,2026-05-23,307.17,1,21,true,0
HG_008,FAM,BB,ADL-1,2026-05-24,293.24,1,21,false,4
HG_008,FAM,BB,ADL-1,2026-05-25,249.55,1,21,false,4
HG_008,FAM,BB,ADL-1,2026-05-26,271.56,1,21,false,4
HG_008,FAM,BB,ADL-1,2026-05-27,280.82,1,21,false,4
HG_008,FAM,BB,ADL-1,2026-05-28,259.37,1,21,false,4
HG_008,FAM,BB,ADL-1,2026-05-29,300.28,1,21,false,4
HG_008,FAM,BB,ADL-1,2026-05-30,292.05,1,21,false,4
HG_008,FAM,BB,ADL-1,2026-05-31,291.89,2,21,false,4
HG_008,FAM,BB,ADL-1,2026-06-01,304.57,2,21,false,4
HG_008,FAM,BB,ADL-1,2026-06-02,274.98,2,21,false,4
HG_008,FAM,BB,ADL-1,2026-06-03,270.61,2,21,false,4
HG_008,FAM,BB,ADL-1,2026-06-04,280.25,2,21,false,4
HG_008,FAM,BB,ADL-1,2026-06-05,279.40,2,21,false,4
HG_008,FAM,BB,ADL-1,2026-06-06,327.81,2,21,false,4
HG_008,FAM,BB,ADL-1,2026-06-07,276.04,2,21,false,4
HG_008,FAM,BB,ADL-1,2026-06-08,273.18,2,21,false,4
HG_008,FAM,BB,ADL-1,2026-06-09,269.37,2,21,false,4
HG_008,FAM,BB,ADL-1,2026-06-10,264.85,2,21,true,0
HG_008,FAM,BB,ADL-1,2026-06-11,307.16,2,21,true,0
HG_008,FAM,BB,ADL-1,2026-06-12,298.39,2,21,true,0
HG_008,FAM,BB,ADL-1,2026-06-13,307.90,2,21,false,4
HG_008,FAM,BB,ADL-1,2026-06-14,285.65,2,21,false,4
HG_008,FAM,BB,ADL-1,2026-06-15,279.13,1,21,false,4
HG_008,FAM,BB,ADL-1,2026-06-16,312.74,1,21,false,4
HG_008,FAM,BB,ADL-1,2026-06-17,308.51,1,21,false,4
HG_008,FAM,BB,ADL-1,2026-06-18,273.42,1,21,false,4
HG_008,FAM,BB,ADL-1,2026-06-19,284.33,1,21,false,4
HG_008,FAM,BB,ADL-1,2026-06-20,319.18,1,21,false,4
HG_008,FAM,BB,ADL-1,2026-06-21,285.55,1,21,false,4
HG_008,FAM,BB,ADL-1,2026-06-22,310.82,1,21,false,4
HG_008,FAM,BB,ADL-1,2026-06-23,274.18,1,21,false,4
HG_008,FAM,BB,ADL-1,2026-06-24,315.84,1,21,false,4
HG_008,FAM,BB,ADL-1,2026-06-25,320.72,1,21,false,4
HG_008,FAM,BB,ADL-1,2026-06-26,309.15,1,21,false,4
HG_008,FAM,BB,ADL-1,2026-06-27,316.78,1,21,false,4
HG_008,FAM,BB,ADL-1,2026-06-28,302.59,1,21,false,4
HG_008,FAM,BB,ADL-1,2026-06-29,298.54,1,21,false,4
HG_008,FAM,BB,ADL-2,2026-05-01,289.12,2,21,true,0
HG_008,FAM,BB,ADL-2,2026-05-02,288.30,2,21,true,0
HG_008,FAM,BB,ADL-2,2026-05-03,258.39,2,21,true,0
HG_008,FAM,BB,ADL-2,2026-05-04,276.48,2,21,false,4
HG_008,FAM,BB,ADL-2,2026-05-05,243.71,2,21,false,4
HG_008,FAM,BB,ADL-2,2026-05-06,278.96,2,21,false,4
HG_008,FAM,BB,ADL-2,2026-05-07,241.70,2,21,false,4
HG_008,FAM,BB,ADL-2,2026-05-08,244.84,2,21,false,4
HG_008,FAM,BB,ADL-2,2026-05-09,259.07,2,21,false,4
HG_008,FAM,BB,ADL-2,2026-05-10,265.73,2,21,false,4
HG_008,FAM,BB,ADL-2,2026-05-11,240.05,2,21,false,4
HG_008,FAM,BB,ADL-2,2026-05-12,263.11,2,21,false,4
HG_008,FAM,BB,ADL-2,2026-05-13,282.70,2,21,false,4
HG_008,FAM,BB,ADL-2,2026-05-14,281.91,2,21,false,4
HG_008,FAM,BB,ADL-2,2026-05-15,249.92,2,21,false,4
HG_008,FAM,BB,ADL-2,2026-05-16,318.82,1,21,false,4
HG_008,FAM,BB,ADL-2,2026-05-17,284.90,1,21,false,4
HG_008,FAM,BB,ADL-2,2026-05-18,281.31,1,21,false,4
HG_008,FAM,BB,ADL-2,2026-05-19,274.19,1,21,false,4
HG_008,FAM,BB,ADL-2,2026-05-20,258.03,1,21,false,4
HG_008,FAM,BB,ADL-2,2026-05-21,295.27,1,21,true,0
HG_008,FAM,BB,ADL-2,2026-05-22,299.35,1,21,true,0
HG_008,FAM,BB,ADL-2,2026-05-23,309.30,1,21,true,0
HG_008,FAM,BB,ADL-2,2026-05-24,299.47,1,21,false,4
HG_008,FAM,BB,ADL-2,2026-05-25,261.33,1,21,false,4
HG_008,FAM,BB,ADL-2,2026-05-26,257.45,1,21,false,4
HG_008,FAM,BB,ADL-2,2026-05-27,250.95,1,21,false,4
HG_008,FAM,BB,ADL-2,2026-05-28,281.51,1,21,false,4
HG_008,FAM,BB,ADL-2,2026-05-29,266.52,1,21,false,4
HG_008,FAM,BB,ADL-2,2026-05-30,297.90,1,21,false,4
HG_008,FAM,BB,ADL-2,2026-05-31,311.34,2,21,false,4
HG_008,FAM,BB,ADL-2,2026-06-01,269.53,2,21,false,4
HG_008,FAM,BB,ADL-2,2026-06-02,287.46,2,21,false,4
HG_008,FAM,BB,ADL-2,2026-06-03,298.28,2,21,false,4
HG_008,FAM,BB,ADL-2,2026-06-04,281.65,2,21,false,4
HG_008,FAM,BB,ADL-2,2026-06-05,258.55,2,21,false,4
HG_008,FAM,BB,ADL-2,2026-06-06,289.15,2,21,false,4
HG_008,FAM,BB,ADL-2,2026-06-07,294.03,2,21,false,4
HG_008,FAM,BB,ADL-2,2026-06-08,276.13,2,21,false,4
HG_008,FAM,BB,ADL-2,2026-06-09,310.45,2,21,false,4
HG_008,FAM,BB,ADL-2,2026-06-10,282.76,2,21,true,0
HG_008,FAM,BB,ADL-2,2026-06-11,296.54,2,21,true,0
HG_008,FAM,BB,ADL-2,2026-06-12,266.89,2,21,true,0
HG_008,FAM,BB,ADL-2,2026-06-13,303.46,2,21,false,4
HG_008,FAM,BB,ADL-2,2026-06-14,302.00,2,21,false,4
HG_008,FAM,BB,ADL-2,2026-06-15,270.39,1,21,false,4
HG_008,FAM,BB,ADL-2,2026-06-16,285.89,1,21,false,4
HG_008,FAM,BB,ADL-2,2026-06-17,298.25,1,21,false,4
HG_008,FAM,BB,ADL-2,2026-06-18,295.82,1,21,false,4
HG_008,FAM,BB,ADL-2,2026-06-19,312.84,1,21,false,4
HG_008,FAM,BB,ADL-2,2026-06-20,314.81,1,21,false,4
HG_008,FAM,BB,ADL-2,2026-06-21,341.77,1,21,false,4
HG_008,FAM,BB,ADL-2,2026-06-22,294.66,1,21,false,4
HG_008,FAM,BB,ADL-2,2026-06-23,282.88,1,21,false,4
HG_008,FAM,BB,ADL-2,2026-06-24,283.68,1,21,false,4
HG_008,FAM,BB,ADL-2,2026-06-25,281.59,1,21,false,4
HG_008,FAM,BB,ADL-2,2026-06-26,275.95,1,21,false,4
HG_008,FAM,BB,ADL-2,2026-06-27,298.74,1,21,false,4
HG_008,FAM,BB,ADL-2,2026-06-28,320.24,1,21,false,4
HG_008,FAM,BB,ADL-2,2026-06-29,304.90,1,21,false,4
HG_008,FAM,HB,ADL-1,2026-05-01,304.84,2,21,true,0
HG_008,FAM,HB,ADL-1,2026-05-02,303.24,2,21,true,0
HG_008,FAM,HB,ADL-1,2026-05-03,299.60,2,21,true,0
HG_008,FAM,HB,ADL-1,2026-05-04,296.84,2,21,false,4
HG_008,FAM,HB,ADL-1,2026-05-05,268.70,2,21,false,4
HG_008,FAM,HB,ADL-1,2026-05-06,289.64,2,21,false,4
HG_008,FAM,HB,ADL-1,2026-05-07,260.31,2,21,false,4
HG_008,FAM,HB,ADL-1,2026-05-08,260.14,2,21,false,4
HG_008,FAM,HB,ADL-1,2026-05-09,296.03,2,21,false,4
HG_008,FAM,HB,ADL-1,2026-05-10,326.65,2,21,false,4
HG_008,FAM,HB,ADL-1,2026-05-11,295.52,2,21,false,4
HG_008,FAM,HB,ADL-1,2026-05-12,271.30,2,21,false,4
HG_008,FAM,HB,ADL-1,2026-05-13,270.77,2,21,false,4
HG_008,FAM,HB,ADL-1,2026-05-14,263.80,2,21,false,4
HG_008,FAM,HB,ADL-1,2026-05-15,284.08,2,21,false,4
HG_008,FAM,HB,ADL-1,2026-05-16,288.65,1,21,false,4
HG_008,FAM,HB,ADL-1,2026-05-17,313.58,1,21,false,4
HG_008,FAM,HB,ADL-1,2026-05-18,312.20,1,21,false,4
HG_008,FAM,HB,ADL-1,2026-05-19,308.27,1,21,false,4
HG_008,FAM,HB,ADL-1,2026-05-20,303.30,1,21,false,4
HG_008,FAM,HB,ADL-1,2026-05-21,273.83,1,21,true,0
HG_008,FAM,HB,ADL-1,2026-05-22,311.26,1,21,true,0
HG_008,FAM,HB,ADL-1,2026-05-23,339.15,1,21,true,0
HG_008,FAM,HB,ADL-1,2026-05-24,325.10,1,21,false,4
HG_008,FAM,HB,ADL-1,2026-05-25,274.07,1,21,false,4
HG_008,FAM,HB,ADL-1,2026-05-26,309.58,1,21,false,4
HG_008,FAM,HB,ADL-1,2026-05-27,301.92,1,21,false,4
HG_008,FAM,HB,ADL-1,2026-05-28,289.53,1,21,false,4
HG_008,FAM,HB,ADL-1,2026-05-29,272.70,1,21,false,4
HG_008,FAM,HB,ADL-1,2026-05-30,323.78,1,21,false,4
HG_008,FAM,HB,ADL-1,2026-05-31,309.27,2,21,false,4
HG_008,FAM,HB,ADL-1,2026-06-01,278.11,2,21,false,4
HG_008,FAM,HB,ADL-1,2026-06-02,283.32,2,21,false,4
HG_008,FAM,HB,ADL-1,2026-06-03,316.62,2,21,false,4
HG_008,FAM,HB,ADL-1,2026-06-04,328.34,2,21,false,4
HG_008,FAM,HB,ADL-1,2026-06-05,281.52,2,21,false,4
HG_008,FAM,HB,ADL-1,2026-06-06,339.51,2,21,false,4
HG_008,FAM,HB,ADL-1,2026-06-07,341.10,2,21,false,4
HG_008,FAM,HB,ADL-1,2026-06-08,308.34,2,21,false,4
HG_008,FAM,HB,ADL-1,2026-06-09,314.76,2,21,false,4
HG_008,FAM,HB,ADL-1,2026-06-10,287.43,2,21,true,0
HG_008,FAM,HB,ADL-1,2026-06-11,297.39,2,21,true,0
HG_008,FAM,HB,ADL-1,2026-06-12,290.13,2,21,true,0
HG_008,FAM,HB,ADL-1,2026-06-13,295.63,2,21,false,4
HG_008,FAM,HB,ADL-1,2026-06-14,345.69,2,21,false,4
HG_008,FAM,HB,ADL-1,2026-06-15,315.08,1,21,false,4
HG_008,FAM,HB,ADL-1,2026-06-16,294.95,1,21,false,4
HG_008,FAM,HB,ADL-1,2026-06-17,334.48,1,21,false,4
HG_008,FAM,HB,ADL-1,2026-06-18,332.39,1,21,false,4
HG_008,FAM,HB,ADL-1,2026-06-19,298.97,1,21,false,4
HG_008,FAM,HB,ADL-1,2026-06-20,315.08,1,21,false,4
HG_008,FAM,HB,ADL-1,2026-06-21,299.81,1,21,false,4
HG_008,FAM,HB,ADL-1,2026-06-22,289.11,1,21,false,4
HG_008,FAM,HB,ADL-1,2026-06-23,289.31,1,21,false,4
HG_008,FAM,HB,ADL-1,2026-06-24,289.59,1,21,false,4
HG_008,FAM,HB,ADL-1,2026-06-25,291.56,1,21,false,4
HG_008,FAM,HB,ADL-1,2026-06-26,287.48,1,21,false,4
HG_008,FAM,HB,ADL-1,2026-06-27,299.69,1,21,false,4
HG_008,FAM,HB,ADL-1,2026-06-28,361.26,1,21,false,4
HG_008,FAM,HB,ADL-1,2026-06-29,332.66,1,21,false,4
HG_008,FAM,HB,ADL-2,2026-05-01,281.91,2,21,true,0
HG_008,FAM,HB,ADL-2,2026-05-02,316.72,2,21,true,0
HG_008,FAM,HB,ADL-2,2026-05-03,277.45,2,21,true,0
HG_008,FAM,HB,ADL-2,2026-05-04,266.72,2,21,false,4
HG_008,FAM,HB,ADL-2,2026-05-05,283.46,2,21,false,4
HG_008,FAM,HB,ADL-2,2026-05-06,285.25,2,21,false,4
HG_008,FAM,HB,ADL-2,2026-05-07,257.90,2,21,false,4
HG_008,FAM,HB,ADL-2,2026-05-08,294.89,2,21,false,4
HG_008,FAM,HB,ADL-2,2026-05-09,301.42,2,21,false,4
HG_008,FAM,HB,ADL-2,2026-05-10,307.44,2,21,false,4
HG_008,FAM,HB,ADL-2,2026-05-11,255.42,2,21,false,4
HG_008,FAM,HB,ADL-2,2026-05-12,290.57,2,21,false,4
HG_008,FAM,HB,ADL-2,2026-05-13,268.26,2,21,false,4
HG_008,FAM,HB,ADL-2,2026-05-14,281.55,2,21,false,4
HG_008,FAM,HB,ADL-2,2026-05-15,302.47,2,21,false,4
HG_008,FAM,HB,ADL-2,2026-05-16,297.27,1,21,false,4
HG_008,FAM,HB,ADL-2,2026-05-17,297.27,1,21,false,4
HG_008,FAM,HB,ADL-2,2026-05-18,275.86,1,21,false,4
HG_008,FAM,HB,ADL-2,2026-05-19,300.44,1,21,false,4
HG_008,FAM,HB,ADL-2,2026-05-20,311.69,1,21,false,4
HG_008,FAM,HB,ADL-2,2026-05-21,264.78,1,21,true,0
HG_008,FAM,HB,ADL-2,2026-05-22,310.44,1,21,true,0
HG_008,FAM,HB,ADL-2,2026-05-23,327.90,1,21,true,0
HG_008,FAM,HB,ADL-2,2026-05-24,284.27,1,21,false,4
HG_008,FAM,HB,ADL-2,2026-05-25,312.70,1,21,false,4
HG_008,FAM,HB,ADL-2,2026-05-26,311.35,1,21,false,4
HG_008,FAM,HB,ADL-2,2026-05-27,266.55,1,21,false,4
HG_008,FAM,HB,ADL-2,2026-05-28,310.55,1,21,false,4
HG_008,FAM,HB,ADL-2,2026-05-29,314.11,1,21,false,4
HG_008,FAM,HB,ADL-2,2026-05-30,286.70,1,21,false,4
HG_008,FAM,HB,ADL-2,2026-05-31,330.12,2,21,false,4
HG_008,FAM,HB,ADL-2,2026-06-01,297.80,2,21,false,4
HG_008,FAM,HB,ADL-2,2026-06-02,308.51,2,21,false,4
HG_008,FAM,HB,ADL-2,2026-06-03,309.65,2,21,false,4
HG_008,FAM,HB,ADL-2,2026-06-04,271.66,2,21,false,4
HG_008,FAM,HB,ADL-2,2026-06-05,300.74,2,21,false,4
HG_008,FAM,HB,ADL-2,2026-06-06,322.85,2,21,false,4
HG_008,FAM,HB,ADL-2,2026-06-07,333.17,2,21,false,4
HG_008,FAM,HB,ADL-2,2026-06-08,290.89,2,21,false,4
HG_008,FAM,HB,ADL-2,2026-06-09,312.76,2,21,false,4
HG_008,FAM,HB,ADL-2,2026-06-10,282.88,2,21,true,0
HG_008,FAM,HB,ADL-2,2026-06-11,274.96,2,21,true,0
HG_008,FAM,HB,ADL-2,2026-06-12,301.62,2,21,true,0
HG_008,FAM,HB,ADL-2,2026-06-13,332.27,2,21,false,4
HG_008,FAM,HB,ADL-2,2026-06-14,315.95,2,21,false,4
HG_008,FAM,HB,ADL-2,2026-06-15,300.97,1,21,false,4
HG_008,FAM,HB,ADL-2,2026-06-16,318.84,1,21,false,4
HG_008,FAM,HB,ADL-2,2026-06-17,334.65,1,21,false,4
HG_008,FAM,HB,ADL-2,2026-06-18,305.43,1,21,false,4
HG_008,FAM,HB,ADL-2,2026-06-19,335.73,1,21,false,4
HG_008,FAM,HB,ADL-2,2026-06-20,308.89,1,21,false,4
HG_008,FAM,HB,ADL-2,2026-06-21,351.86,1,21,false,4
HG_008,FAM,HB,ADL-2,2026-06-22,292.91,1,21,false,4
HG_008,FAM,HB,ADL-2,2026-06-23,336.35,1,21,false,4
HG_008,FAM,HB,ADL-2,2026-06-24,283.40,1,21,false,4
HG_008,FAM,HB,ADL-2,2026-06-25,310.69,1,21,false,4
HG_008,FAM,HB,ADL-2,2026-06-26,314.82,1,21,false,4
HG_008,FAM,HB,ADL-2,2026-06-27,316.97,1,21,false,4
HG_008,FAM,HB,ADL-2,2026-06-28,356.41,1,21,false,4
HG_008,FAM,HB,ADL-2,2026-06-29,286.59,1,21,false,4
HG_008,FAM,FB,ADL-1,2026-05-01,281.65,2,21,true,0
HG_008,FAM,FB,ADL-1,2026-05-02,303.87,2,21,true,0
HG_008,FAM,FB,ADL-1,2026-05-03,329.86,2,21,true,0
HG_008,FAM,FB,ADL-1,2026-05-04,313.12,2,21,false,4
HG_008,FAM,FB,ADL-1,2026-05-05,304.54,2,21,false,4
HG_008,FAM,FB,ADL-1,2026-05-06,314.06,2,21,false,4
HG_008,FAM,FB,ADL-1,2026-05-07,295.96,2,21,false,4
HG_008,FAM,FB,ADL-1,2026-05-08,267.51,2,21,false,4
HG_008,FAM,FB,ADL-1,2026-05-09,292.65,2,21,false,4
HG_008,FAM,FB,ADL-1,2026-05-10,344.51,2,21,false,4
HG_008,FAM,FB,ADL-1,2026-05-11,304.19,2,21,false,4
HG_008,FAM,FB,ADL-1,2026-05-12,281.60,2,21,false,4
HG_008,FAM,FB,ADL-1,2026-05-13,313.26,2,21,false,4
HG_008,FAM,FB,ADL-1,2026-05-14,295.29,2,21,false,4
HG_008,FAM,FB,ADL-1,2026-05-15,314.82,2,21,false,4
HG_008,FAM,FB,ADL-1,2026-05-16,317.58,1,21,false,4
HG_008,FAM,FB,ADL-1,2026-05-17,300.63,1,21,false,4
HG_008,FAM,FB,ADL-1,2026-05-18,309.06,1,21,false,4
HG_008,FAM,FB,ADL-1,2026-05-19,332.39,1,21,false,4
HG_008,FAM,FB,ADL-1,2026-05-20,309.93,1,21,false,4
HG_008,FAM,FB,ADL-1,2026-05-21,280.60,1,21,true,0
HG_008,FAM,FB,ADL-1,2026-05-22,327.07,1,21,true,0
HG_008,FAM,FB,ADL-1,2026-05-23,350.48,1,21,true,0
HG_008,FAM,FB,ADL-1,2026-05-24,295.63,1,21,false,4
HG_008,FAM,FB,ADL-1,2026-05-25,300.79,1,21,false,4
HG_008,FAM,FB,ADL-1,2026-05-26,328.86,1,21,false,4
HG_008,FAM,FB,ADL-1,2026-05-27,330.84,1,21,false,4
HG_008,FAM,FB,ADL-1,2026-05-28,293.83,1,21,false,4
HG_008,FAM,FB,ADL-1,2026-05-29,312.32,1,21,false,4
HG_008,FAM,FB,ADL-1,2026-05-30,301.90,1,21,false,4
HG_008,FAM,FB,ADL-1,2026-05-31,341.74,2,21,false,4
HG_008,FAM,FB,ADL-1,2026-06-01,311.75,2,21,false,4
HG_008,FAM,FB,ADL-1,2026-06-02,317.37,2,21,false,4
HG_008,FAM,FB,ADL-1,2026-06-03,329.97,2,21,false,4
HG_008,FAM,FB,ADL-1,2026-06-04,339.48,2,21,false,4
HG_008,FAM,FB,ADL-1,2026-06-05,285.10,2,21,false,4
HG_008,FAM,FB,ADL-1,2026-06-06,340.82,2,21,false,4
HG_008,FAM,FB,ADL-1,2026-06-07,318.96,2,21,false,4
HG_008,FAM,FB,ADL-1,2026-06-08,304.01,2,21,false,4
HG_008,FAM,FB,ADL-1,2026-06-09,304.63,2,21,false,4
HG_008,FAM,FB,ADL-1,2026-06-10,314.80,2,21,true,0
HG_008,FAM,FB,ADL-1,2026-06-11,310.50,2,21,true,0
HG_008,FAM,FB,ADL-1,2026-06-12,302.02,2,21,true,0
HG_008,FAM,FB,ADL-1,2026-06-13,351.89,2,21,false,4
HG_008,FAM,FB,ADL-1,2026-06-14,338.69,2,21,false,4
HG_008,FAM,FB,ADL-1,2026-06-15,303.55,1,21,false,4
HG_008,FAM,FB,ADL-1,2026-06-16,296.95,1,21,false,4
HG_008,FAM,FB,ADL-1,2026-06-17,351.16,1,21,false,4
HG_008,FAM,FB,ADL-1,2026-06-18,339.64,1,21,false,4
HG_008,FAM,FB,ADL-1,2026-06-19,335.71,1,21,false,4
HG_008,FAM,FB,ADL-1,2026-06-20,314.17,1,21,false,4
HG_008,FAM,FB,ADL-1,2026-06-21,353.01,1,21,false,4
HG_008,FAM,FB,ADL-1,2026-06-22,313.31,1,21,false,4
HG_008,FAM,FB,ADL-1,2026-06-23,328.07,1,21,false,4
HG_008,FAM,FB,ADL-1,2026-06-24,328.30,1,21,false,4
HG_008,FAM,FB,ADL-1,2026-06-25,318.70,1,21,false,4
HG_008,FAM,FB,ADL-1,2026-06-26,325.25,1,21,false,4
HG_008,FAM,FB,ADL-1,2026-06-27,353.68,1,21,false,4
HG_008,FAM,FB,ADL-1,2026-06-28,320.18,1,21,false,4
HG_008,FAM,FB,ADL-1,2026-06-29,340.25,1,21,false,4
HG_008,FAM,FB,ADL-2,2026-05-01,278.31,2,21,true,0
HG_008,FAM,FB,ADL-2,2026-05-02,307.42,2,21,true,0
HG_008,FAM,FB,ADL-2,2026-05-03,300.25,2,21,true,0
HG_008,FAM,FB,ADL-2,2026-05-04,294.15,2,21,false,4
HG_008,FAM,FB,ADL-2,2026-05-05,276.73,2,21,false,4
HG_008,FAM,FB,ADL-2,2026-05-06,318.63,2,21,false,4
HG_008,FAM,FB,ADL-2,2026-05-07,318.33,2,21,false,4
HG_008,FAM,FB,ADL-2,2026-05-08,290.68,2,21,false,4
HG_008,FAM,FB,ADL-2,2026-05-09,333.50,2,21,false,4
HG_008,FAM,FB,ADL-2,2026-05-10,310.46,2,21,false,4
HG_008,FAM,FB,ADL-2,2026-05-11,300.10,2,21,false,4
HG_008,FAM,FB,ADL-2,2026-05-12,284.31,2,21,false,4
HG_008,FAM,FB,ADL-2,2026-05-13,302.16,2,21,false,4
HG_008,FAM,FB,ADL-2,2026-05-14,274.19,2,21,false,4
HG_008,FAM,FB,ADL-2,2026-05-15,310.17,2,21,false,4
HG_008,FAM,FB,ADL-2,2026-05-16,325.06,1,21,false,4
HG_008,FAM,FB,ADL-2,2026-05-17,351.67,1,21,false,4
HG_008,FAM,FB,ADL-2,2026-05-18,287.23,1,21,false,4
HG_008,FAM,FB,ADL-2,2026-05-19,277.73,1,21,false,4
HG_008,FAM,FB,ADL-2,2026-05-20,333.29,1,21,false,4
HG_008,FAM,FB,ADL-2,2026-05-21,307.45,1,21,true,0
HG_008,FAM,FB,ADL-2,2026-05-22,323.06,1,21,true,0
HG_008,FAM,FB,ADL-2,2026-05-23,325.88,1,21,true,0
HG_008,FAM,FB,ADL-2,2026-05-24,301.10,1,21,false,4
HG_008,FAM,FB,ADL-2,2026-05-25,285.92,1,21,false,4
HG_008,FAM,FB,ADL-2,2026-05-26,325.17,1,21,false,4
HG_008,FAM,FB,ADL-2,2026-05-27,283.12,1,21,false,4
HG_008,FAM,FB,ADL-2,2026-05-28,308.29,1,21,false,4
HG_008,FAM,FB,ADL-2,2026-05-29,292.53,1,21,false,4
HG_008,FAM,FB,ADL-2,2026-05-30,322.58,1,21,false,4
HG_008,FAM,FB,ADL-2,2026-05-31,346.57,2,21,false,4
HG_008,FAM,FB,ADL-2,2026-06-01,307.43,2,21,false,4
HG_008,FAM,FB,ADL-2,2026-06-02,289.06,2,21,false,4
HG_008,FAM,FB,ADL-2,2026-06-03,320.83,2,21,false,4
HG_008,FAM,FB,ADL-2,2026-06-04,302.54,2,21,false,4
HG_008,FAM,FB,ADL-2,2026-06-05,290.11,2,21,false,4
HG_008,FAM,FB,ADL-2,2026-06-06,355.55,2,21,false,4
HG_008,FAM,FB,ADL-2,2026-06-07,365.45,2,21,false,4
HG_008,FAM,FB,ADL-2,2026-06-08,306.80,2,21,false,4
HG_008,FAM,FB,ADL-2,2026-06-09,311.57,2,21,false,4
HG_008,FAM,FB,ADL-2,2026-06-10,317.47,2,21,true,0
HG_008,FAM,FB,ADL-2,2026-06-11,327.93,2,21,true,0
HG_008,FAM,FB,ADL-2,2026-06-12,301.08,2,21,true,0
HG_008,FAM,FB,ADL-2,2026-06-13,351.25,2,21,false,4
HG_008,FAM,FB,ADL-2,2026-06-14,349.78,2,21,false,4
HG_008,FAM,FB,ADL-2,2026-06-15,337.06,1,21,false,4
HG_008,FAM,FB,ADL-2,2026-06-16,354.69,1,21,false,4
HG_008,FAM,FB,ADL-2,2026-06-17,347.37,1,21,false,4
HG_008,FAM,FB,ADL-2,2026-06-18,300.00,1,21,false,4
HG_008,FAM,FB,ADL-2,2026-06-19,321.78,1,21,false,4
HG_008,FAM,FB,ADL-2,2026-06-20,355.13,1,21,false,4
HG_008,FAM,FB,ADL-2,2026-06-21,346.19,1,21,false,4
HG_008,FAM,FB,ADL-2,2026-06-22,327.37,1,21,false,4
HG_008,FAM,FB,ADL-2,2026-06-23,303.04,1,21,false,4
HG_008,FAM,FB,ADL-2,2026-06-24,343.90,1,21,false,4
HG_008,FAM,FB,ADL-2,2026-06-25,295.91,1,21,false,4
HG_008,FAM,FB,ADL-2,2026-06-26,310.58,1,21,false,4
HG_008,FAM,FB,ADL-2,2026-06-27,374.88,1,21,false,4
HG_008,FAM,FB,ADL-2,2026-06-28,361.21,1,21,false,4
HG_008,FAM,FB,ADL-2,2026-06-29,341.10,1,21,false,4
HG_009,DBL,RO,ADL-1,2026-05-01,197.19,3,21,false,5
HG_009,DBL,RO,ADL-1,2026-05-02,218.52,3,21,false,5
HG_009,DBL,RO,ADL-1,2026-05-03,235.43,3,21,false,5
HG_009,DBL,RO,ADL-1,2026-05-04,196.29,3,21,false,5
HG_009,DBL,RO,ADL-1,2026-05-05,218.44,3,21,false,5
HG_009,DBL,RO,ADL-1,2026-05-06,204.47,3,21,false,5
HG_009,DBL,RO,ADL-1,2026-05-07,215.51,3,21,false,5
HG_009,DBL,RO,ADL-1,2026-05-08,197.65,3,21,false,5
HG_009,DBL,RO,ADL-1,2026-05-09,243.55,3,21,false,5
HG_009,DBL,RO,ADL-1,2026-05-10,242.43,3,21,false,5
HG_009,DBL,RO,ADL-1,2026-05-11,216.52,3,21,false,5
HG_009,DBL,RO,ADL-1,2026-05-12,201.50,3,21,false,5
HG_009,DBL,RO,ADL-1,2026-05-13,190.22,3,21,false,5
HG_009,DBL,RO,ADL-1,2026-05-14,220.66,3,21,false,5
HG_009,DBL,RO,ADL-1,2026-05-15,221.98,3,21,false,5
HG_009,DBL,RO,ADL-1,2026-05-16,216.04,1,21,false,5
HG_009,DBL,RO,ADL-1,2026-05-17,222.07,1,21,false,5
HG_009,DBL,RO,ADL-1,2026-05-18,231.38,1,21,false,5
HG_009,DBL,RO,ADL-1,2026-05-19,202.41,1,21,false,5
HG_009,DBL,RO,ADL-1,2026-05-20,210.41,1,21,false,5
HG_009,DBL,RO,ADL-1,2026-05-21,214.01,1,21,false,5
HG_009,DBL,RO,ADL-1,2026-05-22,202.33,1,21,false,5
HG_009,DBL,RO,ADL-1,2026-05-23,252.49,1,21,false,5
HG_009,DBL,RO,ADL-1,2026-05-24,244.90,1,21,false,5
HG_009,DBL,RO,ADL-1,2026-05-25,208.77,1,21,false,5
HG_009,DBL,RO,ADL-1,2026-05-26,226.03,1,21,false,5
HG_009,DBL,RO,ADL-1,2026-05-27,214.06,1,21,false,5
HG_009,DBL,RO,ADL-1,2026-05-28,204.73,1,21,false,5
HG_009,DBL,RO,ADL-1,2026-05-29,242.05,1,21,false,5
HG_009,DBL,RO,ADL-1,2026-05-30,257.06,1,21,false,5
HG_009,DBL,RO,ADL-1,2026-05-31,244.50,3,21,false,5
HG_009,DBL,RO,ADL-1,2026-06-01,215.86,3,21,false,5
HG_009,DBL,RO,ADL-1,2026-06-02,212.48,3,21,false,5
HG_009,DBL,RO,ADL-1,2026-06-03,213.36,3,21,false,5
HG_009,DBL,RO,ADL-1,2026-06-04,233.69,3,21,false,5
HG_009,DBL,RO,ADL-1,2026-06-05,235.41,3,21,false,5
HG_009,DBL,RO,ADL-1,2026-06-06,261.16,3,21,false,5
HG_009,DBL,RO,ADL-1,2026-06-07,256.43,3,21,false,5
HG_009,DBL,RO,ADL-1,2026-06-08,251.03,3,21,false,5
HG_009,DBL,RO,ADL-1,2026-06-09,239.86,3,21,false,5
HG_009,DBL,RO,ADL-1,2026-06-10,252.85,3,21,false,5
HG_009,DBL,RO,ADL-1,2026-06-11,248.13,3,21,false,5
HG_009,DBL,RO,ADL-1,2026-06-12,228.75,3,21,false,5
HG_009,DBL,RO,ADL-1,2026-06-13,249.40,3,21,false,5
HG_009,DBL,RO,ADL-1,2026-06-14,246.59,3,21,false,5
HG_009,DBL,RO,ADL-1,2026-06-15,257.69,1,21,false,5
HG_009,DBL,RO,ADL-1,2026-06-16,237.66,1,21,false,5
HG_009,DBL,RO,ADL-1,2026-06-17,228.28,1,21,false,5
HG_009,DBL,RO,ADL-1,2026-06-18,217.88,1,21,false,5
HG_009,DBL,RO,ADL-1,2026-06-19,229.36,1,21,false,5
HG_009,DBL,RO,ADL-1,2026-06-20,258.34,1,21,false,5
HG_009,DBL,RO,ADL-1,2026-06-21,261.54,1,21,false,5
HG_009,DBL,RO,ADL-1,2026-06-22,255.66,1,21,false,5
HG_009,DBL,RO,ADL-1,2026-06-23,251.54,1,21,false,5
HG_009,DBL,RO,ADL-1,2026-06-24,238.64,1,21,false,5
HG_009,DBL,RO,ADL-1,2026-06-25,236.43,1,21,false,5
HG_009,DBL,RO,ADL-1,2026-06-26,240.35,1,21,false,5
HG_009,DBL,RO,ADL-1,2026-06-27,271.85,1,21,false,5
HG_009,DBL,RO,ADL-1,2026-06-28,255.84,1,21,false,5
HG_009,DBL,RO,ADL-1,2026-06-29,245.08,1,21,false,5
HG_009,SGL,RO,ADL-1,2026-05-01,246.79,3,21,false,5
HG_009,SGL,RO,ADL-1,2026-05-02,274.03,3,21,false,5
HG_009,SGL,RO,ADL-1,2026-05-03,258.19,3,21,false,5
HG_009,SGL,RO,ADL-1,2026-05-04,218.22,3,21,false,5
HG_009,SGL,RO,ADL-1,2026-05-05,257.98,3,21,false,5
HG_009,SGL,RO,ADL-1,2026-05-06,249.35,3,21,false,5
HG_009,SGL,RO,ADL-1,2026-05-07,231.79,3,21,false,5
HG_009,SGL,RO,ADL-1,2026-05-08,257.91,3,21,false,5
HG_009,SGL,RO,ADL-1,2026-05-09,238.20,3,21,false,5
HG_009,SGL,RO,ADL-1,2026-05-10,286.75,3,21,false,5
HG_009,SGL,RO,ADL-1,2026-05-11,233.70,3,21,false,5
HG_009,SGL,RO,ADL-1,2026-05-12,240.87,3,21,false,5
HG_009,SGL,RO,ADL-1,2026-05-13,230.65,3,21,false,5
HG_009,SGL,RO,ADL-1,2026-05-14,253.22,3,21,false,5
HG_009,SGL,RO,ADL-1,2026-05-15,240.74,3,21,false,5
HG_009,SGL,RO,ADL-1,2026-05-16,282.84,1,21,false,5
HG_009,SGL,RO,ADL-1,2026-05-17,274.33,1,21,false,5
HG_009,SGL,RO,ADL-1,2026-05-18,266.69,1,21,false,5
HG_009,SGL,RO,ADL-1,2026-05-19,247.80,1,21,false,5
HG_009,SGL,RO,ADL-1,2026-05-20,247.43,1,21,false,5
HG_009,SGL,RO,ADL-1,2026-05-21,251.21,1,21,false,5
HG_009,SGL,RO,ADL-1,2026-05-22,255.91,1,21,false,5
HG_009,SGL,RO,ADL-1,2026-05-23,278.42,1,21,false,5
HG_009,SGL,RO,ADL-1,2026-05-24,244.34,1,21,false,5
HG_009,SGL,RO,ADL-1,2026-05-25,232.13,1,21,false,5
HG_009,SGL,RO,ADL-1,2026-05-26,255.22,1,21,false,5
HG_009,SGL,RO,ADL-1,2026-05-27,237.24,1,21,false,5
HG_009,SGL,RO,ADL-1,2026-05-28,248.75,1,21,false,5
HG_009,SGL,RO,ADL-1,2026-05-29,271.88,1,21,false,5
HG_009,SGL,RO,ADL-1,2026-05-30,261.66,1,21,false,5
HG_009,SGL,RO,ADL-1,2026-05-31,307.25,3,21,false,5
HG_009,SGL,RO,ADL-1,2026-06-01,271.76,3,21,false,5
HG_009,SGL,RO,ADL-1,2026-06-02,275.28,3,21,false,5
HG_009,SGL,RO,ADL-1,2026-06-03,257.48,3,21,false,5
HG_009,SGL,RO,ADL-1,2026-06-04,235.82,3,21,false,5
HG_009,SGL,RO,ADL-1,2026-06-05,280.49,3,21,false,5
HG_009,SGL,RO,ADL-1,2026-06-06,290.69,3,21,false,5
HG_009,SGL,RO,ADL-1,2026-06-07,285.41,3,21,false,5
HG_009,SGL,RO,ADL-1,2026-06-08,277.60,3,21,false,5
HG_009,SGL,RO,ADL-1,2026-06-09,269.66,3,21,false,5
HG_009,SGL,RO,ADL-1,2026-06-10,234.68,3,21,false,5
HG_009,SGL,RO,ADL-1,2026-06-11,268.91,3,21,false,5
HG_009,SGL,RO,ADL-1,2026-06-12,255.94,3,21,false,5
HG_009,SGL,RO,ADL-1,2026-06-13,261.09,3,21,false,5
HG_009,SGL,RO,ADL-1,2026-06-14,282.84,3,21,false,5
HG_009,SGL,RO,ADL-1,2026-06-15,266.38,1,21,false,5
HG_009,SGL,RO,ADL-1,2026-06-16,271.37,1,21,false,5
HG_009,SGL,RO,ADL-1,2026-06-17,267.08,1,21,false,5
HG_009,SGL,RO,ADL-1,2026-06-18,294.43,1,21,false,5
HG_009,SGL,RO,ADL-1,2026-06-19,255.48,1,21,false,5
HG_009,SGL,RO,ADL-1,2026-06-20,294.17,1,21,false,5
HG_009,SGL,RO,ADL-1,2026-06-21,320.43,1,21,false,5
HG_009,SGL,RO,ADL-1,2026-06-22,267.11,1,21,false,5
HG_009,SGL,RO,ADL-1,2026-06-23,298.02,1,21,false,5
HG_009,SGL,RO,ADL-1,2026-06-24,275.58,1,21,false,5
HG_009,SGL,RO,ADL-1,2026-06-25,279.37,1,21,false,5
HG_009,SGL,RO,ADL-1,2026-06-26,280.07,1,21,false,5
HG_009,SGL,RO,ADL-1,2026-06-27,285.43,1,21,false,5
HG_009,SGL,RO,ADL-1,2026-06-28,315.00,1,21,false,5
HG_009,SGL,RO,ADL-1,2026-06-29,287.74,1,21,false,5
HG_009,FAM,RO,ADL-1,2026-05-01,261.67,3,21,false,5
HG_009,FAM,RO,ADL-1,2026-05-02,271.28,3,21,false,5
HG_009,FAM,RO,ADL-1,2026-05-03,298.23,3,21,false,5
HG_009,FAM,RO,ADL-1,2026-05-04,262.88,3,21,false,5
HG_009,FAM,RO,ADL-1,2026-05-05,275.84,3,21,false,5
HG_009,FAM,RO,ADL-1,2026-05-06,289.04,3,21,false,5
HG_009,FAM,RO,ADL-1,2026-05-07,293.11,3,21,false,5
HG_009,FAM,RO,ADL-1,2026-05-08,285.79,3,21,false,5
HG_009,FAM,RO,ADL-1,2026-05-09,288.15,3,21,false,5
HG_009,FAM,RO,ADL-1,2026-05-10,297.43,3,21,false,5
HG_009,FAM,RO,ADL-1,2026-05-11,271.97,3,21,false,5
HG_009,FAM,RO,ADL-1,2026-05-12,254.39,3,21,false,5
HG_009,FAM,RO,ADL-1,2026-05-13,269.67,3,21,false,5
HG_009,FAM,RO,ADL-1,2026-05-14,255.07,3,21,false,5
HG_009,FAM,RO,ADL-1,2026-05-15,291.98,3,21,false,5
HG_009,FAM,RO,ADL-1,2026-05-16,309.64,1,21,false,5
HG_009,FAM,RO,ADL-1,2026-05-17,325.86,1,21,false,5
HG_009,FAM,RO,ADL-1,2026-05-18,304.36,1,21,false,5
HG_009,FAM,RO,ADL-1,2026-05-19,278.56,1,21,false,5
HG_009,FAM,RO,ADL-1,2026-05-20,287.16,1,21,false,5
HG_009,FAM,RO,ADL-1,2026-05-21,265.29,1,21,false,5
HG_009,FAM,RO,ADL-1,2026-05-22,272.31,1,21,false,5
HG_009,FAM,RO,ADL-1,2026-05-23,328.17,1,21,false,5
HG_009,FAM,RO,ADL-1,2026-05-24,309.45,1,21,false,5
HG_009,FAM,RO,ADL-1,2026-05-25,265.96,1,21,false,5
HG_009,FAM,RO,ADL-1,2026-05-26,299.90,1,21,false,5
HG_009,FAM,RO,ADL-1,2026-05-27,259.82,1,21,false,5
HG_009,FAM,RO,ADL-1,2026-05-28,259.99,1,21,false,5
HG_009,FAM,RO,ADL-1,2026-05-29,259.31,1,21,false,5
HG_009,FAM,RO,ADL-1,2026-05-30,302.28,1,21,false,5
HG_009,FAM,RO,ADL-1,2026-05-31,291.11,3,21,false,5
HG_009,FAM,RO,ADL-1,2026-06-01,311.80,3,21,false,5
HG_009,FAM,RO,ADL-1,2026-06-02,269.17,3,21,false,5
HG_009,FAM,RO,ADL-1,2026-06-03,294.72,3,21,false,5
HG_009,FAM,RO,ADL-1,2026-06-04,298.43,3,21,false,5
HG_009,FAM,RO,ADL-1,2026-06-05,273.88,3,21,false,5
HG_009,FAM,RO,ADL-1,2026-06-06,296.90,3,21,false,5
HG_009,FAM,RO,ADL-1,2026-06-07,319.17,3,21,false,5
HG_009,FAM,RO,ADL-1,2026-06-08,281.70,3,21,false,5
HG_009,FAM,RO,ADL-1,2026-06-09,274.78,3,21,false,5
HG_009,FAM,RO,ADL-1,2026-06-10,302.76,3,21,false,5
HG_009,FAM,RO,ADL-1,2026-06-11,318.05,3,21,false,5
HG_009,FAM,RO,ADL-1,2026-06-12,297.37,3,21,false,5
HG_009,FAM,RO,ADL-1,2026-06-13,337.97,3,21,false,5
HG_009,FAM,RO,ADL-1,2026-06-14,278.19,3,21,false,5
HG_009,FAM,RO,ADL-1,2026-06-15,294.17,1,21,false,5
HG_009,FAM,RO,ADL-1,2026-06-16,318.63,1,21,false,5
HG_009,FAM,RO,ADL-1,2026-06-17,309.53,1,21,false,5
HG_009,FAM,RO,ADL-1,2026-06-18,320.24,1,21,false,5
HG_009,FAM,RO,ADL-1,2026-06-19,316.63,1,21,false,5
HG_009,FAM,RO,ADL-1,2026-06-20,353.13,1,21,false,5
HG_009,FAM,RO,ADL-1,2026-06-21,321.92,1,21,false,5
HG_009,FAM,RO,ADL-1,2026-06-22,279.84,1,21,false,5
HG_009,FAM,RO,ADL-1,2026-06-23,293.43,1,21,false,5
HG_009,FAM,RO,ADL-1,2026-06-24,307.87,1,21,false,5
HG_009,FAM,RO,ADL-1,2026-06-25,268.96,1,21,false,5
HG_009,FAM,RO,ADL-1,2026-06-26,296.76,1,21,false,5
HG_009,FAM,RO,ADL-1,2026-06-27,314.64,1,21,false,5
HG_009,FAM,RO,ADL-1,2026-06-28,299.80,1,21,false,5
HG_009,FAM,RO,ADL-1,2026-06-29,275.77,1,21,false,5
HG_009,JS,RO,ADL-1,2026-05-01,286.96,3,21,false,5
HG_009,JS,RO,ADL-1,2026-05-02,338.62,3,21,false,5
HG_009,JS,RO,ADL-1,2026-05-03,351.75,3,21,false,5
HG_009,JS,RO,ADL-1,2026-05-04,312.50,3,21,false,5
HG_009,JS,RO,ADL-1,2026-05-05,324.51,3,21,false,5
HG_009,JS,RO,ADL-1,2026-05-06,297.18,3,21,false,5
HG_009,JS,RO,ADL-1,2026-05-07,298.16,3,21,false,5
HG_009,JS,RO,ADL-1,2026-05-08,293.05,3,21,false,5
HG_009,JS,RO,ADL-1,2026-05-09,342.37,3,21,false,5
HG_009,JS,RO,ADL-1,2026-05-10,322.21,3,21,false,5
HG_009,JS,RO,ADL-1,2026-05-11,284.95,3,21,false,5
HG_009,JS,RO,ADL-1,2026-05-12,276.73,3,21,false,5
HG_009,JS,RO,ADL-1,2026-05-13,285.79,3,21,false,5
HG_009,JS,RO,ADL-1,2026-05-14,307.00,3,21,false,5
HG_009,JS,RO,ADL-1,2026-05-15,303.19,3,21,false,5
HG_009,JS,RO,ADL-1,2026-05-16,308.75,1,21,false,5
HG_009,JS,RO,ADL-1,2026-05-17,330.34,1,21,false,5
HG_009,JS,RO,ADL-1,2026-05-18,307.18,1,21,false,5
HG_009,JS,RO,ADL-1,2026-05-19,296.23,1,21,false,5
HG_009,JS,RO,ADL-1,2026-05-20,313.92,1,21,false,5
HG_009,JS,RO,ADL-1,2026-05-21,334.86,1,21,false,5
HG_009,JS,RO,ADL-1,2026-05-22,324.02,1,21,false,5
HG_009,JS,RO,ADL-1,2026-05-23,347.22,1,21,false,5
HG_009,JS,RO,ADL-1,2026-05-24,348.57,1,21,false,5
HG_009,JS,RO,ADL-1,2026-05-25,298.80,1,21,false,5
HG_009,JS,RO,ADL-1,2026-05-26,304.78,1,21,false,5
HG_009,JS,RO,ADL-1,2026-05-27,279.65,1,21,false,5
HG_009,JS,RO,ADL-1,2026-05-28,305.67,1,21,false,5
HG_009,JS,RO,ADL-1,2026-05-29,325.67,1,21,false,5
HG_009,JS,RO,ADL-1,2026-05-30,339.85,1,21,false,5
HG_009,JS,RO,ADL-1,2026-05-31,331.82,3,21,false,5
HG_009,JS,RO,ADL-1,2026-06-01,304.13,3,21,false,5
HG_009,JS,RO,ADL-1,2026-06-02,301.98,3,21,false,5
HG_009,JS,RO,ADL-1,2026-06-03,337.06,3,21,false,5
HG_009,JS,RO,ADL-1,2026-06-04,308.37,3,21,false,5
HG_009,JS,RO,ADL-1,2026-06-05,325.15,3,21,false,5
HG_009,JS,RO,ADL-1,2026-06-06,361.80,3,21,false,5
HG_009,JS,RO,ADL-1,2026-06-07,340.88,3,21,false,5
HG_009,JS,RO,ADL-1,2026-06-08,302.11,3,21,false,5
HG_009,JS,RO,ADL-1,2026-06-09,327.41,3,21,false,5
HG_009,JS,RO,ADL-1,2026-06-10,286.48,3,21,false,5
HG_009,JS,RO,ADL-1,2026-06-11,328.88,3,21,false,5
HG_009,JS,RO,ADL-1,2026-06-12,333.85,3,21,false,5
HG_009,JS,RO,ADL-1,2026-06-13,342.25,3,21,false,5
HG_009,JS,RO,ADL-1,2026-06-14,318.49,3,21,false,5
HG_009,JS,RO,ADL-1,2026-06-15,354.39,1,21,false,5
HG_009,JS,RO,ADL-1,2026-06-16,359.37,1,21,false,5
HG_009,JS,RO,ADL-1,2026-06-17,328.26,1,21,false,5
HG_009,JS,RO,ADL-1,2026-06-18,349.87,1,21,false,5
HG_009,JS,RO,ADL-1,2026-06-19,308.98,1,21,false,5
HG_009,JS,RO,ADL-1,2026-06-20,335.82,1,21,false,5
HG_009,JS,RO,ADL-1,2026-06-21,371.21,1,21,false,5
HG_009,JS,RO,ADL-1,2026-06-22,299.75,1,21,false,5
HG_009,JS,RO,ADL-1,2026-06-23,308.42,1,21,false,5
HG_009,JS,RO,ADL-1,2026-06-24,346.05,1,21,false,5
HG_009,JS,RO,ADL-1,2026-06-25,323.43,1,21,false,5
HG_009,JS,RO,ADL-1,2026-06-26,358.49,1,21,false,5
HG_009,JS,RO,ADL-1,2026-06-27,323.89,1,21,false,5
HG_009,JS,RO,ADL-1,2026-06-28,358.05,1,21,false,5
HG_009,JS,RO,ADL-1,2026-06-29,315.99,1,21,false,5
HG_010,DBL,RO,ADL-1,2026-05-01,237.21,1,21,false,6
HG_010,DBL,RO,ADL-1,2026-05-02,230.84,1,21,false,6
HG_010,DBL,RO,ADL-1,2026-05-03,235.59,1,21,false,6
HG_010,DBL,RO,ADL-1,2026-05-04,253.78,1,21,false,6
HG_010,DBL,RO,ADL-1,2026-05-05,219.68,1,21,false,6
HG_010,DBL,RO,ADL-1,2026-05-06,225.19,1,21,false,6
HG_010,DBL,RO,ADL-1,2026-05-07,251.05,1,21,false,6
HG_010,DBL,RO,ADL-1,2026-05-08,230.79,1,21,false,6
HG_010,DBL,RO,ADL-1,2026-05-09,253.81,1,21,false,6
HG_010,DBL,RO,ADL-1,2026-05-10,234.86,1,21,false,6
HG_010,DBL,RO,ADL-1,2026-05-11,253.21,1,21,false,6
HG_010,DBL,RO,ADL-1,2026-05-12,213.41,1,21,false,6
HG_010,DBL,RO,ADL-1,2026-05-13,248.50,1,21,false,6
HG_010,DBL,RO,ADL-1,2026-05-14,214.30,1,21,false,6
HG_010,DBL,RO,ADL-1,2026-05-15,207.04,1,21,false,6
HG_010,DBL,RO,ADL-1,2026-05-16,258.61,1,21,false,6
HG_010,DBL,RO,ADL-1,2026-05-17,234.95,1,21,false,6
HG_010,DBL,RO,ADL-1,2026-05-18,245.89,1,21,false,6
HG_010,DBL,RO,ADL-1,2026-05-19,255.85,1,21,false,6
HG_010,DBL,RO,ADL-1,2026-05-20,225.96,1,21,false,6
HG_010,DBL,RO,ADL-1,2026-05-21,215.11,1,21,false,6
HG_010,DBL,RO,ADL-1,2026-05-22,221.52,1,21,false,6
HG_010,DBL,RO,ADL-1,2026-05-23,281.33,1,21,false,6
HG_010,DBL,RO,ADL-1,2026-05-24,277.18,1,21,false,6
HG_010,DBL,RO,ADL-1,2026-05-25,213.66,1,21,false,6
HG_010,DBL,RO,ADL-1,2026-05-26,252.48,1,21,false,6
HG_010,DBL,RO,ADL-1,2026-05-27,236.65,1,21,false,6
HG_010,DBL,RO,ADL-1,2026-05-28,253.81,1,21,false,6
HG_010,DBL,RO,ADL-1,2026-05-29,227.12,1,21,false,6
HG_010,DBL,RO,ADL-1,2026-05-30,263.93,1,21,false,6
HG_010,DBL,RO,ADL-1,2026-05-31,298.87,1,21,false,6
HG_010,DBL,RO,ADL-1,2026-06-01,255.50,1,21,false,6
HG_010,DBL,RO,ADL-1,2026-06-02,248.35,1,21,false,6
HG_010,DBL,RO,ADL-1,2026-06-03,240.95,1,21,false,6
HG_010,DBL,RO,ADL-1,2026-06-04,252.88,1,21,false,6
HG_010,DBL,RO,ADL-1,2026-06-05,268.48,1,21,false,6
HG_010,DBL,RO,ADL-1,2026-06-06,265.54,1,21,false,6
HG_010,DBL,RO,ADL-1,2026-06-07,265.78,1,21,false,6
HG_010,DBL,RO,ADL-1,2026-06-08,274.50,1,21,false,6
HG_010,DBL,RO,ADL-1,2026-06-09,273.49,1,21,false,6
HG_010,DBL,RO,ADL-1,2026-06-10,260.72,1,21,false,6
HG_010,DBL,RO,ADL-1,2026-06-11,238.61,1,21,false,6
HG_010,DBL,RO,ADL-1,2026-06-12,234.42,1,21,false,6
HG_010,DBL,RO,ADL-1,2026-06-13,299.36,1,21,false,6
HG_010,DBL,RO,ADL-1,2026-06-14,240.99,1,21,false,6
HG_010,DBL,RO,ADL-1,2026-06-15,287.40,1,21,false,6
HG_010,DBL,RO,ADL-1,2026-06-16,244.18,1,21,false,6
HG_010,DBL,RO,ADL-1,2026-06-17,289.27,1,21,false,6
HG_010,DBL,RO,ADL-1,2026-06-18,280.60,1,21,false,6
HG_010,DBL,RO,ADL-1,2026-06-19,276.87,1,21,false,6
HG_010,DBL,RO,ADL-1,2026-06-20,255.38,1,21,false,6
HG_010,DBL,RO,ADL-1,2026-06-21,278.95,1,21,false,6
HG_010,DBL,RO,ADL-1,2026-06-22,279.40,1,21,false,6
HG_010,DBL,RO,ADL-1,2026-06-23,244.94,1,21,false,6
HG_010,DBL,RO,ADL-1,2026-06-24,245.78,1,21,false,6
HG_010,DBL,RO,ADL-1,2026-06-25,245.20,1,21,false,6
HG_010,DBL,RO,ADL-1,2026-06-26,275.10,1,21,false,6
HG_010,DBL,RO,ADL-1,2026-06-27,289.42,1,21,false,6
HG_010,DBL,RO,ADL-1,2026-06-28,257.04,1,21,false,6
HG_010,DBL,RO,ADL-1,2026-06-29,268.66,1,21,false,6
HG_010,DBL,RO,ADL-2,2026-05-01,229.25,1,21,false,6
HG_010,DBL,RO,ADL-2,2026-05-02,264.95,1,21,false,6
HG_010,DBL,RO,ADL-2,2026-05-03,237.28,1,21,false,6
HG_010,DBL,RO,ADL-2,2026-05-04,242.54,1,21,false,6
HG_010,DBL,RO,ADL-2,2026-05-05,216.51,1,21,false,6
HG_010,DBL,RO,ADL-2,2026-05-06,238.73,1,21,false,6
HG_010,DBL,RO,ADL-2,2026-05-07,224.83,1,21,false,6
HG_010,DBL,RO,ADL-2,2026-05-08,251.51,1,21,false,6
HG_010,DBL,RO,ADL-2,2026-05-09,245.17,1,21,false,6
HG_010,DBL,RO,ADL-2,2026-05-10,239.20,1,21,false,6
HG_010,DBL,RO,ADL-2,2026-05-11,214.11,1,21,false,6
HG_010,DBL,RO,ADL-2,2026-05-12,239.00,1,21,false,6
HG_010,DBL,RO,ADL-2,2026-05-13,207.78,1,21,false,6
HG_010,DBL,RO,ADL-2,2026-05-14,221.59,1,21,false,6
HG_010,DBL,RO,ADL-2,2026-05-15,207.15,1,21,false,6
HG_010,DBL,RO,ADL-2,2026-05-16,251.20,1,21,false,6
HG_010,DBL,RO,ADL-2,2026-05-17,258.32,1,21,false,6
HG_010,DBL,RO,ADL-2,2026-05-18,218.09,1,21,false,6
HG_010,DBL,RO,ADL-2,2026-05-19,217.95,1,21,false,6
HG_010,DBL,RO,ADL-2,2026-05-20,257.85,1,21,false,6
HG_010,DBL,RO,ADL-2,2026-05-21,232.39,1,21,false,6
HG_010,DBL,RO,ADL-2,2026-05-22,243.82,1,21,false,6
HG_010,DBL,RO,ADL-2,2026-05-23,236.18,1,21,false,6
HG_010,DBL,RO,ADL-2,2026-05-24,237.33,1,21,false,6
HG_010,DBL,RO,ADL-2,2026-05-25,223.72,1,21,false,6
HG_010,DBL,RO,ADL-2,2026-05-26,238.19,1,21,false,6
HG_010,DBL,RO,ADL-2,2026-05-27,230.23,1,21,false,6
HG_010,DBL,RO,ADL-2,2026-05-28,245.17,1,21,false,6
HG_010,DBL,RO,ADL-2,2026-05-29,239.96,1,21,false,6
HG_010,DBL,RO,ADL-2,2026-05-30,265.23,1,21,false,6
HG_010,DBL,RO,ADL-2,2026-05-31,270.62,1,21,false,6
HG_010,DBL,RO,ADL-2,2026-06-01,271.56,1,21,false,6
HG_010,DBL,RO,ADL-2,2026-06-02,260.42,1,21,false,6
HG_010,DBL,RO,ADL-2,2026-06-03,248.11,1,21,false,6
HG_010,DBL,RO,ADL-2,2026-06-04,269.78,1,21,false,6
HG_010,DBL,RO,ADL-2,2026-06-05,247.23,1,21,false,6
HG_010,DBL,RO,ADL-2,2026-06-06,272.87,1,21,false,6
HG_010,DBL,RO,ADL-2,2026-06-07,278.16,1,21,false,6
HG_010,DBL,RO,ADL-2,2026-06-08,234.50,1,21,false,6
HG_010,DBL,RO,ADL-2,2026-06-09,275.24,1,21,false,6
HG_010,DBL,RO,ADL-2,2026-06-10,225.81,1,21,false,6
HG_010,DBL,RO,ADL-2,2026-06-11,236.23,1,21,false,6
HG_010,DBL,RO,ADL-2,2026-06-12,235.60,1,21,false,6
HG_010,DBL,RO,ADL-2,2026-06-13,250.43,1,21,false,6
HG_010,DBL,RO,ADL-2,2026-06-14,254.66,1,21,false,6
HG_010,DBL,RO,ADL-2,2026-06-15,246.99,1,21,false,6
HG_010,DBL,RO,ADL-2,2026-06-16,255.07,1,21,false,6
HG_010,DBL,RO,ADL-2,2026-06-17,267.77,1,21,false,6
HG_010,DBL,RO,ADL-2,2026-06-18,244.40,1,21,false,6
HG_010,DBL,RO,ADL-2,2026-06-19,257.31,1,21,false,6
HG_010,DBL,RO,ADL-2,2026-06-20,260.33,1,21,false,6
HG_010,DBL,RO,ADL-2,2026-06-21,261.23,1,21,false,6
HG_010,DBL,RO,ADL-2,2026-06-22,274.03,1,21,false,6
HG_010,DBL,RO,ADL-2,2026-06-23,260.74,1,21,false,6
HG_010,DBL,RO,ADL-2,2026-06-24,231.29,1,21,false,6
HG_010,DBL,RO,ADL-2,2026-06-25,238.90,1,21,false,6
HG_010,DBL,RO,ADL-2,2026-06-26,246.32,1,21,false,6
HG_010,DBL,RO,ADL-2,2026-06-27,283.69,1,21,false,6
HG_010,DBL,RO,ADL-2,2026-06-28,285.82,1,21,false,6
HG_010,DBL,RO,ADL-2,2026-06-29,273.65,1,21,false,6
HG_010,DBL,BB,ADL-1,2026-05-01,256.31,1,21,false,6
HG_010,DBL,BB,ADL-1,2026-05-02,247.10,1,21,false,6
HG_010,DBL,BB,ADL-1,2026-05-03,250.52,1,21,false,6
HG_010,DBL,BB,ADL-1,2026-05-04,267.59,1,21,false,6
HG_010,DBL,BB,ADL-1,2026-05-05,259.71,1,21,false,6
HG_010,DBL,BB,ADL-1,2026-05-06,252.95,1,21,false,6
HG_010,DBL,BB,ADL-1,2026-05-07,238.34,1,21,false,6
HG_010,DBL,BB,ADL-1,2026-05-08,269.31,1,21,false,6
HG_010,DBL,BB,ADL-1,2026-05-09,243.88,1,21,false,6
HG_010,DBL,BB,ADL-1,2026-05-10,271.19,1,21,false,6
HG_010,DBL,BB,ADL-1,2026-05-11,259.96,1,21,false,6
HG_010,DBL,BB,ADL-1,2026-05-12,261.94,1,21,false,6
HG_010,DBL,BB,ADL-1,2026-05-13,245.94,1,21,false,6
HG_010,DBL,BB,ADL-1,2026-05-14,254.71,1,21,false,6
HG_010,DBL,BB,ADL-1,2026-05-15,261.14,1,21,false,6
HG_010,DBL,BB,ADL-1,2026-05-16,286.79,1,21,false,6
HG_010,DBL,BB,ADL-1,2026-05-17,298.11,1,21,false,6
HG_010,DBL,BB,ADL-1,2026-05-18,235.42,1,21,false,6
HG_010,DBL,BB,ADL-1,2026-05-19,265.35,1,21,false,6
HG_010,DBL,BB,ADL-1,2026-05-20,225.70,1,21,false,6
HG_010,DBL,BB,ADL-1,2026-05-21,262.10,1,21,false,6
HG_010,DBL,BB,ADL-1,2026-05-22,232.62,1,21,false,6
HG_010,DBL,BB,ADL-1,2026-05-23,251.81,1,21,false,6
HG_010,DBL,BB,ADL-1,2026-05-24,303.66,1,21,false,6
HG_010,DBL,BB,ADL-1,2026-05-25,271.47,1,21,false,6
HG_010,DBL,BB,ADL-1,2026-05-26,253.89,1,21,false,6
HG_010,DBL,BB,ADL-1,2026-05-27,244.63,1,21,false,6
HG_010,DBL,BB,ADL-1,2026-05-28,229.95,1,21,false,6
HG_010,DBL,BB,ADL-1,2026-05-29,246.22,1,21,false,6
HG_010,DBL,BB,ADL-1,2026-05-30,250.76,1,21,false,6
HG_010,DBL,BB,ADL-1,2026-05-31,256.36,1,21,false,6
HG_010,DBL,BB,ADL-1,2026-06-01,266.13,1,21,false,6
HG_010,DBL,BB,ADL-1,2026-06-02,280.22,1,21,false,6
HG_010,DBL,BB,ADL-1,2026-06-03,269.84,1,21,false,6
HG_010,DBL,BB,ADL-1,2026-06-04,261.20,1,21,false,6
HG_010,DBL,BB,ADL-1,2026-06-05,253.41,1,21,false,6
HG_010,DBL,BB,ADL-1,2026-06-06,265.11,1,21,false,6
HG_010,DBL,BB,ADL-1,2026-06-07,295.92,1,21,false,6
HG_010,DBL,BB,ADL-1,2026-06-08,294.21,1,21,false,6
HG_010,DBL,BB,ADL-1,2026-06-09,247.04,1,21,false,6
HG_010,DBL,BB,ADL-1,2026-06-10,247.01,1,21,false,6
HG_010,DBL,BB,ADL-1,2026-06-11,236.40,1,21,false,6
HG_010,DBL,BB,ADL-1,2026-06-12,270.11,1,21,false,6
HG_010,DBL,BB,ADL-1,2026-06-13,262.65,1,21,false,6
HG_010,DBL,BB,ADL-1,2026-06-14,277.60,1,21,false,6
HG_010,DBL,BB,ADL-1,2026-06-15,274.83,1,21,false,6
HG_010,DBL,BB,ADL-1,2026-06-16,273.89,1,21,false,6
HG_010,DBL,BB,ADL-1,2026-06-17,255.18,1,21,false,6
HG_010,DBL,BB,ADL-1,2026-06-18,254.69,1,21,false,6
HG_010,DBL,BB,ADL-1,2026-06-19,280.96,1,21,false,6
HG_010,DBL,BB,ADL-1,2026-06-20,328.91,1,21,false,6
HG_010,DBL,BB,ADL-1,2026-06-21,275.62,1,21,false,6
HG_010,DBL,BB,ADL-1,2026-06-22,278.01,1,21,false,6
HG_010,DBL,BB,ADL-1,2026-06-23,286.63,1,21,false,6
HG_010,DBL,BB,ADL-1,2026-06-24,276.52,1,21,false,6
HG_010,DBL,BB,ADL-1,2026-06-25,250.96,1,21,false,6
HG_010,DBL,BB,ADL-1,2026-06-26,257.27,1,21,false,6
HG_010,DBL,BB,ADL-1,2026-06-27,289.87,1,21,false,6
HG_010,DBL,BB,ADL-1,2026-06-28,282.65,1,21,false,6
HG_010,DBL,BB,ADL-1,2026-06-29,299.16,1,21,false,6
HG_010,DBL,BB,ADL-2,2026-05-01,248.32,1,21,false,6
HG_010,DBL,BB,ADL-2,2026-05-02,249.94,1,21,false,6
HG_010,DBL,BB,ADL-2,2026-05-03,255.47,1,21,false,6
HG_010,DBL,BB,ADL-2,2026-05-04,223.87,1,21,false,6
HG_010,DBL,BB,ADL-2,2026-05-05,222.60,1,21,false,6
HG_010,DBL,BB,ADL-2,2026-05-06,231.43,1,21,false,6
HG_010,DBL,BB,ADL-2,2026-05-07,235.25,1,21,false,6
HG_010,DBL,BB,ADL-2,2026-05-08,249.73,1,21,false,6
HG_010,DBL,BB,ADL-2,2026-05-09,272.91,1,21,false,6
HG_010,DBL,BB,ADL-2,2026-05-10,279.47,1,21,false,6
HG_010,DBL,BB,ADL-2,2026-05-11,261.44,1,21,false,6
HG_010,DBL,BB,ADL-2,2026-05-12,268.41,1,21,false,6
HG_010,DBL,BB,ADL-2,2026-05-13,253.86,1,21,false,6
HG_010,DBL,BB,ADL-2,2026-05-14,226.08,1,21,false,6
HG_010,DBL,BB,ADL-2,2026-05-15,261.40,1,21,false,6
HG_010,DBL,BB,ADL-2,2026-05-16,249.03,1,21,false,6
HG_010,DBL,BB,ADL-2,2026-05-17,304.41,1,21,false,6
HG_010,DBL,BB,ADL-2,2026-05-18,237.04,1,21,false,6
HG_010,DBL,BB,ADL-2,2026-05-19,229.15,1,21,false,6
HG_010,DBL,BB,ADL-2,2026-05-20,238.75,1,21,false,6
HG_010,DBL,BB,ADL-2,2026-05-21,227.00,1,21,false,6
HG_010,DBL,BB,ADL-2,2026-05-22,262.91,1,21,false,6
HG_010,DBL,BB,ADL-2,2026-05-23,263.49,1,21,false,6
HG_010,DBL,BB,ADL-2,2026-05-24,257.55,1,21,false,6
HG_010,DBL,BB,ADL-2,2026-05-25,244.54,1,21,false,6
HG_010,DBL,BB,ADL-2,2026-05-26,251.09,1,21,false,6
HG_010,DBL,BB,ADL-2,2026-05-27,261.89,1,21,false,6
HG_010,DBL,BB,ADL-2,2026-05-28,258.56,1,21,false,6
HG_010,DBL,BB,ADL-2,2026-05-29,261.07,1,21,false,6
HG_010,DBL,BB,ADL-2,2026-05-30,302.89,1,21,false,6
HG_010,DBL,BB,ADL-2,2026-05-31,305.58,1,21,false,6
HG_010,DBL,BB,ADL-2,2026-06-01,293.28,1,21,false,6
HG_010,DBL,BB,ADL-2,2026-06-02,267.10,1,21,false,6
HG_010,DBL,BB,ADL-2,2026-06-03,285.51,1,21,false,6
HG_010,DBL,BB,ADL-2,2026-06-04,248.10,1,21,false,6
HG_010,DBL,BB,ADL-2,2026-06-05,285.57,1,21,false,6
HG_010,DBL,BB,ADL-2,2026-06-06,315.73,1,21,false,6
HG_010,DBL,BB,ADL-2,2026-06-07,267.86,1,21,false,6
HG_010,DBL,BB,ADL-2,2026-06-08,285.81,1,21,false,6
HG_010,DBL,BB,ADL-2,2026-06-09,260.37,1,21,false,6
HG_010,DBL,BB,ADL-2,2026-06-10,287.37,1,21,false,6
HG_010,DBL,BB,ADL-2,2026-06-11,286.64,1,21,false,6
HG_010,DBL,BB,ADL-2,2026-06-12,254.94,1,21,false,6
HG_010,DBL,BB,ADL-2,2026-06-13,268.17,1,21,false,6
HG_010,DBL,BB,ADL-2,2026-06-14,262.24,1,21,false,6
HG_010,DBL,BB,ADL-2,2026-06-15,254.25,1,21,false,6
HG_010,DBL,BB,ADL-2,2026-06-16,289.51,1,21,false,6
HG_010,DBL,BB,ADL-2,2026-06-17,280.59,1,21,false,6
HG_010,DBL,BB,ADL-2,2026-06-18,275.67,1,21,false,6
HG_010,DBL,BB,ADL-2,2026-06-19,249.95,1,21,false,6
HG_010,DBL,BB,ADL-2,2026-06-20,263.91,1,21,false,6
HG_010,DBL,BB,ADL-2,2026-06-21,293.70,1,21,false,6
HG_010,DBL,BB,ADL-2,2026-06-22,258.90,1,21,false,6
HG_010,DBL,BB,ADL-2,2026-06-23,298.96,1,21,false,6
HG_010,DBL,BB,ADL-2,2026-06-24,250.60,1,21,false,6
HG_010,DBL,BB,ADL-2,2026-06-25,278.42,1,21,false,6
HG_010,DBL,BB,ADL-2,2026-06-26,284.95,1,21,false,6
HG_010,DBL,BB,ADL-2,2026-06-27,320.17,1,21,false,6
HG_010,DBL,BB,ADL-2,2026-06-28,320.24,1,21,false,6
HG_010,DBL,BB,ADL-2,2026-06-29,301.90,1,21,false,6
HG_010,SGL,RO,ADL-1,2026-05-01,271.64,1,21,false,6
HG_010,SGL,RO,ADL-1,2026-05-02,278.81,1,21,false,6
HG_010,SGL,RO,ADL-1,2026-05-03,248.02,1,21,false,6
HG_010,SGL,RO,ADL-1,2026-05-04,268.90,1,21,false,6
HG_010,SGL,RO,ADL-1,2026-05-05,274.76,1,21,false,6
HG_010,SGL,RO,ADL-1,2026-05-06,283.96,1,21,false,6
HG_010,SGL,RO,ADL-1,2026-05-07,236.03,1,21,false,6
HG_010,SGL,RO,ADL-1,2026-05-08,260.47,1,21,false,6
HG_010,SGL,RO,ADL-1,2026-05-09,248.17,1,21,false,6
HG_010,SGL,RO,ADL-1,2026-05-10,279.91,1,21,false,6
HG_010,SGL,RO,ADL-1,2026-05-11,268.03,1,21,false,6
HG_010,SGL,RO,ADL-1,2026-05-12,269.97,1,21,false,6
HG_010,SGL,RO,ADL-1,2026-05-13,280.42,1,21,false,6
HG_010,SGL,RO,ADL-1,2026-05-14,241.55,1,21,false,6
HG_010,SGL,RO,ADL-1,2026-05-15,272.24,1,21,false,6
HG_010,SGL,RO,ADL-1,2026-05-16,298.29,1,21,false,6
HG_010,SGL,RO,ADL-1,2026-05-17,294.48,1,21,false,6
HG_010,SGL,RO,ADL-1,2026-05-18,293.03,1,21,false,6
HG_010,SGL,RO,ADL-1,2026-05-19,257.78,1,21,false,6
HG_010,SGL,RO,ADL-1,2026-05-20,272.35,1,21,false,6
HG_010,SGL,RO,ADL-1,2026-05-21,258.97,1,21,false,6
HG_010,SGL,RO,ADL-1,2026-05-22,273.70,1,21,false,6
HG_010,SGL,RO,ADL-1,2026-05-23,297.48,1,21,false,6
HG_010,SGL,RO,ADL-1,2026-05-24,292.18,1,21,false,6
HG_010,SGL,RO,ADL-1,2026-05-25,274.52,1,21,false,6
HG_010,SGL,RO,ADL-1,2026-05-26,289.70,1,21,false,6
HG_010,SGL,RO,ADL-1,2026-05-27,270.51,1,21,false,6
HG_010,SGL,RO,ADL-1,2026-05-28,280.30,1,21,false,6
HG_010,SGL,RO,ADL-1,2026-05-29,287.57,1,21,false,6
HG_010,SGL,RO,ADL-1,2026-05-30,313.90,1,21,false,6
HG_010,SGL,RO,ADL-1,2026-05-31,296.49,1,21,false,6
HG_010,SGL,RO,ADL-1,2026-06-01,272.81,1,21,false,6
HG_010,SGL,RO,ADL-1,2026-06-02,310.48,1,21,false,6
HG_010,SGL,RO,ADL-1,2026-06-03,306.33,1,21,false,6
HG_010,SGL,RO,ADL-1,2026-06-04,270.19,1,21,false,6
HG_010,SGL,RO,ADL-1,2026-06-05,272.31,1,21,false,6
HG_010,SGL,RO,ADL-1,2026-06-06,311.65,1,21,false,6
HG_010,SGL,RO,ADL-1,2026-06-07,281.09,1,21,false,6
HG_010,SGL,RO,ADL-1,2026-06-08,289.50,1,21,false,6
HG_010,SGL,RO,ADL-1,2026-06-09,292.40,1,21,false,6
HG_010,SGL,RO,ADL-1,2026-06-10,295.55,1,21,false,6
HG_010,SGL,RO,ADL-1,2026-06-11,270.74,1,21,false,6
HG_010,SGL,RO,ADL-1,2026-06-12,289.60,1,21,false,6
HG_010,SGL,RO,ADL-1,2026-06-13,299.84,1,21,false,6
HG_010,SGL,RO,ADL-1,2026-06-14,298.33,1,21,false,6
HG_010,SGL,RO,ADL-1,2026-06-15,262.41,1,21,false,6
HG_010,SGL,RO,ADL-1,2026-06-16,258.25,1,21,false,6
HG_010,SGL,RO,ADL-1,2026-06-17,305.38,1,21,false,6
HG_010,SGL,RO,ADL-1,2026-06-18,286.32,1,21,false,6
HG_010,SGL,RO,ADL-1,2026-06-19,275.97,1,21,false,6
HG_010,SGL,RO,ADL-1,2026-06-20,285.84,1,21,false,6
HG_010,SGL,RO,ADL-1,2026-06-21,282.53,1,21,false,6
HG_010,SGL,RO,ADL-1,2026-06-22,264.09,1,21,false,6
HG_010,SGL,RO,ADL-1,2026-06-23,280.87,1,21,false,6
HG_010,SGL,RO,ADL-1,2026-06-24,301.04,1,21,false,6
HG_010,SGL,RO,ADL-1,2026-06-25,270.74,1,21,false,6
HG_010,SGL,RO,ADL-1,2026-06-26,310.10,1,21,false,6
HG_010,SGL,RO,ADL-1,2026-06-27,291.22,1,21,false,6
HG_010,SGL,RO,ADL-1,2026-06-28,339.96,1,21,false,6
HG_010,SGL,RO,ADL-1,2026-06-29,273.74,1,21,false,6
HG_010,SGL,RO,ADL-2,2026-05-01,236.05,1,21,false,6
HG_010,SGL,RO,ADL-2,2026-05-02,252.61,1,21,false,6
HG_010,SGL,RO,ADL-2,2026-05-03,279.69,1,21,false,6
HG_010,SGL,RO,ADL-2,2026-05-04,246.09,1,21,false,6
HG_010,SGL,RO,ADL-2,2026-05-05,262.18,1,21,false,6
HG_010,SGL,RO,ADL-2,2026-05-06,272.52,1,21,false,6
HG_010,SGL,RO,ADL-2,2026-05-07,247.24,1,21,false,6
HG_010,SGL,RO,ADL-2,2026-05-08,252.22,1,21,false,6
HG_010,SGL,RO,ADL-2,2026-05-09,263.55,1,21,false,6
HG_010,SGL,RO,ADL-2,2026-05-10,253.26,1,21,false,6
HG_010,SGL,RO,ADL-2,2026-05-11,269.95,1,21,false,6
HG_010,SGL,RO,ADL-2,2026-05-12,247.60,1,21,false,6
HG_010,SGL,RO,ADL-2,2026-05-13,251.90,1,21,false,6
HG_010,SGL,RO,ADL-2,2026-05-14,285.39,1,21,false,6
HG_010,SGL,RO,ADL-2,2026-05-15,241.49,1,21,false,6
HG_010,SGL,RO,ADL-2,2026-05-16,272.18,1,21,false,6
HG_010,SGL,RO,ADL-2,2026-05-17,275.77,1,21,false,6
HG_010,SGL,RO,ADL-2,2026-05-18,255.48,1,21,false,6
HG_010,SGL,RO,ADL-2,2026-05-19,289.24,1,21,false,6
HG_010,SGL,RO,ADL-2,2026-05-20,296.24,1,21,false,6
HG_010,SGL,RO,ADL-2,2026-05-21,259.21,1,21,false,6
HG_010,SGL,RO,ADL-2,2026-05-22,297.73,1,21,false,6
HG_010,SGL,RO,ADL-2,2026-05-23,272.44,1,21,false,6
HG_010,SGL,RO,ADL-2,2026-05-24,317.75,1,21,false,6
HG_010,SGL,RO,ADL-2,2026-05-25,247.57,1,21,false,6
HG_010,SGL,RO,ADL-2,2026-05-26,278.26,1,21,false,6
HG_010,SGL,RO,ADL-2,2026-05-27,259.87,1,21,false,6
HG_010,SGL,RO,ADL-2,2026-05-28,261.01,1,21,false,6
HG_010,SGL,RO,ADL-2,2026-05-29,283.07,1,21,false,6
HG_010,SGL,RO,ADL-2,2026-05-30,285.41,1,21,false,6
HG_010,SGL,RO,ADL-2,2026-05-31,332.81,1,21,false,6
HG_010,SGL,RO,ADL-2,2026-06-01,312.07,1,21,false,6
HG_010,SGL,RO,ADL-2,2026-06-02,298.83,1,21,false,6
HG_010,SGL,RO,ADL-2,2026-06-03,271.50,1,21,false,6
HG_010,SGL,RO,ADL-2,2026-06-04,287.55,1,21,false,6
HG_010,SGL,RO,ADL-2,2026-06-05,284.55,1,21,false,6
HG_010,SGL,RO,ADL-2,2026-06-06,316.88,1,21,false,6
HG_010,SGL,RO,ADL-2,2026-06-07,329.04,1,21,false,6
HG_010,SGL,RO,ADL-2,2026-06-08,262.65,1,21,false,6
HG_010,SGL,RO,ADL-2,2026-06-09,296.30,1,21,false,6
HG_010,SGL,RO,ADL-2,2026-06-10,251.73,1,21,false,6
HG_010,SGL,RO,ADL-2,2026-06-11,252.15,1,21,false,6
HG_010,SGL,RO,ADL-2,2026-06-12,296.52,1,21,false,6
HG_010,SGL,RO,ADL-2,2026-06-13,287.70,1,21,false,6
HG_010,SGL,RO,ADL-2,2026-06-14,310.86,1,21,false,6
HG_010,SGL,RO,ADL-2,2026-06-15,288.01,1,21,false,6
HG_010,SGL,RO,ADL-2,2026-06-16,289.37,1,21,false,6
HG_010,SGL,RO,ADL-2,2026-06-17,261.08,1,21,false,6
HG_010,SGL,RO,ADL-2,2026-06-18,311.01,1,21,false,6
HG_010,SGL,RO,ADL-2,2026-06-19,271.90,1,21,false,6
HG_010,SGL,RO,ADL-2,2026-06-20,301.12,1,21,false,6
HG_010,SGL,RO,ADL-2,2026-06-21,337.23,1,21,false,6
HG_010,SGL,RO,ADL-2,2026-06-22,274.79,1,21,false,6
HG_010,SGL,RO,ADL-2,2026-06-23,287.16,1,21,false,6
HG_010,SGL,RO,ADL-2,2026-06-24,319.08,1,21,false,6
HG_010,SGL,RO,ADL-2,2026-06-25,319.59,1,21,false,6
HG_010,SGL,RO,ADL-2,2026-06-26,272.02,1,21,false,6
HG_010,SGL,RO,ADL-2,2026-06-27,319.42,1,21,false,6
HG_010,SGL,RO,ADL-2,2026-06-28,302.39,1,21,false,6
HG_010,SGL,RO,ADL-2,2026-06-29,318.64,1,21,false,6
HG_010,SGL,BB,ADL-1,2026-05-01,247.33,1,21,false,6
HG_010,SGL,BB,ADL-1,2026-05-02,293.92,1,21,false,6
HG_010,SGL,BB,ADL-1,2026-05-03,287.09,1,21,false,6
HG_010,SGL,BB,ADL-1,2026-05-04,295.30,1,21,false,6
HG_010,SGL,BB,ADL-1,2026-05-05,295.39,1,21,false,6
HG_010,SGL,BB,ADL-1,2026-05-06,294.01,1,21,false,6
HG_010,SGL,BB,ADL-1,2026-05-07,280.37,1,21,false,6
HG_010,SGL,BB,ADL-1,2026-05-08,244.94,1,21,false,6
HG_010,SGL,BB,ADL-1,2026-05-09,322.23,1,21,false,6
HG_010,SGL,BB,ADL-1,2026-05-10,322.57,1,21,false,6
HG_010,SGL,BB,ADL-1,2026-05-11,302.11,1,21,false,6
HG_010,SGL,BB,ADL-1,2026-05-12,254.79,1,21,false,6
HG_010,SGL,BB,ADL-1,2026-05-13,300.08,1,21,false,6
HG_010,SGL,BB,ADL-1,2026-05-14,282.51,1,21,false,6
HG_010,SGL,BB,ADL-1,2026-05-15,264.89,1,21,false,6
HG_010,SGL,BB,ADL-1,2026-05-16,324.48,1,21,false,6
HG_010,SGL,BB,ADL-1,2026-05-17,296.33,1,21,false,6
HG_010,SGL,BB,ADL-1,2026-05-18,275.67,1,21,false,6
HG_010,SGL,BB,ADL-1,2026-05-19,266.32,1,21,false,6
HG_010,SGL,BB,ADL-1,2026-05-20,309.54,1,21,false,6
HG_010,SGL,BB,ADL-1,2026-05-21,273.63,1,21,false,6
HG_010,SGL,BB,ADL-1,2026-05-22,275.61,1,21,false,6
HG_010,SGL,BB,ADL-1,2026-05-23,311.16,1,21,false,6
HG_010,SGL,BB,ADL-1,2026-05-24,319.97,1,21,false,6
HG_010,SGL,BB,ADL-1,2026-05-25,289.86,1,21,false,6
HG_010,SGL,BB,ADL-1,2026-05-26,254.60,1,21,false,6
HG_010,SGL,BB,ADL-1,2026-05-27,281.55,1,21,false,6
HG_010,SGL,BB,ADL-1,2026-05-28,271.19,1,21,false,6
HG_010,SGL,BB,ADL-1,2026-05-29,262.09,1,21,false,6
HG_010,SGL,BB,ADL-1,2026-05-30,321.09,1,21,false,6
HG_010,SGL,BB,ADL-1,2026-05-31,323.52,1,21,false,6
HG_010,SGL,BB,ADL-1,2026-06-01,316.94,1,21,false,6
HG_010,SGL,BB,ADL-1,2026-06-02,324.01,1,21,false,6
HG_010,SGL,BB,ADL-1,2026-06-03,315.66,1,21,false,6
HG_010,SGL,BB,ADL-1,2026-06-04,278.55,1,21,false,6
HG_010,SGL,BB,ADL-1,2026-06-05,294.15,1,21,false,6
HG_010,SGL,BB,ADL-1,2026-06-06,338.08,1,21,false,6
HG_010,SGL,BB,ADL-1,2026-06-07,316.91,1,21,false,6
HG_010,SGL,BB,ADL-1,2026-06-08,297.77,1,21,false,6
HG_010,SGL,BB,ADL-1,2026-06-09,315.98,1,21,false,6
HG_010,SGL,BB,ADL-1,2026-06-10,314.47,1,21,false,6
HG_010,SGL,BB,ADL-1,2026-06-11,319.84,1,21,false,6
HG_010,SGL,BB,ADL-1,2026-06-12,317.43,1,21,false,6
HG_010,SGL,BB,ADL-1,2026-06-13,293.50,1,21,false,6
HG_010,SGL,BB,ADL-1,2026-06-14,315.73,1,21,false,6
HG_010,SGL,BB,ADL-1,2026-06-15,299.11,1,21,false,6
HG_010,SGL,BB,ADL-1,2026-06-16,336.43,1,21,false,6
HG_010,SGL,BB,ADL-1,2026-06-17,276.32,1,21,false,6
HG_010,SGL,BB,ADL-1,2026-06-18,284.99,1,21,false,6
HG_010,SGL,BB,ADL-1,2026-06-19,291.97,1,21,false,6
HG_010,SGL,BB,ADL-1,2026-06-20,303.78,1,21,false,6
HG_010,SGL,BB,ADL-1,2026-06-21,359.64,1,21,false,6
HG_010,SGL,BB,ADL-1,2026-06-22,278.53,1,21,false,6
HG_010,SGL,BB,ADL-1,2026-06-23,323.48,1,21,false,6
HG_010,SGL,BB,ADL-1,2026-06-24,292.70,1,21,false,6
HG_010,SGL,BB,ADL-1,2026-06-25,289.42,1,21,false,6
HG_010,SGL,BB,ADL-1,2026-06-26,310.52,1,21,false,6
HG_010,SGL,BB,ADL-1,2026-06-27,332.69,1,21,false,6
HG_010,SGL,BB,ADL-1,2026-06-28,291.83,1,21,false,6
HG_010,SGL,BB,ADL-1,2026-06-29,327.98,1,21,false,6
HG_010,SGL,BB,ADL-2,2026-05-01,304.07,1,21,false,6
HG_010,SGL,BB,ADL-2,2026-05-02,323.63,1,21,false,6
HG_010,SGL,BB,ADL-2,2026-05-03,305.07,1,21,false,6
HG_010,SGL,BB,ADL-2,2026-05-04,254.82,1,21,false,6
HG_010,SGL,BB,ADL-2,2026-05-05,265.82,1,21,false,6
HG_010,SGL,BB,ADL-2,2026-05-06,256.96,1,21,false,6
HG_010,SGL,BB,ADL-2,2026-05-07,263.92,1,21,false,6
HG_010,SGL,BB,ADL-2,2026-05-08,251.01,1,21,false,6
HG_010,SGL,BB,ADL-2,2026-05-09,283.21,1,21,false,6
HG_010,SGL,BB,ADL-2,2026-05-10,271.83,1,21,false,6
HG_010,SGL,BB,ADL-2,2026-05-11,259.22,1,21,false,6
HG_010,SGL,BB,ADL-2,2026-05-12,301.40,1,21,false,6
HG_010,SGL,BB,ADL-2,2026-05-13,303.46,1,21,false,6
HG_010,SGL,BB,ADL-2,2026-05-14,302.37,1,21,false,6
HG_010,SGL,BB,ADL-2,2026-05-15,282.09,1,21,false,6
HG_010,SGL,BB,ADL-2,2026-05-16,332.57,1,21,false,6
HG_010,SGL,BB,ADL-2,2026-05-17,301.24,1,21,false,6
HG_010,SGL,BB,ADL-2,2026-05-18,316.67,1,21,false,6
HG_010,SGL,BB,ADL-2,2026-05-19,261.91,1,21,false,6
HG_010,SGL,BB,ADL-2,2026-05-20,273.53,1,21,false,6
HG_010,SGL,BB,ADL-2,2026-05-21,264.92,1,21,false,6
HG_010,SGL,BB,ADL-2,2026-05-22,288.01,1,21,false,6
HG_010,SGL,BB,ADL-2,2026-05-23,316.15,1,21,false,6
HG_010,SGL,BB,ADL-2,2026-05-24,332.01,1,21,false,6
HG_010,SGL,BB,ADL-2,2026-05-25,279.60,1,21,false,6
HG_010,SGL,BB,ADL-2,2026-05-26,291.70,1,21,false,6
HG_010,SGL,BB,ADL-2,2026-05-27,304.07,1,21,false,6
HG_010,SGL,BB,ADL-2,2026-05-28,298.64,1,21,false,6
HG_010,SGL,BB,ADL-2,2026-05-29,280.86,1,21,false,6
HG_010,SGL,BB,ADL-2,2026-05-30,270.72,1,21,false,6
HG_010,SGL,BB,ADL-2,2026-05-31,299.20,1,21,false,6
HG_010,SGL,BB,ADL-2,2026-06-01,262.55,1,21,false,6
HG_010,SGL,BB,ADL-2,2026-06-02,267.59,1,21,false,6
HG_010,SGL,BB,ADL-2,2026-06-03,314.35,1,21,false,6
HG_010,SGL,BB,ADL-2,2026-06-04,325.60,1,21,false,6
HG_010,SGL,BB,ADL-2,2026-06-05,292.74,1,21,false,6
HG_010,SGL,BB,ADL-2,2026-06-06,318.60,1,21,false,6
HG_010,SGL,BB,ADL-2,2026-06-07,293.45,1,21,false,6
HG_010,SGL,BB,ADL-2,2026-06-08,301.32,1,21,false,6
HG_010,SGL,BB,ADL-2,2026-06-09,264.10,1,21,false,6
HG_010,SGL,BB,ADL-2,2026-06-10,299.80,1,21,false,6
HG_010,SGL,BB,ADL-2,2026-06-11,322.36,1,21,false,6
HG_010,SGL,BB,ADL-2,2026-06-12,323.44,1,21,false,6
HG_010,SGL,BB,ADL-2,2026-06-13,344.42,1,21,false,6
HG_010,SGL,BB,ADL-2,2026-06-14,347.26,1,21,false,6
HG_010,SGL,BB,ADL-2,2026-06-15,306.72,1,21,false,6
HG_010,SGL,BB,ADL-2,2026-06-16,333.12,1,21,false,6
HG_010,SGL,BB,ADL-2,2026-06-17,329.92,1,21,false,6
HG_010,SGL,BB,ADL-2,2026-06-18,300.60,1,21,false,6
HG_010,SGL,BB,ADL-2,2026-06-19,307.73,1,21,false,6
HG_010,SGL,BB,ADL-2,2026-06-20,345.46,1,21,false,6
HG_010,SGL,BB,ADL-2,2026-06-21,293.10,1,21,false,6
HG_010,SGL,BB,ADL-2,2026-06-22,329.84,1,21,false,6
HG_010,SGL,BB,ADL-2,2026-06-23,311.31,1,21,false,6
HG_010,SGL,BB,ADL-2,2026-06-24,322.22,1,21,false,6
HG_010,SGL,BB,ADL-2,2026-06-25,316.79,1,21,false,6
HG_010,SGL,BB,ADL-2,2026-06-26,337.77,1,21,false,6
HG_010,SGL,BB,ADL-2,2026-06-27,345.22,1,21,false,6
HG_010,SGL,BB,ADL-2,2026-06-28,303.13,1,21,false,6
HG_010,SGL,BB,ADL-2,2026-06-29,312.24,1,21,false,6
HG_011,DBL,RO,ADL-1,2026-05-01,253.54,2,21,false,2
HG_011,DBL,RO,ADL-1,2026-05-02,265.98,2,21,false,2
HG_011,DBL,RO,ADL-1,2026-05-03,272.85,2,21,false,2
HG_011,DBL,RO,ADL-1,2026-05-04,254.00,2,21,false,2
HG_011,DBL,RO,ADL-1,2026-05-05,249.11,2,21,false,2
HG_011,DBL,RO,ADL-1,2026-05-06,246.47,2,21,false,2
HG_011,DBL,RO,ADL-1,2026-05-07,251.68,2,21,false,2
HG_011,DBL,RO,ADL-1,2026-05-08,244.36,2,21,false,2
HG_011,DBL,RO,ADL-1,2026-05-09,273.01,2,21,false,2
HG_011,DBL,RO,ADL-1,2026-05-10,271.22,2,21,false,2
HG_011,DBL,RO,ADL-1,2026-05-11,246.16,2,21,false,2
HG_011,DBL,RO,ADL-1,2026-05-12,256.10,2,21,false,2
HG_011,DBL,RO,ADL-1,2026-05-13,249.47,2,21,false,2
HG_011,DBL,RO,ADL-1,2026-05-14,255.25,2,21,false,2
HG_011,DBL,RO,ADL-1,2026-05-15,254.00,2,21,false,2
HG_011,DBL,RO,ADL-1,2026-05-16,277.44,1,21,false,2
HG_011,DBL,RO,ADL-1,2026-05-17,283.83,1,21,false,2
HG_011,DBL,RO,ADL-1,2026-05-18,258.10,1,21,false,2
HG_011,DBL,RO,ADL-1,2026-05-19,261.64,1,21,false,2
HG_011,DBL,RO,ADL-1,2026-05-20,260.75,1,21,false,2
HG_011,DBL,RO,ADL-1,2026-05-21,261.62,1,21,false,2
HG_011,DBL,RO,ADL-1,2026-05-22,263.42,1,21,false,2
HG_011,DBL,RO,ADL-1,2026-05-23,284.28,1,21,false,2
HG_011,DBL,RO,ADL-1,2026-05-24,273.46,1,21,false,2
HG_011,DBL,RO,ADL-1,2026-05-25,256.13,1,21,false,2
HG_011,DBL,RO,ADL-1,2026-05-26,264.83,1,21,false,2
HG_011,DBL,RO,ADL-1,2026-05-27,266.42,1,21,false,2
HG_011,DBL,RO,ADL-1,2026-05-28,253.78,1,21,false,2
HG_011,DBL,RO,ADL-1,2026-05-29,254.94,1,21,false,2
HG_011,DBL,RO,ADL-1,2026-05-30,275.85,1,21,false,2
HG_011,DBL,RO,ADL-1,2026-05-31,289.28,2,21,false,2
HG_011,DBL,RO,ADL-1,2026-06-01,275.63,2,21,false,2
HG_011,DBL,RO,ADL-1,2026-06-02,268.85,2,21,false,2
HG_011,DBL,RO,ADL-1,2026-06-03,276.35,2,21,false,2
HG_011,DBL,RO,ADL-1,2026-06-04,265.15,2,21,false,2
HG_011,DBL,RO,ADL-1,2026-06-05,272.77,2,21,false,2
HG_011,DBL,RO,ADL-1,2026-06-06,291.39,2,21,false,2
HG_011,DBL,RO,ADL-1,2026-06-07,289.27,2,21,false,2
HG_011,DBL,RO,ADL-1,2026-06-08,263.83,2,21,false,2
HG_011,DBL,RO,ADL-1,2026-06-09,275.95,2,21,false,2
HG_011,DBL,RO,ADL-1,2026-06-10,264.88,2,21,false,2
HG_011,DBL,RO,ADL-1,2026-06-11,271.81,2,21,false,2
HG_011,DBL,RO,ADL-1,2026-06-12,267.46,2,21,false,2
HG_011,DBL,RO,ADL-1,2026-06-13,283.35,2,21,false,2
HG_011,DBL,RO,ADL-1,2026-06-14,291.59,2,21,false,2
HG_011,DBL,RO,ADL-1,2026-06-15,276.03,1,21,false,2
HG_011,DBL,RO,ADL-1,2026-06-16,282.63,1,21,false,2
HG_011,DBL,RO,ADL-1,2026-06-17,283.65,1,21,false,2
HG_011,DBL,RO,ADL-1,2026-06-18,283.83,1,21,false,2
HG_011,DBL,RO,ADL-1,2026-06-19,282.62,1,21,false,2
HG_011,DBL,RO,ADL-1,2026-06-20,294.46,1,21,false,2
HG_011,DBL,RO,ADL-1,2026-06-21,296.95,1,21,false,2
HG_011,DBL,RO,ADL-1,2026-06-22,286.37,1,21,false,2
HG_011,DBL,RO,ADL-1,2026-06-23,274.99,1,21,false,2
HG_011,DBL,RO,ADL-1,2026-06-24,277.80,1,21,false,2
HG_011,DBL,RO,ADL-1,2026-06-25,277.30,1,21,false,2
HG_011,DBL,RO,ADL-1,2026-06-26,274.51,1,21,false,2
HG_011,DBL,RO,ADL-1,2026-06-27,293.49,1,21,false,2
HG_011,DBL,RO,ADL-1,2026-06-28,297.95,1,21,false,2
HG_011,DBL,RO,ADL-1,2026-06-29,275.62,1,21,false,2
HG_011,DBL,BB,ADL-1,2026-05-01,266.91,2,21,false,2
HG_011,DBL,BB,ADL-1,2026-05-02,285.94,2,21,false,2
HG_011,DBL,BB,ADL-1,2026-05-03,278.51,2,21,false,2
HG_011,DBL,BB,ADL-1,2026-05-04,271.09,2,21,false,2
HG_011,DBL,BB,ADL-1,2026-05-05,265.48,2,21,false,2
HG_011,DBL,BB,ADL-1,2026-05-06,269.76,2,21,false,2
HG_011,DBL,BB,ADL-1,2026-05-07,262.94,2,21,false,2
HG_011,DBL,BB,ADL-1,2026-05-08,270.65,2,21,false,2
HG_011,DBL,BB,ADL-1,2026-05-09,287.40,2,21,false,2
HG_011,DBL,BB,ADL-1,2026-05-10,279.74,2,21,false,2
HG_011,DBL,BB,ADL-1,2026-05-11,270.29,2,21,false,2
HG_011,DBL,BB,ADL-1,2026-05-12,266.60,2,21,false,2
HG_011,DBL,BB,ADL-1,2026-05-13,263.96,2,21,false,2
HG_011,DBL,BB,ADL-1,2026-05-14,262.99,2,21,false,2
HG_011,DBL,BB,ADL-1,2026-05-15,263.42,2,21,false,2
HG_011,DBL,BB,ADL-1,2026-05-16,297.86,1,21,false,2
HG_011,DBL,BB,ADL-1,2026-05-17,301.54,1,21,false,2
HG_011,DBL,BB,ADL-1,2026-05-18,280.19,1,21,false,2
HG_011,DBL,BB,ADL-1,2026-05-19,271.18,1,21,false,2
HG_011,DBL,BB,ADL-1,2026-05-20,271.55,1,21,false,2
HG_011,DBL,BB,ADL-1,2026-05-21,268.49,1,21,false,2
HG_011,DBL,BB,ADL-1,2026-05-22,279.44,1,21,false,2
HG_011,DBL,BB,ADL-1,2026-05-23,288.79,1,21,false,2
HG_011,DBL,BB,ADL-1,2026-05-24,299.36,1,21,false,2
HG_011,DBL,BB,ADL-1,2026-05-25,270.99,1,21,false,2
HG_011,DBL,BB,ADL-1,2026-05-26,279.48,1,21,false,2
HG_011,DBL,BB,ADL-1,2026-05-27,280.82,1,21,false,2
HG_011,DBL,BB,ADL-1,2026-05-28,269.95,1,21,false,2
HG_011,DBL,BB,ADL-1,2026-05-29,273.10,1,21,false,2
HG_011,DBL,BB,ADL-1,2026-05-30,299.00,1,21,false,2
HG_011,DBL,BB,ADL-1,2026-05-31,304.15,2,21,false,2
HG_011,DBL,BB,ADL-1,2026-06-01,287.48,2,21,false,2
HG_011,DBL,BB,ADL-1,2026-06-02,290.94,2,21,false,2
HG_011,DBL,BB,ADL-1,2026-06-03,291.45,2,21,false,2
HG_011,DBL,BB,ADL-1,2026-06-04,285.50,2,21,false,2
HG_011,DBL,BB,ADL-1,2026-06-05,283.11,2,21,false,2
HG_011,DBL,BB,ADL-1,2026-06-06,308.59,2,21,false,2
HG_011,DBL,BB,ADL-1,2026-06-07,306.15,2,21,false,2
HG_011,DBL,BB,ADL-1,2026-06-08,280.90,2,21,false,2
HG_011,DBL,BB,ADL-1,2026-06-09,288.27,2,21,false,2
HG_011,DBL,BB,ADL-1,2026-06-10,278.23,2,21,false,2
HG_011,DBL,BB,ADL-1,2026-06-11,286.57,2,21,false,2
HG_011,DBL,BB,ADL-1,2026-06-12,285.57,2,21,false,2
HG_011,DBL,BB,ADL-1,2026-06-13,300.70,2,21,false,2
HG_011,DBL,BB,ADL-1,2026-06-14,309.12,2,21,false,2
HG_011,DBL,BB,ADL-1,2026-06-15,296.92,1,21,false,2
HG_011,DBL,BB,ADL-1,2026-06-16,297.37,1,21,false,2
HG_011,DBL,BB,ADL-1,2026-06-17,302.20,1,21,false,2
HG_011,DBL,BB,ADL-1,2026-06-18,290.24,1,21,false,2
HG_011,DBL,BB,ADL-1,2026-06-19,291.86,1,21,false,2
HG_011,DBL,BB,ADL-1,2026-06-20,320.17,1,21,false,2
HG_011,DBL,BB,ADL-1,2026-06-21,319.95,1,21,false,2
HG_011,DBL,BB,ADL-1,2026-06-22,294.18,1,21,false,2
HG_011,DBL,BB,ADL-1,2026-06-23,288.83,1,21,false,2
HG_011,DBL,BB,ADL-1,2026-06-24,294.03,1,21,false,2
HG_011,DBL,BB,ADL-1,2026-06-25,301.87,1,21,false,2
HG_011,DBL,BB,ADL-1,2026-06-26,296.62,1,21,false,2
HG_011,DBL,BB,ADL-1,2026-06-27,318.37,1,21,false,2
HG_011,DBL,BB,ADL-1,2026-06-28,315.17,1,21,false,2
HG_011,DBL,BB,ADL-1,2026-06-29,288.01,1,21,false,2
HG_011,DBL,HB,ADL-1,2026-05-01,277.50,2,21,false,2
HG_011,DBL,HB,ADL-1,2026-05-02,306.55,2,21,false,2
HG_011,DBL,HB,ADL-1,2026-05-03,298.59,2,21,false,2
HG_011,DBL,HB,ADL-1,2026-05-04,279.37,2,21,false,2
HG_011,DBL,HB,ADL-1,2026-05-05,286.70,2,21,false,2
HG_011,DBL,HB,ADL-1,2026-05-06,279.09,2,21,false,2
HG_011,DBL,HB,ADL-1,2026-05-07,279.56,2,21,false,2
HG_011,DBL,HB,ADL-1,2026-05-08,277.40,2,21,false,2
HG_011,DBL,HB,ADL-1,2026-05-09,305.84,2,21,false,2
HG_011,DBL,HB,ADL-1,2026-05-10,306.72,2,21,false,2
HG_011,DBL,HB,ADL-1,2026-05-11,281.90,2,21,false,2
HG_011,DBL,HB,ADL-1,2026-05-12,284.71,2,21,false,2
HG_011,DBL,HB,ADL-1,2026-05-13,274.67,2,21,false,2
HG_011,DBL,HB,ADL-1,2026-05-14,273.82,2,21,false,2
HG_011,DBL,HB,ADL-1,2026-05-15,273.38,2,21,false,2
HG_011,DBL,HB,ADL-1,2026-05-16,308.05,1,21,false,2
HG_011,DBL,HB,ADL-1,2026-05-17,302.76,1,21,false,2
HG_011,DBL,HB,ADL-1,2026-05-18,292.32,1,21,false,2
HG_011,DBL,HB,ADL-1,2026-05-19,296.73,1,21,false,2
HG_011,DBL,HB,ADL-1,2026-05-20,294.84,1,21,false,2
HG_011,DBL,HB,ADL-1,2026-05-21,294.15,1,21,false,2
HG_011,DBL,HB,ADL-1,2026-05-22,295.35,1,21,false,2
HG_011,DBL,HB,ADL-1,2026-05-23,312.37,1,21,false,2
HG_011,DBL,HB,ADL-1,2026-05-24,306.95,1,21,false,2
HG_011,DBL,HB,ADL-1,2026-05-25,295.38,1,21,false,2
HG_011,DBL,HB,ADL-1,2026-05-26,290.77,1,21,false,2
HG_011,DBL,HB,ADL-1,2026-05-27,295.32,1,21,false,2
HG_011,DBL,HB,ADL-1,2026-05-28,294.32,1,21,false,2
HG_011,DBL,HB,ADL-1,2026-05-29,288.32,1,21,false,2
HG_011,DBL,HB,ADL-1,2026-05-30,313.56,1,21,false,2
HG_011,DBL,HB,ADL-1,2026-05-31,327.82,2,21,false,2
HG_011,DBL,HB,ADL-1,2026-06-01,299.98,2,21,false,2
HG_011,DBL,HB,ADL-1,2026-06-02,303.92,2,21,false,2
HG_011,DBL,HB,ADL-1,2026-06-03,306.07,2,21,false,2
HG_011,DBL,HB,ADL-1,2026-06-04,303.13,2,21,false,2
HG_011,DBL,HB,ADL-1,2026-06-05,294.82,2,21,false,2
HG_011,DBL,HB,ADL-1,2026-06-06,322.40,2,21,false,2
HG_011,DBL,HB,ADL-1,2026-06-07,327.30,2,21,false,2
HG_011,DBL,HB,ADL-1,2026-06-08,295.76,2,21,false,2
HG_011,DBL,HB,ADL-1,2026-06-09,297.52,2,21,false,2
HG_011,DBL,HB,ADL-1,2026-06-10,296.86,2,21,false,2
HG_011,DBL,HB,ADL-1,2026-06-11,292.62,2,21,false,2
HG_011,DBL,HB,ADL-1,2026-06-12,306.33,2,21,false,2
HG_011,DBL,HB,ADL-1,2026-06-13,315.73,2,21,false,2
HG_011,DBL,HB,ADL-1,2026-06-14,322.50,2,21,false,2
HG_011,DBL,HB,ADL-1,2026-06-15,317.54,1,21,false,2
HG_011,DBL,HB,ADL-1,2026-06-16,315.35,1,21,false,2
HG_011,DBL,HB,ADL-1,2026-06-17,313.19,1,21,false,2
HG_011,DBL,HB,ADL-1,2026-06-18,311.90,1,21,false,2
HG_011,DBL,HB,ADL-1,2026-06-19,315.90,1,21,false,2
HG_011,DBL,HB,ADL-1,2026-06-20,331.58,1,21,false,2
HG_011,DBL,HB,ADL-1,2026-06-21,324.79,1,21,false,2
HG_011,DBL,HB,ADL-1,2026-06-22,302.89,1,21,false,2
HG_011,DBL,HB,ADL-1,2026-06-23,312.13,1,21,false,2
HG_011,DBL,HB,ADL-1,2026-06-24,317.72,1,21,false,2
HG_011,DBL,HB,ADL-1,2026-06-25,303.98,1,21,false,2
HG_011,DBL,HB,ADL-1,2026-06-26,307.04,1,21,false,2
HG_011,DBL,HB,ADL-1,2026-06-27,326.02,1,21,false,2
HG_011,DBL,HB,ADL-1,2026-06-28,322.64,1,21,false,2
HG_011,DBL,HB,ADL-1,2026-06-29,317.15,1,21,false,2
HG_011,SGL,RO,ADL-1,2026-05-01,286.49,2,21,false,2
HG_011,SGL,RO,ADL-1,2026-05-02,298.98,2,21,false,2
HG_011,SGL,RO,ADL-1,2026-05-03,303.08,2,21,false,2
HG_011,SGL,RO,ADL-1,2026-05-04,284.75,2,21,false,2
HG_011,SGL,RO,ADL-1,2026-05-05,278.68,2,21,false,2
HG_011,SGL,RO,ADL-1,2026-05-06,280.24,2,21,false,2
HG_011,SGL,RO,ADL-1,2026-05-07,277.03,2,21,false,2
HG_011,SGL,RO,ADL-1,2026-05-08,281.92,2,21,false,2
HG_011,SGL,RO,ADL-1,2026-05-09,299.69,2,21,false,2
HG_011,SGL,RO,ADL-1,2026-05-10,296.42,2,21,false,2
HG_011,SGL,RO,ADL-1,2026-05-11,281.66,2,21,false,2
HG_011,SGL,RO,ADL-1,2026-05-12,279.64,2,21,false,2
HG_011,SGL,RO,ADL-1,2026-05-13,276.92,2,21,false,2
HG_011,SGL,RO,ADL-1,2026-05-14,281.42,2,21,false,2
HG_011,SGL,RO,ADL-1,2026-05-15,274.47,2,21,false,2
HG_011,SGL,RO,ADL-1,2026-05-16,306.23,1,21,false,2
HG_011,SGL,RO,ADL-1,2026-05-17,306.87,1,21,false,2
HG_011,SGL,RO,ADL-1,2026-05-18,296.76,1,21,false,2
HG_011,SGL,RO,ADL-1,2026-05-19,293.17,1,21,false,2
HG_011,SGL,RO,ADL-1,2026-05-20,284.14,1,21,false,2
HG_011,SGL,RO,ADL-1,2026-05-21,284.92,1,21,false,2
HG_011,SGL,RO,ADL-1,2026-05-22,292.94,1,21,false,2
HG_011,SGL,RO,ADL-1,2026-05-23,305.47,1,21,false,2
HG_011,SGL,RO,ADL-1,2026-05-24,310.35,1,21,false,2
HG_011,SGL,RO,ADL-1,2026-05-25,294.90,1,21,false,2
HG_011,SGL,RO,ADL-1,2026-05-26,291.81,1,21,false,2
HG_011,SGL,RO,ADL-1,2026-05-27,284.67,1,21,false,2
HG_011,SGL,RO,ADL-1,2026-05-28,283.04,1,21,false,2
HG_011,SGL,RO,ADL-1,2026-05-29,288.19,1,21,false,2
HG_011,SGL,RO,ADL-1,2026-05-30,308.10,1,21,false,2
HG_011,SGL,RO,ADL-1,2026-05-31,323.84,2,21,false,2
HG_011,SGL,RO,ADL-1,2026-06-01,303.62,2,21,false,2
HG_011,SGL,RO,ADL-1,2026-06-02,306.52,2,21,false,2
HG_011,SGL,RO,ADL-1,2026-06-03,301.63,2,21,false,2
HG_011,SGL,RO,ADL-1,2026-06-04,304.62,2,21,false,2
HG_011,SGL,RO,ADL-1,2026-06-05,305.05,2,21,false,2
HG_011,SGL,RO,ADL-1,2026-06-06,313.13,2,21,false,2
HG_011,SGL,RO,ADL-1,2026-06-07,319.80,2,21,false,2
HG_011,SGL,RO,ADL-1,2026-06-08,302.67,2,21,false,2
HG_011,SGL,RO,ADL-1,2026-06-09,300.99,2,21,false,2
HG_011,SGL,RO,ADL-1,2026-06-10,294.43,2,21,false,2
HG_011,SGL,RO,ADL-1,2026-06-11,297.84,2,21,false,2
HG_011,SGL,RO,ADL-1,2026-06-12,293.16,2,21,false,2
HG_011,SGL,RO,ADL-1,2026-06-13,322.45,2,21,false,2
HG_011,SGL,RO,ADL-1,2026-06-14,313.02,2,21,false,2
HG_011,SGL,RO,ADL-1,2026-06-15,309.03,1,21,false,2
HG_011,SGL,RO,ADL-1,2026-06-16,305.98,1,21,false,2
HG_011,SGL,RO,ADL-1,2026-06-17,306.25,1,21,false,2
HG_011,SGL,RO,ADL-1,2026-06-18,313.73,1,21,false,2
HG_011,SGL,RO,ADL-1,2026-06-19,312.95,1,21,false,2
HG_011,SGL,RO,ADL-1,2026-06-20,337.65,1,21,false,2
HG_011,SGL,RO,ADL-1,2026-06-21,336.91,1,21,false,2
HG_011,SGL,RO,ADL-1,2026-06-22,310.48,1,21,false,2
HG_011,SGL,RO,ADL-1,2026-06-23,303.64,1,21,false,2
HG_011,SGL,RO,ADL-1,2026-06-24,314.67,1,21,false,2
HG_011,SGL,RO,ADL-1,2026-06-25,305.28,1,21,false,2
HG_011,SGL,RO,ADL-1,2026-06-26,309.35,1,21,false,2
HG_011,SGL,RO,ADL-1,2026-06-27,333.47,1,21,false,2
HG_011,SGL,RO,ADL-1,2026-06-28,333.46,1,21,false,2
HG_011,SGL,RO,ADL-1,2026-06-29,302.85,1,21,false,2
HG_011,SGL,BB,ADL-1,2026-05-01,290.79,2,21,false,2
HG_011,SGL,BB,ADL-1,2026-05-02,307.51,2,21,false,2
HG_011,SGL,BB,ADL-1,2026-05-03,322.65,2,21,false,2
HG_011,SGL,BB,ADL-1,2026-05-04,288.73,2,21,false,2
HG_011,SGL,BB,ADL-1,2026-05-05,295.75,2,21,false,2
HG_011,SGL,BB,ADL-1,2026-05-06,294.81,2,21,false,2
HG_011,SGL,BB,ADL-1,2026-05-07,300.28,2,21,false,2
HG_011,SGL,BB,ADL-1,2026-05-08,296.83,2,21,false,2
HG_011,SGL,BB,ADL-1,2026-05-09,307.81,2,21,false,2
HG_011,SGL,BB,ADL-1,2026-05-10,313.40,2,21,false,2
HG_011,SGL,BB,ADL-1,2026-05-11,294.84,2,21,false,2
HG_011,SGL,BB,ADL-1,2026-05-12,288.58,2,21,false,2
HG_011,SGL,BB,ADL-1,2026-05-13,296.58,2,21,false,2
HG_011,SGL,BB,ADL-1,2026-05-14,288.86,2,21,false,2
HG_011,SGL,BB,ADL-1,2026-05-15,289.81,2,21,false,2
HG_011,SGL,BB,ADL-1,2026-05-16,319.65,1,21,false,2
HG_011,SGL,BB,ADL-1,2026-05-17,323.69,1,21,false,2
HG_011,SGL,BB,ADL-1,2026-05-18,298.62,1,21,false,2
HG_011,SGL,BB,ADL-1,2026-05-19,301.68,1,21,false,2
HG_011,SGL,BB,ADL-1,2026-05-20,301.66,1,21,false,2
HG_011,SGL,BB,ADL-1,2026-05-21,305.85,1,21,false,2
HG_011,SGL,BB,ADL-1,2026-05-22,300.28,1,21,false,2
HG_011,SGL,BB,ADL-1,2026-05-23,317.76,1,21,false,2
HG_011,SGL,BB,ADL-1,2026-05-24,317.46,1,21,false,2
HG_011,SGL,BB,ADL-1,2026-05-25,303.20,1,21,false,2
HG_011,SGL,BB,ADL-1,2026-05-26,298.68,1,21,false,2
HG_011,SGL,BB,ADL-1,2026-05-27,311.98,1,21,false,2
HG_011,SGL,BB,ADL-1,2026-05-28,304.09,1,21,false,2
HG_011,SGL,BB,ADL-1,2026-05-29,308.89,1,21,false,2
HG_011,SGL,BB,ADL-1,2026-05-30,332.57,1,21,false,2
HG_011,SGL,BB,ADL-1,2026-05-31,335.98,2,21,false,2
HG_011,SGL,BB,ADL-1,2026-06-01,316.69,2,21,false,2
HG_011,SGL,BB,ADL-1,2026-06-02,318.78,2,21,false,2
HG_011,SGL,BB,ADL-1,2026-06-03,307.43,2,21,false,2
HG_011,SGL,BB,ADL-1,2026-06-04,309.80,2,21,false,2
HG_011,SGL,BB,ADL-1,2026-06-05,314.70,2,21,false,2
HG_011,SGL,BB,ADL-1,2026-06-06,328.20,2,21,false,2
HG_011,SGL,BB,ADL-1,2026-06-07,334.36,2,21,false,2
HG_011,SGL,BB,ADL-1,2026-06-08,318.55,2,21,false,2
HG_011,SGL,BB,ADL-1,2026-06-09,321.05,2,21,false,2
HG_011,SGL,BB,ADL-1,2026-06-10,320.00,2,21,false,2
HG_011,SGL,BB,ADL-1,2026-06-11,309.62,2,21,false,2
HG_011,SGL,BB,ADL-1,2026-06-12,318.23,2,21,false,2
HG_011,SGL,BB,ADL-1,2026-06-13,331.46,2,21,false,2
HG_011,SGL,BB,ADL-1,2026-06-14,338.92,2,21,false,2
HG_011,SGL,BB,ADL-1,2026-06-15,324.88,1,21,false,2
HG_011,SGL,BB,ADL-1,2026-06-16,332.32,1,21,false,2
HG_011,SGL,BB,ADL-1,2026-06-17,327.68,1,21,false,2
HG_011,SGL,BB,ADL-1,2026-06-18,324.00,1,21,false,2
HG_011,SGL,BB,ADL-1,2026-06-19,318.76,1,21,false,2
HG_011,SGL,BB,ADL-1,2026-06-20,352.42,1,21,false,2
HG_011,SGL,BB,ADL-1,2026-06-21,350.91,1,21,false,2
HG_011,SGL,BB,ADL-1,2026-06-22,329.14,1,21,false,2
HG_011,SGL,BB,ADL-1,2026-06-23,329.85,1,21,false,2
HG_011,SGL,BB,ADL-1,2026-06-24,320.30,1,21,false,2
HG_011,SGL,BB,ADL-1,2026-06-25,329.22,1,21,false,2
HG_011,SGL,BB,ADL-1,2026-06-26,325.62,1,21,false,2
HG_011,SGL,BB,ADL-1,2026-06-27,336.55,1,21,false,2
HG_011,SGL,BB,ADL-1,2026-06-28,340.03,1,21,false,2
HG_011,SGL,BB,ADL-1,2026-06-29,330.88,1,21,false,2
HG_011,SGL,HB,ADL-1,2026-05-01,317.06,2,21,false,2
HG_011,SGL,HB,ADL-1,2026-05-02,337.37,2,21,false,2
HG_011,SGL,HB,ADL-1,2026-05-03,323.10,2,21,false,2
HG_011,SGL,HB,ADL-1,2026-05-04,309.20,2,21,false,2
HG_011,SGL,HB,ADL-1,2026-05-05,306.83,2,21,false,2
HG_011,SGL,HB,ADL-1,2026-05-06,309.08,2,21,false,2
HG_011,SGL,HB,ADL-1,2026-05-07,310.27,2,21,false,2
HG_011,SGL,HB,ADL-1,2026-05-08,306.31,2,21,false,2
HG_011,SGL,HB,ADL-1,2026-05-09,324.06,2,21,false,2
HG_011,SGL,HB,ADL-1,2026-05-10,329.18,2,21,false,2
HG_011,SGL,HB,ADL-1,2026-05-11,302.27,2,21,false,2
HG_011,SGL,HB,ADL-1,2026-05-12,315.64,2,21,false,2
HG_011,SGL,HB,ADL-1,2026-05-13,317.26,2,21,false,2
HG_011,SGL,HB,ADL-1,2026-05-14,312.23,2,21,false,2
HG_011,SGL,HB,ADL-1,2026-05-15,313.17,2,21,false,2
HG_011,SGL,HB,ADL-1,2026-05-16,341.18,1,21,false,2
HG_011,SGL,HB,ADL-1,2026-05-17,345.98,1,21,false,2
HG_011,SGL,HB,ADL-1,2026-05-18,316.76,1,21,false,2
HG_011,SGL,HB,ADL-1,2026-05-19,323.95,1,21,false,2
HG_011,SGL,HB,ADL-1,2026-05-20,313.94,1,21,false,2
HG_011,SGL,HB,ADL-1,2026-05-21,313.93,1,21,false,2
HG_011,SGL,HB,ADL-1,2026-05-22,325.59,1,21,false,2
HG_011,SGL,HB,ADL-1,2026-05-23,334.79,1,21,false,2
HG_011,SGL,HB,ADL-1,2026-05-24,341.19,1,21,false,2
HG_011,SGL,HB,ADL-1,2026-05-25,316.19,1,21,false,2
HG_011,SGL,HB,ADL-1,2026-05-26,321.89,1,21,false,2
HG_011,SGL,HB,ADL-1,2026-05-27,315.32,1,21,false,2
HG_011,SGL,HB,ADL-1,2026-05-28,324.57,1,21,false,2
HG_011,SGL,HB,ADL-1,2026-05-29,325.36,1,21,false,2
HG_011,SGL,HB,ADL-1,2026-05-30,345.29,1,21,false,2
HG_011,SGL,HB,ADL-1,2026-05-31,351.03,2,21,false,2
HG_011,SGL,HB,ADL-1,2026-06-01,323.86,2,21,false,2
HG_011,SGL,HB,ADL-1,2026-06-02,323.50,2,21,false,2
HG_011,SGL,HB,ADL-1,2026-06-03,323.10,2,21,false,2
HG_011,SGL,HB,ADL-1,2026-06-04,337.32,2,21,false,2
HG_011,SGL,HB,ADL-1,2026-06-05,328.14,2,21,false,2
HG_011,SGL,HB,ADL-1,2026-06-06,353.71,2,21,false,2
HG_011,SGL,HB,ADL-1,2026-06-07,350.01,2,21,false,2
HG_011,SGL,HB,ADL-1,2026-06-08,328.84,2,21,false,2
HG_011,SGL,HB,ADL-1,2026-06-09,336.47,2,21,false,2
HG_011,SGL,HB,ADL-1,2026-06-10,324.99,2,21,false,2
HG_011,SGL,HB,ADL-1,2026-06-11,327.47,2,21,false,2
HG_011,SGL,HB,ADL-1,2026-06-12,332.12,2,21,false,2
HG_011,SGL,HB,ADL-1,2026-06-13,357.73,2,21,false,2
HG_011,SGL,HB,ADL-1,2026-06-14,354.50,2,21,false,2
HG_011,SGL,HB,ADL-1,2026-06-15,332.05,1,21,false,2
HG_011,SGL,HB,ADL-1,2026-06-16,332.88,1,21,false,2
HG_011,SGL,HB,ADL-1,2026-06-17,345.75,1,21,false,2
HG_011,SGL,HB,ADL-1,2026-06-18,343.27,1,21,false,2
HG_011,SGL,HB,ADL-1,2026-06-19,342.70,1,21,false,2
HG_011,SGL,HB,ADL-1,2026-06-20,362.00,1,21,false,2
HG_011,SGL,HB,ADL-1,2026-06-21,355.04,1,21,false,2
HG_011,SGL,HB,ADL-1,2026-06-22,347.93,1,21,false,2
HG_011,SGL,HB,ADL-1,2026-06-23,345.49,1,21,false,2
HG_011,SGL,HB,ADL-1,2026-06-24,340.47,1,21,false,2
HG_011,SGL,HB,ADL-1,2026-06-25,344.70,1,21,false,2
HG_011,SGL,HB,ADL-1,2026-06-26,342.84,1,21,false,2
HG_011,SGL,HB,ADL-1,2026-06-27,357.36,1,21,false,2
HG_011,SGL,HB,ADL-1,2026-06-28,359.61,1,21,false,2
HG_011,SGL,HB,ADL-1,2026-06-29,331.82,1,21,false,2
HG_011,FAM,RO,ADL-1,2026-05-01,311.59,2,21,false,2
HG_011,FAM,RO,ADL-1,2026-05-02,335.11,2,21,false,2
HG_011,FAM,RO,ADL-1,2026-05-03,326.26,2,21,false,2
HG_011,FAM,RO,ADL-1,2026-05-04,307.49,2,21,false,2
HG_011,FAM,RO,ADL-1,2026-05-05,306.46,2,21,false,2
HG_011,FAM,RO,ADL-1,2026-05-06,305.38,2,21,false,2
HG_011,FAM,RO,ADL-1,2026-05-07,303.04,2,21,false,2
HG_011,FAM,RO,ADL-1,2026-05-08,304.32,2,21,false,2
HG_011,FAM,RO,ADL-1,2026-05-09,338.23,2,21,false,2
HG_011,FAM,RO,ADL-1,2026-05-10,329.28,2,21,false,2
HG_011,FAM,RO,ADL-1,2026-05-11,317.56,2,21,false,2
HG_011,FAM,RO,ADL-1,2026-05-12,316.43,2,21,false,2
HG_011,FAM,RO,ADL-1,2026-05-13,302.73,2,21,false,2
HG_011,FAM,RO,ADL-1,2026-05-14,312.25,2,21,false,2
HG_011,FAM,RO,ADL-1,2026-05-15,309.37,2,21,false,2
HG_011,FAM,RO,ADL-1,2026-05-16,342.57,1,21,false,2
HG_011,FAM,RO,ADL-1,2026-05-17,342.33,1,21,false,2
HG_011,FAM,RO,ADL-1,2026-05-18,325.51,1,21,false,2
HG_011,FAM,RO,ADL-1,2026-05-19,317.32,1,21,false,2
HG_011,FAM,RO,ADL-1,2026-05-20,326.66,1,21,false,2
HG_011,FAM,RO,ADL-1,2026-05-21,320.63,1,21,false,2
HG_011,FAM,RO,ADL-1,2026-05-22,325.32,1,21,false,2
HG_011,FAM,RO,ADL-1,2026-05-23,336.42,1,21,false,2
HG_011,FAM,RO,ADL-1,2026-05-24,347.91,1,21,false,2
HG_011,FAM,RO,ADL-1,2026-05-25,326.19,1,21,false,2
HG_011,FAM,RO,ADL-1,2026-05-26,327.59,1,21,false,2
HG_011,FAM,RO,ADL-1,2026-05-27,321.36,1,21,false,2
HG_011,FAM,RO,ADL-1,2026-05-28,322.55,1,21,false,2
HG_011,FAM,RO,ADL-1,2026-05-29,322.08,1,21,false,2
HG_011,FAM,RO,ADL-1,2026-05-30,340.63,1,21,false,2
HG_011,FAM,RO,ADL-1,2026-05-31,341.95,2,21,false,2
HG_011,FAM,RO,ADL-1,2026-06-01,322.46,2,21,false,2
HG_011,FAM,RO,ADL-1,2026-06-02,327.81,2,21,false,2
HG_011,FAM,RO,ADL-1,2026-06-03,335.75,2,21,false,2
HG_011,FAM,RO,ADL-1,2026-06-04,323.48,2,21,false,2
HG_011,FAM,RO,ADL-1,2026-06-05,333.08,2,21,false,2
HG_011,FAM,RO,ADL-1,2026-06-06,342.96,2,21,false,2
HG_011,FAM,RO,ADL-1,2026-06-07,351.31,2,21,false,2
HG_011,FAM,RO,ADL-1,2026-06-08,332.63,2,21,false,2
HG_011,FAM,RO,ADL-1,2026-06-09,328.49,2,21,false,2
HG_011,FAM,RO,ADL-1,2026-06-10,338.25,2,21,false,2
HG_011,FAM,RO,ADL-1,2026-06-11,322.37,2,21,false,2
HG_011,FAM,RO,ADL-1,2026-06-12,330.67,2,21,false,2
HG_011,FAM,RO,ADL-1,2026-06-13,355.86,2,21,false,2
HG_011,FAM,RO,ADL-1,2026-06-14,343.50,2,21,false,2
HG_011,FAM,RO,ADL-1,2026-06-15,339.82,1,21,false,2
HG_011,FAM,RO,ADL-1,2026-06-16,340.38,1,21,false,2
HG_011,FAM,RO,ADL-1,2026-06-17,336.70,1,21,false,2
HG_011,FAM,RO,ADL-1,2026-06-18,337.15,1,21,false,2
HG_011,FAM,RO,ADL-1,2026-06-19,341.34,1,21,false,2
HG_011,FAM,RO,ADL-1,2026-06-20,353.19,1,21,false,2
HG_011,FAM,RO,ADL-1,2026-06-21,359.06,1,21,false,2
HG_011,FAM,RO,ADL-1,2026-06-22,339.85,1,21,false,2
HG_011,FAM,RO,ADL-1,2026-06-23,347.18,1,21,false,2
HG_011,FAM,RO,ADL-1,2026-06-24,341.51,1,21,false,2
HG_011,FAM,RO,ADL-1,2026-06-25,341.79,1,21,false,2
HG_011,FAM,RO,ADL-1,2026-06-26,340.49,1,21,false,2
HG_011,FAM,RO,ADL-1,2026-06-27,368.93,1,21,false,2
HG_011,FAM,RO,ADL-1,2026-06-28,360.48,1,21,false,2
HG_011,FAM,RO,ADL-1,2026-06-29,342.31,1,21,false,2
HG_011,FAM,BB,ADL-1,2026-05-01,317.53,2,21,false,2
HG_011,FAM,BB,ADL-1,2026-05-02,343.24,2,21,false,2
HG_011,FAM,BB,ADL-1,2026-05-03,341.98,2,21,false,2
HG_011,FAM,BB,ADL-1,2026-05-04,323.78,2,21,false,2
HG_011,FAM,BB,ADL-1,2026-05-05,326.54,2,21,false,2
HG_011,FAM,BB,ADL-1,2026-05-06,332.87,2,21,false,2
HG_011,FAM,BB,ADL-1,2026-05-07,323.68,2,21,false,2
HG_011,FAM,BB,ADL-1,2026-05-08,324.02,2,21,false,2
HG_011,FAM,BB,ADL-1,2026-05-09,349.99,2,21,false,2
HG_011,FAM,BB,ADL-1,2026-05-10,353.06,2,21,false,2
HG_011,FAM,BB,ADL-1,2026-05-11,330.12,2,21,false,2
HG_011,FAM,BB,ADL-1,2026-05-12,326.72,2,21,false,2
HG_011,FAM,BB,ADL-1,2026-05-13,317.13,2,21,false,2
HG_011,FAM,BB,ADL-1,2026-05-14,319.53,2,21,false,2
HG_011,FAM,BB,ADL-1,2026-05-15,327.34,2,21,false,2
HG_011,FAM,BB,ADL-1,2026-05-16,359.37,1,21,false,2
HG_011,FAM,BB,ADL-1,2026-05-17,354.94,1,21,false,2
HG_011,FAM,BB,ADL-1,2026-05-18,337.69,1,21,false,2
HG_011,FAM,BB,ADL-1,2026-05-19,337.01,1,21,false,2
HG_011,FAM,BB,ADL-1,2026-05-20,336.33,1,21,false,2
HG_011,FAM,BB,ADL-1,2026-05-21,339.93,1,21,false,2
HG_011,FAM,BB,ADL-1,2026-05-22,330.42,1,21,false,2
HG_011,FAM,BB,ADL-1,2026-05-23,351.86,1,21,false,2
HG_011,FAM,BB,ADL-1,2026-05-24,350.50,1,21,false,2
HG_011,FAM,BB,ADL-1,2026-05-25,331.24,1,21,false,2
HG_011,FAM,BB,ADL-1,2026-05-26,329.03,1,21,false,2
HG_011,FAM,BB,ADL-1,2026-05-27,340.28,1,21,false,2
HG_011,FAM,BB,ADL-1,2026-05-28,336.33,1,21,false,2
HG_011,FAM,BB,ADL-1,2026-05-29,329.76,1,21,false,2
HG_011,FAM,BB,ADL-1,2026-05-30,350.31,1,21,false,2
HG_011,FAM,BB,ADL-1,2026-05-31,368.34,2,21,false,2
HG_011,FAM,BB,ADL-1,2026-06-01,347.53,2,21,false,2
HG_011,FAM,BB,ADL-1,2026-06-02,348.97,2,21,false,2
HG_011,FAM,BB,ADL-1,2026-06-03,345.89,2,21,false,2
HG_011,FAM,BB,ADL-1,2026-06-04,350.34,2,21,false,2
HG_011,FAM,BB,ADL-1,2026-06-05,342.91,2,21,false,2
HG_011,FAM,BB,ADL-1,2026-06-06,370.45,2,21,false,2
HG_011,FAM,BB,ADL-1,2026-06-07,365.46,2,21,false,2
HG_011,FAM,BB,ADL-1,2026-06-08,349.82,2,21,false,2
HG_011,FAM,BB,ADL-1,2026-06-09,349.73,2,21,false,2
HG_011,FAM,BB,ADL-1,2026-06-10,343.15,2,21,false,2
HG_011,FAM,BB,ADL-1,2026-06-11,341.55,2,21,false,2
HG_011,FAM,BB,ADL-1,2026-06-12,342.15,2,21,false,2
HG_011,FAM,BB,ADL-1,2026-06-13,365.77,2,21,false,2
HG_011,FAM,BB,ADL-1,2026-06-14,367.78,2,21,false,2
HG_011,FAM,BB,ADL-1,2026-06-15,353.78,1,21,false,2
HG_011,FAM,BB,ADL-1,2026-06-16,354.37,1,21,false,2
HG_011,FAM,BB,ADL-1,2026-06-17,355.16,1,21,false,2
HG_011,FAM,BB,ADL-1,2026-06-18,352.33,1,21,false,2
HG_011,FAM,BB,ADL-1,2026-06-19,355.61,1,21,false,2
HG_011,FAM,BB,ADL-1,2026-06-20,383.02,1,21,false,2
HG_011,FAM,BB,ADL-1,2026-06-21,378.79,1,21,false,2
HG_011,FAM,BB,ADL-1,2026-06-22,355.01,1,21,false,2
HG_011,FAM,BB,ADL-1,2026-06-23,356.81,1,21,false,2
HG_011,FAM,BB,ADL-1,2026-06-24,349.05,1,21,false,2
HG_011,FAM,BB,ADL-1,2026-06-25,355.34,1,21,false,2
HG_011,FAM,BB,ADL-1,2026-06-26,356.48,1,21,false,2
HG_011,FAM,BB,ADL-1,2026-06-27,367.21,1,21,false,2
HG_011,FAM,BB,ADL-1,2026-06-28,381.29,1,21,false,2
HG_011,FAM,BB,ADL-1,2026-06-29,356.54,1,21,false,2
HG_011,FAM,HB,ADL-1,2026-05-01,343.21,2,21,false,2
HG_011,FAM,HB,ADL-1,2026-05-02,357.00,2,21,false,2
HG_011,FAM,HB,ADL-1,2026-05-03,363.56,2,21,false,2
HG_011,FAM,HB,ADL-1,2026-05-04,340.95,2,21,false,2
HG_011,FAM,HB,ADL-1,2026-05-05,338.19,2,21,false,2
HG_011,FAM,HB,ADL-1,2026-05-06,338.53,2,21,false,2
HG_011,FAM,HB,ADL-1,2026-05-07,342.49,2,21,false,2
HG_011,FAM,HB,ADL-1,2026-05-08,341.06,2,21,false,2
HG_011,FAM,HB,ADL-1,2026-05-09,358.89,2,21,false,2
HG_011,FAM,HB,ADL-1,2026-05-10,352.64,2,21,false,2
HG_011,FAM,HB,ADL-1,2026-05-11,344.19,2,21,false,2
HG_011,FAM,HB,ADL-1,2026-05-12,333.26,2,21,false,2
HG_011,FAM,HB,ADL-1,2026-05-13,336.77,2,21,false,2
HG_011,FAM,HB,ADL-1,2026-05-14,337.93,2,21,false,2
HG_011,FAM,HB,ADL-1,2026-05-15,331.64,2,21,false,2
HG_011,FAM,HB,ADL-1,2026-05-16,364.73,1,21,false,2
HG_011,FAM,HB,ADL-1,2026-05-17,361.35,1,21,false,2
HG_011,FAM,HB,ADL-1,2026-05-18,345.98,1,21,false,2
HG_011,FAM,HB,ADL-1,2026-05-19,358.68,1,21,false,2
HG_011,FAM,HB,ADL-1,2026-05-20,349.43,1,21,false,2
HG_011,FAM,HB,ADL-1,2026-05-21,348.01,1,21,false,2
HG_011,FAM,HB,ADL-1,2026-05-22,346.08,1,21,false,2
HG_011,FAM,HB,ADL-1,2026-05-23,371.12,1,21,false,2
HG_011,FAM,HB,ADL-1,2026-05-24,378.59,1,21,false,2
HG_011,FAM,HB,ADL-1,2026-05-25,344.95,1,21,false,2
HG_011,FAM,HB,ADL-1,2026-05-26,358.36,1,21,false,2
HG_011,FAM,HB,ADL-1,2026-05-27,343.09,1,21,false,2
HG_011,FAM,HB,ADL-1,2026-05-28,346.29,1,21,false,2
HG_011,FAM,HB,ADL-1,2026-05-29,341.75,1,21,false,2
HG_011,FAM,HB,ADL-1,2026-05-30,378.55,1,21,false,2
HG_011,FAM,HB,ADL-1,2026-05-31,372.85,2,21,false,2
HG_011,FAM,HB,ADL-1,2026-06-01,353.91,2,21,false,2
HG_011,FAM,HB,ADL-1,2026-06-02,354.76,2,21,false,2
HG_011,FAM,HB,ADL-1,2026-06-03,354.65,2,21,false,2
HG_011,FAM,HB,ADL-1,2026-06-04,352.70,2,21,false,2
HG_011,FAM,HB,ADL-1,2026-06-05,352.63,2,21,false,2
HG_011,FAM,HB,ADL-1,2026-06-06,370.92,2,21,false,2
HG_011,FAM,HB,ADL-1,2026-06-07,388.48,2,21,false,2
HG_011,FAM,HB,ADL-1,2026-06-08,355.62,2,21,false,2
HG_011,FAM,HB,ADL-1,2026-06-09,368.14,2,21,false,2
HG_011,FAM,HB,ADL-1,2026-06-10,357.98,2,21,false,2
HG_011,FAM,HB,ADL-1,2026-06-11,355.56,2,21,false,2
HG_011,FAM,HB,ADL-1,2026-06-12,366.97,2,21,false,2
HG_011,FAM,HB,ADL-1,2026-06-13,378.41,2,21,false,2
HG_011,FAM,HB,ADL-1,2026-06-14,370.72,2,21,false,2
HG_011,FAM,HB,ADL-1,2026-06-15,371.34,1,21,false,2
HG_011,FAM,HB,ADL-1,2026-06-16,363.95,1,21,false,2
HG_011,FAM,HB,ADL-1,2026-06-17,369.23,1,21,false,2
HG_011,FAM,HB,ADL-1,2026-06-18,378.20,1,21,false,2
HG_011,FAM,HB,ADL-1,2026-06-19,367.35,1,21,false,2
HG_011,FAM,HB,ADL-1,2026-06-20,385.89,1,21,false,2
HG_011,FAM,HB,ADL-1,2026-06-21,383.79,1,21,false,2
HG_011,FAM,HB,ADL-1,2026-06-22,365.13,1,21,false,2
HG_011,FAM,HB,ADL-1,2026-06-23,367.40,1,21,false,2
HG_011,FAM,HB,ADL-1,2026-06-24,370.62,1,21,false,2
HG_011,FAM,HB,ADL-1,2026-06-25,365.83,1,21,false,2
HG_011,FAM,HB,ADL-1,2026-06-26,364.99,1,21,false,2
HG_011,FAM,HB,ADL-1,2026-06-27,385.71,1,21,false,2
HG_011,FAM,HB,ADL-1,2026-06-28,390.19,1,21,false,2
HG_011,FAM,HB,ADL-1,2026-06-29,362.73,1,21,false,2
HG_012,DBL,RO,ADL-1,2026-05-01,269.83,3,21,false,3
HG_012,DBL,RO,ADL-1,2026-05-02,295.36,3,21,false,3
HG_012,DBL,RO,ADL-1,2026-05-03,297.21,3,21,false,3
HG_012,DBL,RO,ADL-1,2026-05-04,271.24,3,21,false,3
HG_012,DBL,RO,ADL-1,2026-05-05,272.30,3,21,false,3
HG_012,DBL,RO,ADL-1,2026-05-06,278.30,3,21,false,3
HG_012,DBL,RO,ADL-1,2026-05-07,276.20,3,21,false,3
HG_012,DBL,RO,ADL-1,2026-05-08,272.30,3,21,false,3
HG_012,DBL,RO,ADL-1,2026-05-09,281.45,3,21,false,3
HG_012,DBL,RO,ADL-1,2026-05-10,287.47,3,21,false,3
HG_012,DBL,RO,ADL-1,2026-05-11,264.98,3,21,false,3
HG_012,DBL,RO,ADL-1,2026-05-12,267.63,3,21,false,3
HG_012,DBL,RO,ADL-1,2026-05-13,277.67,3,21,false,3
HG_012,DBL,RO,ADL-1,2026-05-14,266.49,3,21,false,3
HG_012,DBL,RO,ADL-1,2026-05-15,272.85,3,21,false,3
HG_012,DBL,RO,ADL-1,2026-05-16,308.83,1,21,false,3
HG_012,DBL,RO,ADL-1,2026-05-17,294.25,1,21,false,3
HG_012,DBL,RO,ADL-1,2026-05-18,270.21,1,21,false,3
HG_012,DBL,RO,ADL-1,2026-05-19,274.27,1,21,false,3
HG_012,DBL,RO,ADL-1,2026-05-20,278.59,1,21,false,3
HG_012,DBL,RO,ADL-1,2026-05-21,289.50,1,21,false,3
HG_012,DBL,RO,ADL-1,2026-05-22,278.44,1,21,false,3
HG_012,DBL,RO,ADL-1,2026-05-23,303.00,1,21,false,3
HG_012,DBL,RO,ADL-1,2026-05-24,305.98,1,21,false,3
HG_012,DBL,RO,ADL-1,2026-05-25,282.73,1,21,false,3
HG_012,DBL,RO,ADL-1,2026-05-26,278.77,1,21,false,3
HG_012,DBL,RO,ADL-1,2026-05-27,284.30,1,21,false,3
HG_012,DBL,RO,ADL-1,2026-05-28,279.56,1,21,false,3
HG_012,DBL,RO,ADL-1,2026-05-29,285.41,1,21,false,3
HG_012,DBL,RO,ADL-1,2026-05-30,290.55,1,21,false,3
HG_012,DBL,RO,ADL-1,2026-05-31,305.99,3,21,false,3
HG_012,DBL,RO,ADL-1,2026-06-01,281.04,3,21,false,3
HG_012,DBL,RO,ADL-1,2026-06-02,282.86,3,21,false,3
HG_012,DBL,RO,ADL-1,2026-06-03,297.00,3,21,false,3
HG_012,DBL,RO,ADL-1,2026-06-04,286.74,3,21,false,3
HG_012,DBL,RO,ADL-1,2026-06-05,292.14,3,21,false,3
HG_012,DBL,RO,ADL-1,2026-06-06,305.15,3,21,false,3
HG_012,DBL,RO,ADL-1,2026-06-07,307.42,3,21,false,3
HG_012,DBL,RO,ADL-1,2026-06-08,289.45,3,21,false,3
HG_012,DBL,RO,ADL-1,2026-06-09,293.43,3,21,false,3
HG_012,DBL,RO,ADL-1,2026-06-10,285.28,3,21,false,3
HG_012,DBL,RO,ADL-1,2026-06-11,291.08,3,21,false,3
HG_012,DBL,RO,ADL-1,2026-06-12,293.90,3,21,false,3
HG_012,DBL,RO,ADL-1,2026-06-13,312.37,3,21,false,3
HG_012,DBL,RO,ADL-1,2026-06-14,320.82,3,21,false,3
HG_012,DBL,RO,ADL-1,2026-06-15,293.99,1,21,false,3
HG_012,DBL,RO,ADL-1,2026-06-16,294.42,1,21,false,3
HG_012,DBL,RO,ADL-1,2026-06-17,296.61,1,21,false,3
HG_012,DBL,RO,ADL-1,2026-06-18,294.12,1,21,false,3
HG_012,DBL,RO,ADL-1,2026-06-19,290.87,1,21,false,3
HG_012,DBL,RO,ADL-1,2026-06-20,328.87,1,21,false,3
HG_012,DBL,RO,ADL-1,2026-06-21,326.24,1,21,false,3
HG_012,DBL,RO,ADL-1,2026-06-22,305.15,1,21,false,3
HG_012,DBL,RO,ADL-1,2026-06-23,295.41,1,21,false,3
HG_012,DBL,RO,ADL-1,2026-06-24,295.01,1,21,false,3
HG_012,DBL,RO,ADL-1,2026-06-25,305.42,1,21,false,3
HG_012,DBL,RO,ADL-1,2026-06-26,304.43,1,21,false,3
HG_012,DBL,RO,ADL-1,2026-06-27,312.74,1,21,false,3
HG_012,DBL,RO,ADL-1,2026-06-28,330.16,1,21,false,3
HG_012,DBL,RO,ADL-1,2026-06-29,294.54,1,21,false,3
HG_012,DBL,RO,ADL-2,2026-05-01,265.67,3,21,false,3
HG_012,DBL,RO,ADL-2,2026-05-02,289.63,3,21,false,3
HG_012,DBL,RO,ADL-2,2026-05-03,289.23,3,21,false,3
HG_012,DBL,RO,ADL-2,2026-05-04,274.66,3,21,false,3
HG_012,DBL,RO,ADL-2,2026-05-05,263.98,3,21,false,3
HG_012,DBL,RO,ADL-2,2026-05-06,271.73,3,21,false,3
HG_012,DBL,RO,ADL-2,2026-05-07,279.42,3,21,false,3
HG_012,DBL,RO,ADL-2,2026-05-08,265.23,3,21,false,3
HG_012,DBL,RO,ADL-2,2026-05-09,294.78,3,21,false,3
HG_012,DBL,RO,ADL-2,2026-05-10,281.87,3,21,false,3
HG_012,DBL,RO,ADL-2,2026-05-11,265.04,3,21,false,3
HG_012,DBL,RO,ADL-2,2026-05-12,262.23,3,21,false,3
HG_012,DBL,RO,ADL-2,2026-05-13,277.60,3,21,false,3
HG_012,DBL,RO,ADL-2,2026-05-14,277.96,3,21,false,3
HG_012,DBL,RO,ADL-2,2026-05-15,268.68,3,21,false,3
HG_012,DBL,RO,ADL-2,2026-05-16,298.80,1,21,false,3
HG_012,DBL,RO,ADL-2,2026-05-17,302.34,1,21,false,3
HG_012,DBL,RO,ADL-2,2026-05-18,271.57,1,21,false,3
HG_012,DBL,RO,ADL-2,2026-05-19,276.86,1,21,false,3
HG_012,DBL,RO,ADL-2,2026-05-20,283.55,1,21,false,3
HG_012,DBL,RO,ADL-2,2026-05-21,270.24,1,21,false,3
HG_012,DBL,RO,ADL-2,2026-05-22,283.41,1,21,false,3
HG_012,DBL,RO,ADL-2,2026-05-23,304.06,1,21,false,3
HG_012,DBL,RO,ADL-2,2026-05-24,304.35,1,21,false,3
HG_012,DBL,RO,ADL-2,2026-05-25,282.56,1,21,false,3
HG_012,DBL,RO,ADL-2,2026-05-26,283.21,1,21,false,3
HG_012,DBL,RO,ADL-2,2026-05-27,287.28,1,21,false,3
HG_012,DBL,RO,ADL-2,2026-05-28,283.75,1,21,false,3
HG_012,DBL,RO,ADL-2,2026-05-29,275.57,1,21,false,3
HG_012,DBL,RO,ADL-2,2026-05-30,302.78,1,21,false,3
HG_012,DBL,RO,ADL-2,2026-05-31,305.67,3,21,false,3
HG_012,DBL,RO,ADL-2,2026-06-01,296.11,3,21,false,3
HG_012,DBL,RO,ADL-2,2026-06-02,290.32,3,21,false,3
HG_012,DBL,RO,ADL-2,2026-06-03,286.07,3,21,false,3
HG_012,DBL,RO,ADL-2,2026-06-04,298.26,3,21,false,3
HG_012,DBL,RO,ADL-2,2026-06-05,297.20,3,21,false,3
HG_012,DBL,RO,ADL-2,2026-06-06,320.07,3,21,false,3
HG_012,DBL,RO,ADL-2,2026-06-07,309.29,3,21,false,3
HG_012,DBL,RO,ADL-2,2026-06-08,286.55,3,21,false,3
HG_012,DBL,RO,ADL-2,2026-06-09,280.96,3,21,false,3
HG_012,DBL,RO,ADL-2,2026-06-10,297.49,3,21,false,3
HG_012,DBL,RO,ADL-2,2026-06-11,286.49,3,21,false,3
HG_012,DBL,RO,ADL-2,2026-06-12,299.15,3,21,false,3
HG_012,DBL,RO,ADL-2,2026-06-13,303.31,3,21,false,3
HG_012,DBL,RO,ADL-2,2026-06-14,319.07,3,21,false,3
HG_012,DBL,RO,ADL-2,2026-06-15,308.07,1,21,false,3
HG_012,DBL,RO,ADL-2,2026-06-16,305.74,1,21,false,3
HG_012,DBL,RO,ADL-2,2026-06-17,307.78,1,21,false,3
HG_012,DBL,RO,ADL-2,2026-06-18,292.28,1,21,false,3
HG_012,DBL,RO,ADL-2,2026-06-19,294.70,1,21,false,3
HG_012,DBL,RO,ADL-2,2026-06-20,318.18,1,21,false,3
HG_012,DBL,RO,ADL-2,2026-06-21,325.73,1,21,false,3
HG_012,DBL,RO,ADL-2,2026-06-22,305.87,1,21,false,3
HG_012,DBL,RO,ADL-2,2026-06-23,307.90,1,21,false,3
HG_012,DBL,RO,ADL-2,2026-06-24,298.22,1,21,false,3
HG_012,DBL,RO,ADL-2,2026-06-25,297.72,1,21,false,3
HG_012,DBL,RO,ADL-2,2026-06-26,295.49,1,21,false,3
HG_012,DBL,RO,ADL-2,2026-06-27,319.15,1,21,false,3
HG_012,DBL,RO,ADL-2,2026-06-28,310.93,1,21,false,3
HG_012,DBL,RO,ADL-2,2026-06-29,291.03,1,21,false,3
HG_012,DBL,BB,ADL-1,2026-05-01,276.19,3,21,false,3
HG_012,DBL,BB,ADL-1,2026-05-02,303.87,3,21,false,3
HG_012,DBL,BB,ADL-1,2026-05-03,309.28,3,21,false,3
HG_012,DBL,BB,ADL-1,2026-05-04,287.03,3,21,false,3
HG_012,DBL,BB,ADL-1,2026-05-05,293.34,3,21,false,3
HG_012,DBL,BB,ADL-1,2026-05-06,285.66,3,21,false,3
HG_012,DBL,BB,ADL-1,2026-05-07,280.53,3,21,false,3
HG_012,DBL,BB,ADL-1,2026-05-08,286.24,3,21,false,3
HG_012,DBL,BB,ADL-1,2026-05-09,307.61,3,21,false,3
HG_012,DBL,BB,ADL-1,2026-05-10,303.83,3,21,false,3
HG_012,DBL,BB,ADL-1,2026-05-11,277.02,3,21,false,3
HG_012,DBL,BB,ADL-1,2026-05-12,275.08,3,21,false,3
HG_012,DBL,BB,ADL-1,2026-05-13,286.19,3,21,false,3
HG_012,DBL,BB,ADL-1,2026-05-14,290.82,3,21,false,3
HG_012,DBL,BB,ADL-1,2026-05-15,277.58,3,21,false,3
HG_012,DBL,BB,ADL-1,2026-05-16,311.78,1,21,false,3
HG_012,DBL,BB,ADL-1,2026-05-17,316.40,1,21,false,3
HG_012,DBL,BB,ADL-1,2026-05-18,284.87,1,21,false,3
HG_012,DBL,BB,ADL-1,2026-05-19,289.21,1,21,false,3
HG_012,DBL,BB,ADL-1,2026-05-20,293.00,1,21,false,3
HG_012,DBL,BB,ADL-1,2026-05-21,287.38,1,21,false,3
HG_012,DBL,BB,ADL-1,2026-05-22,294.07,1,21,false,3
HG_012,DBL,BB,ADL-1,2026-05-23,307.81,1,21,false,3
HG_012,DBL,BB,ADL-1,2026-05-24,317.25,1,21,false,3
HG_012,DBL,BB,ADL-1,2026-05-25,284.97,1,21,false,3
HG_012,DBL,BB,ADL-1,2026-05-26,293.92,1,21,false,3
HG_012,DBL,BB,ADL-1,2026-05-27,304.00,1,21,false,3
HG_012,DBL,BB,ADL-1,2026-05-28,291.16,1,21,false,3
HG_012,DBL,BB,ADL-1,2026-05-29,294.85,1,21,false,3
HG_012,DBL,BB,ADL-1,2026-05-30,321.77,1,21,false,3
HG_012,DBL,BB,ADL-1,2026-05-31,329.10,3,21,false,3
HG_012,DBL,BB,ADL-1,2026-06-01,300.84,3,21,false,3
HG_012,DBL,BB,ADL-1,2026-06-02,304.89,3,21,false,3
HG_012,DBL,BB,ADL-1,2026-06-03,296.57,3,21,false,3
HG_012,DBL,BB,ADL-1,2026-06-04,310.37,3,21,false,3
HG_012,DBL,BB,ADL-1,2026-06-05,300.09,3,21,false,3
HG_012,DBL,BB,ADL-1,2026-06-06,327.71,3,21,false,3
HG_012,DBL,BB,ADL-1,2026-06-07,328.52,3,21,false,3
HG_012,DBL,BB,ADL-1,2026-06-08,313.69,3,21,false,3
HG_012,DBL,BB,ADL-1,2026-06-09,311.87,3,21,false,3
HG_012,DBL,BB,ADL-1,2026-06-10,311.20,3,21,false,3
HG_012,DBL,BB,ADL-1,2026-06-11,313.46,3,21,false,3
HG_012,DBL,BB,ADL-1,2026-06-12,295.93,3,21,false,3
HG_012,DBL,BB,ADL-1,2026-06-13,320.13,3,21,false,3
HG_012,DBL,BB,ADL-1,2026-06-14,320.43,3,21,false,3
HG_012,DBL,BB,ADL-1,2026-06-15,324.66,1,21,false,3
HG_012,DBL,BB,ADL-1,2026-06-16,319.98,1,21,false,3
HG_012,DBL,BB,ADL-1,2026-06-17,305.83,1,21,false,3
HG_012,DBL,BB,ADL-1,2026-06-18,323.52,1,21,false,3
HG_012,DBL,BB,ADL-1,2026-06-19,312.57,1,21,false,3
HG_012,DBL,BB,ADL-1,2026-06-20,333.08,1,21,false,3
HG_012,DBL,BB,ADL-1,2026-06-21,330.72,1,21,false,3
HG_012,DBL,BB,ADL-1,2026-06-22,307.72,1,21,false,3
HG_012,DBL,BB,ADL-1,2026-06-23,323.37,1,21,false,3
HG_012,DBL,BB,ADL-1,2026-06-24,318.68,1,21,false,3
HG_012,DBL,BB,ADL-1,2026-06-25,304.40,1,21,false,3
HG_012,DBL,BB,ADL-1,2026-06-26,325.62,1,21,false,3
HG_012,DBL,BB,ADL-1,2026-06-27,323.89,1,21,false,3
HG_012,DBL,BB,ADL-1,2026-06-28,334.03,1,21,false,3
HG_012,DBL,BB,ADL-1,2026-06-29,324.78,1,21,false,3
HG_012,DBL,BB,ADL-2,2026-05-01,294.66,3,21,false,3
HG_012,DBL,BB,ADL-2,2026-05-02,313.09,3,21,false,3
HG_012,DBL,BB,ADL-2,2026-05-03,294.38,3,21,false,3
HG_012,DBL,BB,ADL-2,2026-05-04,282.82,3,21,false,3
HG_012,DBL,BB,ADL-2,2026-05-05,283.33,3,21,false,3
HG_012,DBL,BB,ADL-2,2026-05-06,280.53,3,21,false,3
HG_012,DBL,BB,ADL-2,2026-05-07,277.78,3,21,false,3
HG_012,DBL,BB,ADL-2,2026-05-08,292.80,3,21,false,3
HG_012,DBL,BB,ADL-2,2026-05-09,312.58,3,21,false,3
HG_012,DBL,BB,ADL-2,2026-05-10,302.07,3,21,false,3
HG_012,DBL,BB,ADL-2,2026-05-11,275.31,3,21,false,3
HG_012,DBL,BB,ADL-2,2026-05-12,293.44,3,21,false,3
HG_012,DBL,BB,ADL-2,2026-05-13,280.93,3,21,false,3
HG_012,DBL,BB,ADL-2,2026-05-14,282.89,3,21,false,3
HG_012,DBL,BB,ADL-2,2026-05-15,284.75,3,21,false,3
HG_012,DBL,BB,ADL-2,2026-05-16,305.40,1,21,false,3
HG_012,DBL,BB,ADL-2,2026-05-17,314.40,1,21,false,3
HG_012,DBL,BB,ADL-2,2026-05-18,289.89,1,21,false,3
HG_012,DBL,BB,ADL-2,2026-05-19,301.81,1,21,false,3
HG_012,DBL,BB,ADL-2,2026-05-20,297.67,1,21,false,3
HG_012,DBL,BB,ADL-2,2026-05-21,299.24,1,21,false,3
HG_012,DBL,BB,ADL-2,2026-05-22,301.31,1,21,false,3
HG_012,DBL,BB,ADL-2,2026-05-23,314.75,1,21,false,3
HG_012,DBL,BB,ADL-2,2026-05-24,304.69,1,21,false,3
HG_012,DBL,BB,ADL-2,2026-05-25,304.13,1,21,false,3
HG_012,DBL,BB,ADL-2,2026-05-26,293.87,1,21,false,3
HG_012,DBL,BB,ADL-2,2026-05-27,305.18,1,21,false,3
HG_012,DBL,BB,ADL-2,2026-05-28,304.40,1,21,false,3
HG_012,DBL,BB,ADL-2,2026-05-29,293.10,1,21,false,3
HG_012,DBL,BB,ADL-2,2026-05-30,307.57,1,21,false,3
HG_012,DBL,BB,ADL-2,2026-05-31,328.59,3,21,false,3
HG_012,DBL,BB,ADL-2,2026-06-01,302.89,3,21,false,3
HG_012,DBL,BB,ADL-2,2026-06-02,301.81,3,21,false,3
HG_012,DBL,BB,ADL-2,2026-06-03,295.52,3,21,false,3
HG_012,DBL,BB,ADL-2,2026-06-04,310.93,3,21,false,3
HG_012,DBL,BB,ADL-2,2026-06-05,312.80,3,21,false,3
HG_012,DBL,BB,ADL-2,2026-06-06,333.24,3,21,false,3
HG_012,DBL,BB,ADL-2,2026-06-07,325.57,3,21,false,3
HG_012,DBL,BB,ADL-2,2026-06-08,312.32,3,21,false,3
HG_012,DBL,BB,ADL-2,2026-06-09,309.82,3,21,false,3
HG_012,DBL,BB,ADL-2,2026-06-10,299.18,3,21,false,3
HG_012,DBL,BB,ADL-2,2026-06-11,307.97,3,21,false,3
HG_012,DBL,BB,ADL-2,2026-06-12,312.75,3,21,false,3
HG_012,DBL,BB,ADL-2,2026-06-13,330.81,3,21,false,3
HG_012,DBL,BB,ADL-2,2026-06-14,316.80,3,21,false,3
HG_012,DBL,BB,ADL-2,2026-06-15,309.56,1,21,false,3
HG_012,DBL,BB,ADL-2,2026-06-16,321.78,1,21,false,3
HG_012,DBL,BB,ADL-2,2026-06-17,324.78,1,21,false,3
HG_012,DBL,BB,ADL-2,2026-06-18,310.91,1,21,false,3
HG_012,DBL,BB,ADL-2,2026-06-19,314.70,1,21,false,3
HG_012,DBL,BB,ADL-2,2026-06-20,326.13,1,21,false,3
HG_012,DBL,BB,ADL-2,2026-06-21,344.03,1,21,false,3
HG_012,DBL,BB,ADL-2,2026-06-22,314.06,1,21,false,3
HG_012,DBL,BB,ADL-2,2026-06-23,325.10,1,21,false,3
HG_012,DBL,BB,ADL-2,2026-06-24,316.75,1,21,false,3
HG_012,DBL,BB,ADL-2,2026-06-25,308.36,1,21,false,3
HG_012,DBL,BB,ADL-2,2026-06-26,306.24,1,21,false,3
HG_012,DBL,BB,ADL-2,2026-06-27,345.10,1,21,false,3
HG_012,DBL,BB,ADL-2,2026-06-28,327.05,1,21,false,3
HG_012,DBL,BB,ADL-2,2026-06-29,313.12,1,21,false,3
HG_012,DBL,HB,ADL-1,2026-05-01,293.82,3,21,false,3
HG_012,DBL,HB,ADL-1,2026-05-02,331.09,3,21,false,3
HG_012,DBL,HB,ADL-1,2026-05-03,320.75,3,21,false,3
HG_012,DBL,HB,ADL-1,2026-05-04,301.44,3,21,false,3
HG_012,DBL,HB,ADL-1,2026-05-05,297.42,3,21,false,3
HG_012,DBL,HB,ADL-1,2026-05-06,300.23,3,21,false,3
HG_012,DBL,HB,ADL-1,2026-05-07,299.20,3,21,false,3
HG_012,DBL,HB,ADL-1,2026-05-08,304.83,3,21,false,3
HG_012,DBL,HB,ADL-1,2026-05-09,326.60,3,21,false,3
HG_012,DBL,HB,ADL-1,2026-05-10,324.86,3,21,false,3
HG_012,DBL,HB,ADL-1,2026-05-11,298.53,3,21,false,3
HG_012,DBL,HB,ADL-1,2026-05-12,308.74,3,21,false,3
HG_012,DBL,HB,ADL-1,2026-05-13,291.36,3,21,false,3
HG_012,DBL,HB,ADL-1,2026-05-14,297.87,3,21,false,3
HG_012,DBL,HB,ADL-1,2026-05-15,302.04,3,21,false,3
HG_012,DBL,HB,ADL-1,2026-05-16,334.22,1,21,false,3
HG_012,DBL,HB,ADL-1,2026-05-17,336.72,1,21,false,3
HG_012,DBL,HB,ADL-1,2026-05-18,309.09,1,21,false,3
HG_012,DBL,HB,ADL-1,2026-05-19,299.51,1,21,false,3
HG_012,DBL,HB,ADL-1,2026-05-20,311.89,1,21,false,3
HG_012,DBL,HB,ADL-1,2026-05-21,314.46,1,21,false,3
HG_012,DBL,HB,ADL-1,2026-05-22,301.74,1,21,false,3
HG_012,DBL,HB,ADL-1,2026-05-23,337.95,1,21,false,3
HG_012,DBL,HB,ADL-1,2026-05-24,338.57,1,21,false,3
HG_012,DBL,HB,ADL-1,2026-05-25,304.07,1,21,false,3
HG_012,DBL,HB,ADL-1,2026-05-26,318.09,1,21,false,3
HG_012,DBL,HB,ADL-1,2026-05-27,303.17,1,21,false,3
HG_012,DBL,HB,ADL-1,2026-05-28,299.44,1,21,false,3
HG_012,DBL,HB,ADL-1,2026-05-29,319.88,1,21,false,3
HG_012,DBL,HB,ADL-1,2026-05-30,324.85,1,21,false,3
HG_012,DBL,HB,ADL-1,2026-05-31,347.64,3,21,false,3
HG_012,DBL,HB,ADL-1,2026-06-01,326.87,3,21,false,3
HG_012,DBL,HB,ADL-1,2026-06-02,316.59,3,21,false,3
HG_012,DBL,HB,ADL-1,2026-06-03,316.20,3,21,false,3
HG_012,DBL,HB,ADL-1,2026-06-04,323.87,3,21,false,3
HG_012,DBL,HB,ADL-1,2026-06-05,319.09,3,21,false,3
HG_012,DBL,HB,ADL-1,2026-06-06,331.49,3,21,false,3
HG_012,DBL,HB,ADL-1,2026-06-07,348.07,3,21,false,3
HG_012,DBL,HB,ADL-1,2026-06-08,327.42,3,21,false,3
HG_012,DBL,HB,ADL-1,2026-06-09,311.86,3,21,false,3
HG_012,DBL,HB,ADL-1,2026-06-10,326.17,3,21,false,3
HG_012,DBL,HB,ADL-1,2026-06-11,327.93,3,21,false,3
HG_012,DBL,HB,ADL-1,2026-06-12,309.21,3,21,false,3
HG_012,DBL,HB,ADL-1,2026-06-13,332.92,3,21,false,3
HG_012,DBL,HB,ADL-1,2026-06-14,342.35,3,21,false,3
HG_012,DBL,HB,ADL-1,2026-06-15,336.45,1,21,false,3
HG_012,DBL,HB,ADL-1,2026-06-16,321.50,1,21,false,3
HG_012,DBL,HB,ADL-1,2026-06-17,327.21,1,21,false,3
HG_012,DBL,HB,ADL-1,2026-06-18,338.42,1,21,false,3
HG_012,DBL,HB,ADL-1,2026-06-19,324.10,1,21,false,3
HG_012,DBL,HB,ADL-1,2026-06-20,351.80,1,21,false,3
HG_012,DBL,HB,ADL-1,2026-06-21,340.09,1,21,false,3
HG_012,DBL,HB,ADL-1,2026-06-22,339.47,1,21,false,3
HG_012,DBL,HB,ADL-1,2026-06-23,320.91,1,21,false,3
HG_012,DBL,HB,ADL-1,2026-06-24,321.26,1,21,false,3
HG_012,DBL,HB,ADL-1,2026-06-25,339.24,1,21,false,3
HG_012,DBL,HB,ADL-1,2026-06-26,334.97,1,21,false,3
HG_012,DBL,HB,ADL-1,2026-06-27,349.46,1,21,false,3
HG_012,DBL,HB,ADL-1,2026-06-28,352.50,1,21,false,3
HG_012,DBL,HB,ADL-1,2026-06-29,323.81,1,21,false,3
HG_012,DBL,HB,ADL-2,2026-05-01,290.27,3,21,false,3
HG_012,DBL,HB,ADL-2,2026-05-02,325.21,3,21,false,3
HG_012,DBL,HB,ADL-2,2026-05-03,312.50,3,21,false,3
HG_012,DBL,HB,ADL-2,2026-05-04,299.39,3,21,false,3
HG_012,DBL,HB,ADL-2,2026-05-05,304.16,3,21,false,3
HG_012,DBL,HB,ADL-2,2026-05-06,305.14,3,21,false,3
HG_012,DBL,HB,ADL-2,2026-05-07,303.31,3,21,false,3
HG_012,DBL,HB,ADL-2,2026-05-08,292.03,3,21,false,3
HG_012,DBL,HB,ADL-2,2026-05-09,316.62,3,21,false,3
HG_012,DBL,HB,ADL-2,2026-05-10,311.39,3,21,false,3
HG_012,DBL,HB,ADL-2,2026-05-11,295.04,3,21,false,3
HG_012,DBL,HB,ADL-2,2026-05-12,308.93,3,21,false,3
HG_012,DBL,HB,ADL-2,2026-05-13,291.83,3,21,false,3
HG_012,DBL,HB,ADL-2,2026-05-14,309.59,3,21,false,3
HG_012,DBL,HB,ADL-2,2026-05-15,308.61,3,21,false,3
HG_012,DBL,HB,ADL-2,2026-05-16,329.01,1,21,false,3
HG_012,DBL,HB,ADL-2,2026-05-17,327.56,1,21,false,3
HG_012,DBL,HB,ADL-2,2026-05-18,317.46,1,21,false,3
HG_012,DBL,HB,ADL-2,2026-05-19,301.72,1,21,false,3
HG_012,DBL,HB,ADL-2,2026-05-20,309.34,1,21,false,3
HG_012,DBL,HB,ADL-2,2026-05-21,299.56,1,21,false,3
HG_012,DBL,HB,ADL-2,2026-05-22,317.65,1,21,false,3
HG_012,DBL,HB,ADL-2,2026-05-23,340.30,1,21,false,3
HG_012,DBL,HB,ADL-2,2026-05-24,322.20,1,21,false,3
HG_012,DBL,HB,ADL-2,2026-05-25,306.79,1,21,false,3
HG_012,DBL,HB,ADL-2,2026-05-26,313.48,1,21,false,3
HG_012,DBL,HB,ADL-2,2026-05-27,302.18,1,21,false,3
HG_012,DBL,HB,ADL-2,2026-05-28,319.48,1,21,false,3
HG_012,DBL,HB,ADL-2,2026-05-29,299.77,1,21,false,3
HG_012,DBL,HB,ADL-2,2026-05-30,330.97,1,21,false,3
HG_012,DBL,HB,ADL-2,2026-05-31,335.29,3,21,false,3
HG_012,DBL,HB,ADL-2,2026-06-01,310.29,3,21,false,3
HG_012,DBL,HB,ADL-2,2026-06-02,321.87,3,21,false,3
HG_012,DBL,HB,ADL-2,2026-06-03,315.88,3,21,false,3
HG_012,DBL,HB,ADL-2,2026-06-04,321.82,3,21,false,3
HG_012,DBL,HB,ADL-2,2026-06-05,325.96,3,21,false,3
HG_012,DBL,HB,ADL-2,2026-06-06,335.22,3,21,false,3
HG_012,DBL,HB,ADL-2,2026-06-07,346.11,3,21,false,3
HG_012,DBL,HB,ADL-2,2026-06-08,313.15,3,21,false,3
HG_012,DBL,HB,ADL-2,2026-06-09,318.25,3,21,false,3
HG_012,DBL,HB,ADL-2,2026-06-10,317.31,3,21,false,3
HG_012,DBL,HB,ADL-2,2026-06-11,330.83,3,21,false,3
HG_012,DBL,HB,ADL-2,2026-06-12,319.88,3,21,false,3
HG_012,DBL,HB,ADL-2,2026-06-13,347.72,3,21,false,3
HG_012,DBL,HB,ADL-2,2026-06-14,337.65,3,21,false,3
HG_012,DBL,HB,ADL-2,2026-06-15,326.29,1,21,false,3
HG_012,DBL,HB,ADL-2,2026-06-16,338.60,1,21,false,3
HG_012,DBL,HB,ADL-2,2026-06-17,327.25,1,21,false,3
HG_012,DBL,HB,ADL-2,2026-06-18,336.51,1,21,false,3
HG_012,DBL,HB,ADL-2,2026-06-19,335.74,1,21,false,3
HG_012,DBL,HB,ADL-2,2026-06-20,343.57,1,21,false,3
HG_012,DBL,HB,ADL-2,2026-06-21,347.02,1,21,false,3
HG_012,DBL,HB,ADL-2,2026-06-22,338.83,1,21,false,3
HG_012,DBL,HB,ADL-2,2026-06-23,327.67,1,21,false,3
HG_012,DBL,HB,ADL-2,2026-06-24,326.40,1,21,false,3
HG_012,DBL,HB,ADL-2,2026-06-25,323.01,1,21,false,3
HG_012,DBL,HB,ADL-2,2026-06-26,334.05,1,21,false,3
HG_012,DBL,HB,ADL-2,2026-06-27,351.16,1,21,false,3
HG_012,DBL,HB,ADL-2,2026-06-28,344.05,1,21,false,3
HG_012,DBL,HB,ADL-2,2026-06-29,341.39,1,21,false,3
HG_012,DBL,FB,ADL-1,2026-05-01,314.69,3,21,false,3
HG_012,DBL,FB,ADL-1,2026-05-02,323.69,3,21,false,3
HG_012,DBL,FB,ADL-1,2026-05-03,339.01,3,21,false,3
HG_012,DBL,FB,ADL-1,2026-05-04,319.03,3,21,false,3
HG_012,DBL,FB,ADL-1,2026-05-05,307.74,3,21,false,3
HG_012,DBL,FB,ADL-1,2026-05-06,305.28,3,21,false,3
HG_012,DBL,FB,ADL-1,2026-05-07,323.39,3,21,false,3
HG_012,DBL,FB,ADL-1,2026-05-08,316.92,3,21,false,3
HG_012,DBL,FB,ADL-1,2026-05-09,333.50,3,21,false,3
HG_012,DBL,FB,ADL-1,2026-05-10,334.22,3,21,false,3
HG_012,DBL,FB,ADL-1,2026-05-11,319.63,3,21,false,3
HG_012,DBL,FB,ADL-1,2026-05-12,309.73,3,21,false,3
HG_012,DBL,FB,ADL-1,2026-05-13,325.84,3,21,false,3
HG_012,DBL,FB,ADL-1,2026-05-14,304.70,3,21,false,3
HG_012,DBL,FB,ADL-1,2026-05-15,319.26,3,21,false,3
HG_012,DBL,FB,ADL-1,2026-05-16,348.15,1,21,false,3
HG_012,DBL,FB,ADL-1,2026-05-17,342.52,1,21,false,3
HG_012,DBL,FB,ADL-1,2026-05-18,329.21,1,21,false,3
HG_012,DBL,FB,ADL-1,2026-05-19,327.65,1,21,false,3
HG_012,DBL,FB,ADL-1,2026-05-20,313.92,1,21,false,3
HG_012,DBL,FB,ADL-1,2026-05-21,317.23,1,21,false,3
HG_012,DBL,FB,ADL-1,2026-05-22,333.45,1,21,false,3
HG_012,DBL,FB,ADL-1,2026-05-23,343.40,1,21,false,3
HG_012,DBL,FB,ADL-1,2026-05-24,342.64,1,21,false,3
HG_012,DBL,FB,ADL-1,2026-05-25,325.45,1,21,false,3
HG_012,DBL,FB,ADL-1,2026-05-26,317.99,1,21,false,3
HG_012,DBL,FB,ADL-1,2026-05-27,323.02,1,21,false,3
HG_012,DBL,FB,ADL-1,2026-05-28,322.41,1,21,false,3
HG_012,DBL,FB,ADL-1,2026-05-29,333.51,1,21,false,3
HG_012,DBL,FB,ADL-1,2026-05-30,347.30,1,21,false,3
HG_012,DBL,FB,ADL-1,2026-05-31,367.12,3,21,false,3
HG_012,DBL,FB,ADL-1,2026-06-01,329.95,3,21,false,3
HG_012,DBL,FB,ADL-1,2026-06-02,337.99,3,21,false,3
HG_012,DBL,FB,ADL-1,2026-06-03,338.97,3,21,false,3
HG_012,DBL,FB,ADL-1,2026-06-04,342.01,3,21,false,3
HG_012,DBL,FB,ADL-1,2026-06-05,345.77,3,21,false,3
HG_012,DBL,FB,ADL-1,2026-06-06,352.93,3,21,false,3
HG_012,DBL,FB,ADL-1,2026-06-07,350.39,3,21,false,3
HG_012,DBL,FB,ADL-1,2026-06-08,326.80,3,21,false,3
HG_012,DBL,FB,ADL-1,2026-06-09,325.52,3,21,false,3
HG_012,DBL,FB,ADL-1,2026-06-10,325.65,3,21,false,3
HG_012,DBL,FB,ADL-1,2026-06-11,340.02,3,21,false,3
HG_012,DBL,FB,ADL-1,2026-06-12,328.70,3,21,false,3
HG_012,DBL,FB,ADL-1,2026-06-13,355.90,3,21,false,3
HG_012,DBL,FB,ADL-1,2026-06-14,344.62,3,21,false,3
HG_012,DBL,FB,ADL-1,2026-06-15,334.26,1,21,false,3
HG_012,DBL,FB,ADL-1,2026-06-16,334.38,1,21,false,3
HG_012,DBL,FB,ADL-1,2026-06-17,342.51,1,21,false,3
HG_012,DBL,FB,ADL-1,2026-06-18,336.90,1,21,false,3
HG_012,DBL,FB,ADL-1,2026-06-19,345.57,1,21,false,3
HG_012,DBL,FB,ADL-1,2026-06-20,362.69,1,21,false,3
HG_012,DBL,FB,ADL-1,2026-06-21,367.45,1,21,false,3
HG_012,DBL,FB,ADL-1,2026-06-22,351.86,1,21,false,3
HG_012,DBL,FB,ADL-1,2026-06-23,351.05,1,21,false,3
HG_012,DBL,FB,ADL-1,2026-06-24,349.52,1,21,false,3
HG_012,DBL,FB,ADL-1,2026-06-25,353.48,1,21,false,3
HG_012,DBL,FB,ADL-1,2026-06-26,352.77,1,21,false,3
HG_012,DBL,FB,ADL-1,2026-06-27,354.04,1,21,false,3
HG_012,DBL,FB,ADL-1,2026-06-28,366.01,1,21,false,3
HG_012,DBL,FB,ADL-1,2026-06-29,350.25,1,21,false,3
HG_012,DBL,FB,ADL-2,2026-05-01,306.09,3,21,false,3
HG_012,DBL,FB,ADL-2,2026-05-02,331.82,3,21,false,3
HG_012,DBL,FB,ADL-2,2026-05-03,335.55,3,21,false,3
HG_012,DBL,FB,ADL-2,2026-05-04,319.97,3,21,false,3
HG_012,DBL,FB,ADL-2,2026-05-05,306.23,3,21,false,3
HG_012,DBL,FB,ADL-2,2026-05-06,309.78,3,21,false,3
HG_012,DBL,FB,ADL-2,2026-05-07,306.54,3,21,false,3
HG_012,DBL,FB,ADL-2,2026-05-08,314.94,3,21,false,3
HG_012,DBL,FB,ADL-2,2026-05-09,344.55,3,21,false,3
HG_012,DBL,FB,ADL-2,2026-05-10,337.73,3,21,false,3
HG_012,DBL,FB,ADL-2,2026-05-11,304.83,3,21,false,3
HG_012,DBL,FB,ADL-2,2026-05-12,319.51,3,21,false,3
HG_012,DBL,FB,ADL-2,2026-05-13,310.07,3,21,false,3
HG_012,DBL,FB,ADL-2,2026-05-14,305.61,3,21,false,3
HG_012,DBL,FB,ADL-2,2026-05-15,315.57,3,21,false,3
HG_012,DBL,FB,ADL-2,2026-05-16,341.10,1,21,false,3
HG_012,DBL,FB,ADL-2,2026-05-17,341.81,1,21,false,3
HG_012,DBL,FB,ADL-2,2026-05-18,329.35,1,21,false,3
HG_012,DBL,FB,ADL-2,2026-05-19,329.50,1,21,false,3
HG_012,DBL,FB,ADL-2,2026-05-20,322.64,1,21,false,3
HG_012,DBL,FB,ADL-2,2026-05-21,323.66,1,21,false,3
HG_012,DBL,FB,ADL-2,2026-05-22,321.40,1,21,false,3
HG_012,DBL,FB,ADL-2,2026-05-23,355.74,1,21,false,3
HG_012,DBL,FB,ADL-2,2026-05-24,353.79,1,21,false,3
HG_012,DBL,FB,ADL-2,2026-05-25,331.96,1,21,false,3
HG_012,DBL,FB,ADL-2,2026-05-26,335.32,1,21,false,3
HG_012,DBL,FB,ADL-2,2026-05-27,313.77,1,21,false,3
HG_012,DBL,FB,ADL-2,2026-05-28,324.46,1,21,false,3
HG_012,DBL,FB,ADL-2,2026-05-29,318.96,1,21,false,3
HG_012,DBL,FB,ADL-2,2026-05-30,340.16,1,21,false,3
HG_012,DBL,FB,ADL-2,2026-05-31,355.00,3,21,false,3
HG_012,DBL,FB,ADL-2,2026-06-01,333.61,3,21,false,3
HG_012,DBL,FB,ADL-2,2026-06-02,323.80,3,21,false,3
HG_012,DBL,FB,ADL-2,2026-06-03,337.02,3,21,false,3
HG_012,DBL,FB,ADL-2,2026-06-04,332.13,3,21,false,3
HG_012,DBL,FB,ADL-2,2026-06-05,344.77,3,21,false,3
HG_012,DBL,FB,ADL-2,2026-06-06,350.35,3,21,false,3
HG_012,DBL,FB,ADL-2,2026-06-07,345.94,3,21,false,3
HG_012,DBL,FB,ADL-2,2026-06-08,324.40,3,21,false,3
HG_012,DBL,FB,ADL-2,2026-06-09,345.89,3,21,false,3
HG_012,DBL,FB,ADL-2,2026-06-10,325.17,3,21,false,3
HG_012,DBL,FB,ADL-2,2026-06-11,341.48,3,21,false,3
HG_012,DBL,FB,ADL-2,2026-06-12,326.67,3,21,false,3
HG_012,DBL,FB,ADL-2,2026-06-13,346.42,3,21,false,3
HG_012,DBL,FB,ADL-2,2026-06-14,345.93,3,21,false,3
HG_012,DBL,FB,ADL-2,2026-06-15,336.54,1,21,false,3
HG_012,DBL,FB,ADL-2,2026-06-16,349.04,1,21,false,3
HG_012,DBL,FB,ADL-2,2026-06-17,356.68,1,21,false,3
HG_012,DBL,FB,ADL-2,2026-06-18,342.84,1,21,false,3
HG_012,DBL,FB,ADL-2,2026-06-19,345.92,1,21,false,3
HG_012,DBL,FB,ADL-2,2026-06-20,373.92,1,21,false,3
HG_012,DBL,FB,ADL-2,2026-06-21,353.89,1,21,false,3
HG_012,DBL,FB,ADL-2,2026-06-22,355.53,1,21,false,3
HG_012,DBL,FB,ADL-2,2026-06-23,335.38,1,21,false,3
HG_012,DBL,FB,ADL-2,2026-06-24,338.47,1,21,false,3
HG_012,DBL,FB,ADL-2,2026-06-25,341.09,1,21,false,3
HG_012,DBL,FB,ADL-2,2026-06-26,349.88,1,21,false,3
HG_012,DBL,FB,ADL-2,2026-06-27,353.54,1,21,false,3
HG_012,DBL,FB,ADL-2,2026-06-28,355.28,1,21,false,3
HG_012,DBL,FB,ADL-2,2026-06-29,347.28,1,21,false,3
HG_012,SGL,RO,ADL-1,2026-05-01,308.19,3,21,false,3
HG_012,SGL,RO,ADL-1,2026-05-02,324.97,3,21,false,3
HG_012,SGL,RO,ADL-1,2026-05-03,321.07,3,21,false,3
HG_012,SGL,RO,ADL-1,2026-05-04,300.96,3,21,false,3
HG_012,SGL,RO,ADL-1,2026-05-05,303.33,3,21,false,3
HG_012,SGL,RO,ADL-1,2026-05-06,304.49,3,21,false,3
HG_012,SGL,RO,ADL-1,2026-05-07,290.28,3,21,false,3
HG_012,SGL,RO,ADL-1,2026-05-08,294.63,3,21,false,3
HG_012,SGL,RO,ADL-1,2026-05-09,327.58,3,21,false,3
HG_012,SGL,RO,ADL-1,2026-05-10,326.74,3,21,false,3
HG_012,SGL,RO,ADL-1,2026-05-11,298.14,3,21,false,3
HG_012,SGL,RO,ADL-1,2026-05-12,299.42,3,21,false,3
HG_012,SGL,RO,ADL-1,2026-05-13,290.87,3,21,false,3
HG_012,SGL,RO,ADL-1,2026-05-14,300.20,3,21,false,3
HG_012,SGL,RO,ADL-1,2026-05-15,294.93,3,21,false,3
HG_012,SGL,RO,ADL-1,2026-05-16,320.33,1,21,false,3
HG_012,SGL,RO,ADL-1,2026-05-17,319.31,1,21,false,3
HG_012,SGL,RO,ADL-1,2026-05-18,311.98,1,21,false,3
HG_012,SGL,RO,ADL-1,2026-05-19,320.30,1,21,false,3
HG_012,SGL,RO,ADL-1,2026-05-20,299.84,1,21,false,3
HG_012,SGL,RO,ADL-1,2026-05-21,309.11,1,21,false,3
HG_012,SGL,RO,ADL-1,2026-05-22,315.68,1,21,false,3
HG_012,SGL,RO,ADL-1,2026-05-23,327.81,1,21,false,3
HG_012,SGL,RO,ADL-1,2026-05-24,318.91,1,21,false,3
HG_012,SGL,RO,ADL-1,2026-05-25,308.66,1,21,false,3
HG_012,SGL,RO,ADL-1,2026-05-26,305.13,1,21,false,3
HG_012,SGL,RO,ADL-1,2026-05-27,317.26,1,21,false,3
HG_012,SGL,RO,ADL-1,2026-05-28,302.68,1,21,false,3
HG_012,SGL,RO,ADL-1,2026-05-29,316.23,1,21,false,3
HG_012,SGL,RO,ADL-1,2026-05-30,324.72,1,21,false,3
HG_012,SGL,RO,ADL-1,2026-05-31,350.87,3,21,false,3
HG_012,SGL,RO,ADL-1,2026-06-01,311.42,3,21,false,3
HG_012,SGL,RO,ADL-1,2026-06-02,322.07,3,21,false,3
HG_012,SGL,RO,ADL-1,2026-06-03,324.83,3,21,false,3
HG_012,SGL,RO,ADL-1,2026-06-04,325.36,3,21,false,3
HG_012,SGL,RO,ADL-1,2026-06-05,317.90,3,21,false,3
HG_012,SGL,RO,ADL-1,2026-06-06,338.49,3,21,false,3
HG_012,SGL,RO,ADL-1,2026-06-07,330.92,3,21,false,3
HG_012,SGL,RO,ADL-1,2026-06-08,330.11,3,21,false,3
HG_012,SGL,RO,ADL-1,2026-06-09,318.88,3,21,false,3
HG_012,SGL,RO,ADL-1,2026-06-10,319.12,3,21,false,3
HG_012,SGL,RO,ADL-1,2026-06-11,311.18,3,21,false,3
HG_012,SGL,RO,ADL-1,2026-06-12,324.68,3,21,false,3
HG_012,SGL,RO,ADL-1,2026-06-13,345.75,3,21,false,3
HG_012,SGL,RO,ADL-1,2026-06-14,346.44,3,21,false,3
HG_012,SGL,RO,ADL-1,2026-06-15,339.29,1,21,false,3
HG_012,SGL,RO,ADL-1,2026-06-16,341.24,1,21,false,3
HG_012,SGL,RO,ADL-1,2026-06-17,336.98,1,21,false,3
HG_012,SGL,RO,ADL-1,2026-06-18,322.51,1,21,false,3
HG_012,SGL,RO,ADL-1,2026-06-19,318.86,1,21,false,3
HG_012,SGL,RO,ADL-1,2026-06-20,350.06,1,21,false,3
HG_012,SGL,RO,ADL-1,2026-06-21,342.51,1,21,false,3
HG_012,SGL,RO,ADL-1,2026-06-22,322.95,1,21,false,3
HG_012,SGL,RO,ADL-1,2026-06-23,319.07,1,21,false,3
HG_012,SGL,RO,ADL-1,2026-06-24,326.34,1,21,false,3
HG_012,SGL,RO,ADL-1,2026-06-25,320.03,1,21,false,3
HG_012,SGL,RO,ADL-1,2026-06-26,333.22,1,21,false,3
HG_012,SGL,RO,ADL-1,2026-06-27,347.35,1,21,false,3
HG_012,SGL,RO,ADL-1,2026-06-28,360.69,1,21,false,3
HG_012,SGL,RO,ADL-1,2026-06-29,332.61,1,21,false,3
HG_012,SGL,RO,ADL-2,2026-05-01,291.06,3,21,false,3
HG_012,SGL,RO,ADL-2,2026-05-02,324.03,3,21,false,3
HG_012,SGL,RO,ADL-2,2026-05-03,310.77,3,21,false,3
HG_012,SGL,RO,ADL-2,2026-05-04,289.75,3,21,false,3
HG_012,SGL,RO,ADL-2,2026-05-05,305.28,3,21,false,3
HG_012,SGL,RO,ADL-2,2026-05-06,289.89,3,21,false,3
HG_012,SGL,RO,ADL-2,2026-05-07,301.87,3,21,false,3
HG_012,SGL,RO,ADL-2,2026-05-08,293.83,3,21,false,3
HG_012,SGL,RO,ADL-2,2026-05-09,313.98,3,21,false,3
HG_012,SGL,RO,ADL-2,2026-05-10,325.69,3,21,false,3
HG_012,SGL,RO,ADL-2,2026-05-11,293.86,3,21,false,3
HG_012,SGL,RO,ADL-2,2026-05-12,295.62,3,21,false,3
HG_012,SGL,RO,ADL-2,2026-05-13,304.45,3,21,false,3
HG_012,SGL,RO,ADL-2,2026-05-14,299.57,3,21,false,3
HG_012,SGL,RO,ADL-2,2026-05-15,298.85,3,21,false,3
HG_012,SGL,RO,ADL-2,2026-05-16,319.34,1,21,false,3
HG_012,SGL,RO,ADL-2,2026-05-17,339.79,1,21,false,3
HG_012,SGL,RO,ADL-2,2026-05-18,316.72,1,21,false,3
HG_012,SGL,RO,ADL-2,2026-05-19,299.47,1,21,false,3
HG_012,SGL,RO,ADL-2,2026-05-20,312.42,1,21,false,3
HG_012,SGL,RO,ADL-2,2026-05-21,305.12,1,21,false,3
HG_012,SGL,RO,ADL-2,2026-05-22,300.32,1,21,false,3
HG_012,SGL,RO,ADL-2,2026-05-23,321.12,1,21,false,3
HG_012,SGL,RO,ADL-2,2026-05-24,332.91,1,21,false,3
HG_012,SGL,RO,ADL-2,2026-05-25,312.68,1,21,false,3
HG_012,SGL,RO,ADL-2,2026-05-26,318.30,1,21,false,3
HG_012,SGL,RO,ADL-2,2026-05-27,309.30,1,21,false,3
HG_012,SGL,RO,ADL-2,2026-05-28,320.29,1,21,false,3
HG_012,SGL,RO,ADL-2,2026-05-29,309.52,1,21,false,3
HG_012,SGL,RO,ADL-2,2026-05-30,319.61,1,21,false,3
HG_012,SGL,RO,ADL-2,2026-05-31,330.86,3,21,false,3
HG_012,SGL,RO,ADL-2,2026-06-01,330.00,3,21,false,3
HG_012,SGL,RO,ADL-2,2026-06-02,330.54,3,21,false,3
HG_012,SGL,RO,ADL-2,2026-06-03,329.95,3,21,false,3
HG_012,SGL,RO,ADL-2,2026-06-04,312.94,3,21,false,3
HG_012,SGL,RO,ADL-2,2026-06-05,321.54,3,21,false,3
HG_012,SGL,RO,ADL-2,2026-06-06,332.96,3,21,false,3
HG_012,SGL,RO,ADL-2,2026-06-07,336.75,3,21,false,3
HG_012,SGL,RO,ADL-2,2026-06-08,324.56,3,21,false,3
HG_012,SGL,RO,ADL-2,2026-06-09,321.03,3,21,false,3
HG_012,SGL,RO,ADL-2,2026-06-10,324.27,3,21,false,3
HG_012,SGL,RO,ADL-2,2026-06-11,329.97,3,21,false,3
HG_012,SGL,RO,ADL-2,2026-06-12,330.99,3,21,false,3
HG_012,SGL,RO,ADL-2,2026-06-13,344.77,3,21,false,3
HG_012,SGL,RO,ADL-2,2026-06-14,343.20,3,21,false,3
HG_012,SGL,RO,ADL-2,2026-06-15,341.40,1,21,false,3
HG_012,SGL,RO,ADL-2,2026-06-16,322.30,1,21,false,3
HG_012,SGL,RO,ADL-2,2026-06-17,332.63,1,21,false,3
HG_012,SGL,RO,ADL-2,2026-06-18,336.61,1,21,false,3
HG_012,SGL,RO,ADL-2,2026-06-19,320.27,1,21,false,3
HG_012,SGL,RO,ADL-2,2026-06-20,344.55,1,21,false,3
HG_012,SGL,RO,ADL-2,2026-06-21,356.72,1,21,false,3
HG_012,SGL,RO,ADL-2,2026-06-22,334.27,1,21,false,3
HG_012,SGL,RO,ADL-2,2026-06-23,320.04,1,21,false,3
HG_012,SGL,RO,ADL-2,2026-06-24,335.10,1,21,false,3
HG_012,SGL,RO,ADL-2,2026-06-25,331.80,1,21,false,3
HG_012,SGL,RO,ADL-2,2026-06-26,318.81,1,21,false,3
HG_012,SGL,RO,ADL-2,2026-06-27,343.51,1,21,false,3
HG_012,SGL,RO,ADL-2,2026-06-28,344.27,1,21,false,3
HG_012,SGL,RO,ADL-2,2026-06-29,331.66,1,21,false,3
HG_012,SGL,BB,ADL-1,2026-05-01,325.62,3,21,false,3
HG_012,SGL,BB,ADL-1,2026-05-02,346.44,3,21,false,3
HG_012,SGL,BB,ADL-1,2026-05-03,324.58,3,21,false,3
HG_012,SGL,BB,ADL-1,2026-05-04,312.12,3,21,false,3
HG_012,SGL,BB,ADL-1,2026-05-05,312.43,3,21,false,3
HG_012,SGL,BB,ADL-1,2026-05-06,325.45,3,21,false,3
HG_012,SGL,BB,ADL-1,2026-05-07,316.94,3,21,false,3
HG_012,SGL,BB,ADL-1,2026-05-08,318.86,3,21,false,3
HG_012,SGL,BB,ADL-1,2026-05-09,325.59,3,21,false,3
HG_012,SGL,BB,ADL-1,2026-05-10,326.37,3,21,false,3
HG_012,SGL,BB,ADL-1,2026-05-11,310.79,3,21,false,3
HG_012,SGL,BB,ADL-1,2026-05-12,319.43,3,21,false,3
HG_012,SGL,BB,ADL-1,2026-05-13,324.27,3,21,false,3
HG_012,SGL,BB,ADL-1,2026-05-14,310.77,3,21,false,3
HG_012,SGL,BB,ADL-1,2026-05-15,306.28,3,21,false,3
HG_012,SGL,BB,ADL-1,2026-05-16,334.30,1,21,false,3
HG_012,SGL,BB,ADL-1,2026-05-17,340.64,1,21,false,3
HG_012,SGL,BB,ADL-1,2026-05-18,321.18,1,21,false,3
HG_012,SGL,BB,ADL-1,2026-05-19,335.75,1,21,false,3
HG_012,SGL,BB,ADL-1,2026-05-20,319.90,1,21,false,3
HG_012,SGL,BB,ADL-1,2026-05-21,334.33,1,21,false,3
HG_012,SGL,BB,ADL-1,2026-05-22,316.22,1,21,false,3
HG_012,SGL,BB,ADL-1,2026-05-23,353.27,1,21,false,3
HG_012,SGL,BB,ADL-1,2026-05-24,336.58,1,21,false,3
HG_012,SGL,BB,ADL-1,2026-05-25,319.27,1,21,false,3
HG_012,SGL,BB,ADL-1,2026-05-26,320.26,1,21,false,3
HG_012,SGL,BB,ADL-1,2026-05-27,319.02,1,21,false,3
HG_012,SGL,BB,ADL-1,2026-05-28,332.44,1,21,false,3
HG_012,SGL,BB,ADL-1,2026-05-29,324.96,1,21,false,3
HG_012,SGL,BB,ADL-1,2026-05-30,352.63,1,21,false,3
HG_012,SGL,BB,ADL-1,2026-05-31,363.43,3,21,false,3
HG_012,SGL,BB,ADL-1,2026-06-01,336.14,3,21,false,3
HG_012,SGL,BB,ADL-1,2026-06-02,341.88,3,21,false,3
HG_012,SGL,BB,ADL-1,2026-06-03,344.89,3,21,false,3
HG_012,SGL,BB,ADL-1,2026-06-04,339.60,3,21,false,3
HG_012,SGL,BB,ADL-1,2026-06-05,344.07,3,21,false,3
HG_012,SGL,BB,ADL-1,2026-06-06,345.72,3,21,false,3
HG_012,SGL,BB,ADL-1,2026-06-07,360.14,3,21,false,3
HG_012,SGL,BB,ADL-1,2026-06-08,336.82,3,21,false,3
HG_012,SGL,BB,ADL-1,2026-06-09,339.67,3,21,false,3
HG_012,SGL,BB,ADL-1,2026-06-10,343.28,3,21,false,3
HG_012,SGL,BB,ADL-1,2026-06-11,328.02,3,21,false,3
HG_012,SGL,BB,ADL-1,2026-06-12,343.03,3,21,false,3
HG_012,SGL,BB,ADL-1,2026-06-13,359.47,3,21,false,3
HG_012,SGL,BB,ADL-1,2026-06-14,345.28,3,21,false,3
HG_012,SGL,BB,ADL-1,2026-06-15,340.82,1,21,false,3
HG_012,SGL,BB,ADL-1,2026-06-16,339.97,1,21,false,3
HG_012,SGL,BB,ADL-1,2026-06-17,350.64,1,21,false,3
HG_012,SGL,BB,ADL-1,2026-06-18,345.20,1,21,false,3
HG_012,SGL,BB,ADL-1,2026-06-19,348.35,1,21,false,3
HG_012,SGL,BB,ADL-1,2026-06-20,359.63,1,21,false,3
HG_012,SGL,BB,ADL-1,2026-06-21,360.43,1,21,false,3
HG_012,SGL,BB,ADL-1,2026-06-22,355.44,1,21,false,3
HG_012,SGL,BB,ADL-1,2026-06-23,355.42,1,21,false,3
HG_012,SGL,BB,ADL-1,2026-06-24,341.90,1,21,false,3
HG_012,SGL,BB,ADL-1,2026-06-25,337.14,1,21,false,3
HG_012,SGL,BB,ADL-1,2026-06-26,337.92,1,21,false,3
HG_012,SGL,BB,ADL-1,2026-06-27,362.16,1,21,false,3
HG_012,SGL,BB,ADL-1,2026-06-28,355.54,1,21,false,3
HG_012,SGL,BB,ADL-1,2026-06-29,346.60,1,21,false,3
HG_012,SGL,BB,ADL-2,2026-05-01,316.61,3,21,false,3
HG_012,SGL,BB,ADL-2,2026-05-02,343.29,3,21,false,3
HG_012,SGL,BB,ADL-2,2026-05-03,344.52,3,21,false,3
HG_012,SGL,BB,ADL-2,2026-05-04,322.13,3,21,false,3
HG_012,SGL,BB,ADL-2,2026-05-05,308.42,3,21,false,3
HG_012,SGL,BB,ADL-2,2026-05-06,311.24,3,21,false,3
HG_012,SGL,BB,ADL-2,2026-05-07,307.56,3,21,false,3
HG_012,SGL,BB,ADL-2,2026-05-08,325.53,3,21,false,3
HG_012,SGL,BB,ADL-2,2026-05-09,342.07,3,21,false,3
HG_012,SGL,BB,ADL-2,2026-05-10,325.76,3,21,false,3
HG_012,SGL,BB,ADL-2,2026-05-11,313.13,3,21,false,3
HG_012,SGL,BB,ADL-2,2026-05-12,315.91,3,21,false,3
HG_012,SGL,BB,ADL-2,2026-05-13,311.47,3,21,false,3
HG_012,SGL,BB,ADL-2,2026-05-14,313.51,3,21,false,3
HG_012,SGL,BB,ADL-2,2026-05-15,324.05,3,21,false,3
HG_012,SGL,BB,ADL-2,2026-05-16,353.12,1,21,false,3
HG_012,SGL,BB,ADL-2,2026-05-17,337.83,1,21,false,3
HG_012,SGL,BB,ADL-2,2026-05-18,329.99,1,21,false,3
HG_012,SGL,BB,ADL-2,2026-05-19,314.41,1,21,false,3
HG_012,SGL,BB,ADL-2,2026-05-20,325.14,1,21,false,3
HG_012,SGL,BB,ADL-2,2026-05-21,327.03,1,21,false,3
HG_012,SGL,BB,ADL-2,2026-05-22,321.23,1,21,false,3
HG_012,SGL,BB,ADL-2,2026-05-23,349.04,1,21,false,3
HG_012,SGL,BB,ADL-2,2026-05-24,340.14,1,21,false,3
HG_012,SGL,BB,ADL-2,2026-05-25,330.48,1,21,false,3
HG_012,SGL,BB,ADL-2,2026-05-26,329.21,1,21,false,3
HG_012,SGL,BB,ADL-2,2026-05-27,328.81,1,21,false,3
HG_012,SGL,BB,ADL-2,2026-05-28,323.91,1,21,false,3
HG_012,SGL,BB,ADL-2,2026-05-29,321.49,1,21,false,3
HG_012,SGL,BB,ADL-2,2026-05-30,337.81,1,21,false,3
HG_012,SGL,BB,ADL-2,2026-05-31,358.25,3,21,false,3
HG_012,SGL,BB,ADL-2,2026-06-01,337.31,3,21,false,3
HG_012,SGL,BB,ADL-2,2026-06-02,333.45,3,21,false,3
HG_012,SGL,BB,ADL-2,2026-06-03,337.01,3,21,false,3
HG_012,SGL,BB,ADL-2,2026-06-04,324.80,3,21,false,3
HG_012,SGL,BB,ADL-2,2026-06-05,345.94,3,21,false,3
HG_012,SGL,BB,ADL-2,2026-06-06,353.58,3,21,false,3
HG_012,SGL,BB,ADL-2,2026-06-07,349.56,3,21,false,3
HG_012,SGL,BB,ADL-2,2026-06-08,338.69,3,21,false,3
HG_012,SGL,BB,ADL-2,2026-06-09,335.75,3,21,false,3
HG_012,SGL,BB,ADL-2,2026-06-10,338.58,3,21,false,3
HG_012,SGL,BB,ADL-2,2026-06-11,345.24,3,21,false,3
HG_012,SGL,BB,ADL-2,2026-06-12,336.45,3,21,false,3
HG_012,SGL,BB,ADL-2,2026-06-13,362.03,3,21,false,3
HG_012,SGL,BB,ADL-2,2026-06-14,356.57,3,21,false,3
HG_012,SGL,BB,ADL-2,2026-06-15,352.72,1,21,false,3
HG_012,SGL,BB,ADL-2,2026-06-16,334.79,1,21,false,3
HG_012,SGL,BB,ADL-2,2026-06-17,342.60,1,21,false,3
HG_012,SGL,BB,ADL-2,2026-06-18,341.20,1,21,false,3
HG_012,SGL,BB,ADL-2,2026-06-19,336.84,1,21,false,3
HG_012,SGL,BB,ADL-2,2026-06-20,362.74,1,21,false,3
HG_012,SGL,BB,ADL-2,2026-06-21,375.75,1,21,false,3
HG_012,SGL,BB,ADL-2,2026-06-22,335.77,1,21,false,3
HG_012,SGL,BB,ADL-2,2026-06-23,336.77,1,21,false,3
HG_012,SGL,BB,ADL-2,2026-06-24,346.90,1,21,false,3
HG_012,SGL,BB,ADL-2,2026-06-25,334.65,1,21,false,3
HG_012,SGL,BB,ADL-2,2026-06-26,349.85,1,21,false,3
HG_012,SGL,BB,ADL-2,2026-06-27,357.67,1,21,false,3
HG_012,SGL,BB,ADL-2,2026-06-28,356.99,1,21,false,3
HG_012,SGL,BB,ADL-2,2026-06-29,333.79,1,21,false,3
HG_012,SGL,HB,ADL-1,2026-05-01,330.28,3,21,false,3
HG_012,SGL,HB,ADL-1,2026-05-02,359.72,3,21,false,3
HG_012,SGL,HB,ADL-1,2026-05-03,338.86,3,21,false,3
HG_012,SGL,HB,ADL-1,2026-05-04,334.82,3,21,false,3
HG_012,SGL,HB,ADL-1,2026-05-05,327.56,3,21,false,3
HG_012,SGL,HB,ADL-1,2026-05-06,334.15,3,21,false,3
HG_012,SGL,HB,ADL-1,2026-05-07,337.75,3,21,false,3
HG_012,SGL,HB,ADL-1,2026-05-08,327.12,3,21,false,3
HG_012,SGL,HB,ADL-1,2026-05-09,352.71,3,21,false,3
HG_012,SGL,HB,ADL-1,2026-05-10,342.12,3,21,false,3
HG_012,SGL,HB,ADL-1,2026-05-11,333.98,3,21,false,3
HG_012,SGL,HB,ADL-1,2026-05-12,318.86,3,21,false,3
HG_012,SGL,HB,ADL-1,2026-05-13,323.88,3,21,false,3
HG_012,SGL,HB,ADL-1,2026-05-14,338.93,3,21,false,3
HG_012,SGL,HB,ADL-1,2026-05-15,318.70,3,21,false,3
HG_012,SGL,HB,ADL-1,2026-05-16,359.33,1,21,false,3
HG_012,SGL,HB,ADL-1,2026-05-17,349.68,1,21,false,3
HG_012,SGL,HB,ADL-1,2026-05-18,341.60,1,21,false,3
HG_012,SGL,HB,ADL-1,2026-05-19,346.77,1,21,false,3
HG_012,SGL,HB,ADL-1,2026-05-20,332.08,1,21,false,3
HG_012,SGL,HB,ADL-1,2026-05-21,337.91,1,21,false,3
HG_012,SGL,HB,ADL-1,2026-05-22,342.90,1,21,false,3
HG_012,SGL,HB,ADL-1,2026-05-23,364.55,1,21,false,3
HG_012,SGL,HB,ADL-1,2026-05-24,371.01,1,21,false,3
HG_012,SGL,HB,ADL-1,2026-05-25,328.31,1,21,false,3
HG_012,SGL,HB,ADL-1,2026-05-26,330.85,1,21,false,3
HG_012,SGL,HB,ADL-1,2026-05-27,330.55,1,21,false,3
HG_012,SGL,HB,ADL-1,2026-05-28,334.67,1,21,false,3
HG_012,SGL,HB,ADL-1,2026-05-29,333.46,1,21,false,3
HG_012,SGL,HB,ADL-1,2026-05-30,348.44,1,21,false,3
HG_012,SGL,HB,ADL-1,2026-05-31,370.73,3,21,false,3
HG_012,SGL,HB,ADL-1,2026-06-01,350.35,3,21,false,3
HG_012,SGL,HB,ADL-1,2026-06-02,361.95,3,21,false,3
HG_012,SGL,HB,ADL-1,2026-06-03,344.43,3,21,false,3
HG_012,SGL,HB,ADL-1,2026-06-04,343.91,3,21,false,3
HG_012,SGL,HB,ADL-1,2026-06-05,357.92,3,21,false,3
HG_012,SGL,HB,ADL-1,2026-06-06,379.91,3,21,false,3
HG_012,SGL,HB,ADL-1,2026-06-07,358.14,3,21,false,3
HG_012,SGL,HB,ADL-1,2026-06-08,342.54,3,21,false,3
HG_012,SGL,HB,ADL-1,2026-06-09,350.10,3,21,false,3
HG_012,SGL,HB,ADL-1,2026-06-10,350.88,3,21,false,3
HG_012,SGL,HB,ADL-1,2026-06-11,339.47,3,21,false,3
HG_012,SGL,HB,ADL-1,2026-06-12,339.35,3,21,false,3
HG_012,SGL,HB,ADL-1,2026-06-13,375.74,3,21,false,3
HG_012,SGL,HB,ADL-1,2026-06-14,357.13,3,21,false,3
HG_012,SGL,HB,ADL-1,2026-06-15,362.14,1,21,false,3
HG_012,SGL,HB,ADL-1,2026-06-16,359.64,1,21,false,3
HG_012,SGL,HB,ADL-1,2026-06-17,350.15,1,21,false,3
HG_012,SGL,HB,ADL-1,2026-06-18,366.15,1,21,false,3
HG_012,SGL,HB,ADL-1,2026-06-19,353.81,1,21,false,3
HG_012,SGL,HB,ADL-1,2026-06-20,375.66,1,21,false,3
HG_012,SGL,HB,ADL-1,2026-06-21,367.19,1,21,false,3
HG_012,SGL,HB,ADL-1,2026-06-22,362.30,1,21,false,3
HG_012,SGL,HB,ADL-1,2026-06-23,356.17,1,21,false,3
HG_012,SGL,HB,ADL-1,2026-06-24,359.92,1,21,false,3
HG_012,SGL,HB,ADL-1,2026-06-25,347.72,1,21,false,3
HG_012,SGL,HB,ADL-1,2026-06-26,353.72,1,21,false,3
HG_012,SGL,HB,ADL-1,2026-06-27,391.89,1,21,false,3
HG_012,SGL,HB,ADL-1,2026-06-28,379.73,1,21,false,3
HG_012,SGL,HB,ADL-1,2026-06-29,362.95,1,21,false,3
HG_012,SGL,HB,ADL-2,2026-05-01,339.95,3,21,false,3
HG_012,SGL,HB,ADL-2,2026-05-02,345.73,3,21,false,3
HG_012,SGL,HB,ADL-2,2026-05-03,360.67,3,21,false,3
HG_012,SGL,HB,ADL-2,2026-05-04,322.84,3,21,false,3
HG_012,SGL,HB,ADL-2,2026-05-05,341.08,3,21,false,3
HG_012,SGL,HB,ADL-2,2026-05-06,338.95,3,21,false,3
HG_012,SGL,HB,ADL-2,2026-05-07,336.65,3,21,false,3
HG_012,SGL,HB,ADL-2,2026-05-08,322.66,3,21,false,3
HG_012,SGL,HB,ADL-2,2026-05-09,347.22,3,21,false,3
HG_012,SGL,HB,ADL-2,2026-05-10,353.74,3,21,false,3
HG_012,SGL,HB,ADL-2,2026-05-11,333.19,3,21,false,3
HG_012,SGL,HB,ADL-2,2026-05-12,321.34,3,21,false,3
HG_012,SGL,HB,ADL-2,2026-05-13,332.86,3,21,false,3
HG_012,SGL,HB,ADL-2,2026-05-14,326.28,3,21,false,3
HG_012,SGL,HB,ADL-2,2026-05-15,339.05,3,21,false,3
HG_012,SGL,HB,ADL-2,2026-05-16,360.72,1,21,false,3
HG_012,SGL,HB,ADL-2,2026-05-17,357.68,1,21,false,3
HG_012,SGL,HB,ADL-2,2026-05-18,336.78,1,21,false,3
HG_012,SGL,HB,ADL-2,2026-05-19,343.30,1,21,false,3
HG_012,SGL,HB,ADL-2,2026-05-20,350.72,1,21,false,3
HG_012,SGL,HB,ADL-2,2026-05-21,333.70,1,21,false,3
HG_012,SGL,HB,ADL-2,2026-05-22,339.89,1,21,false,3
HG_012,SGL,HB,ADL-2,2026-05-23,348.21,1,21,false,3
HG_012,SGL,HB,ADL-2,2026-05-24,367.49,1,21,false,3
HG_012,SGL,HB,ADL-2,2026-05-25,330.80,1,21,false,3
HG_012,SGL,HB,ADL-2,2026-05-26,336.25,1,21,false,3
HG_012,SGL,HB,ADL-2,2026-05-27,345.31,1,21,false,3
HG_012,SGL,HB,ADL-2,2026-05-28,329.13,1,21,false,3
HG_012,SGL,HB,ADL-2,2026-05-29,351.64,1,21,false,3
HG_012,SGL,HB,ADL-2,2026-05-30,350.74,1,21,false,3
HG_012,SGL,HB,ADL-2,2026-05-31,367.34,3,21,false,3
HG_012,SGL,HB,ADL-2,2026-06-01,350.86,3,21,false,3
HG_012,SGL,HB,ADL-2,2026-06-02,339.31,3,21,false,3
HG_012,SGL,HB,ADL-2,2026-06-03,350.91,3,21,false,3
HG_012,SGL,HB,ADL-2,2026-06-04,340.40,3,21,false,3
HG_012,SGL,HB,ADL-2,2026-06-05,351.71,3,21,false,3
HG_012,SGL,HB,ADL-2,2026-06-06,368.26,3,21,false,3
HG_012,SGL,HB,ADL-2,2026-06-07,378.53,3,21,false,3
HG_012,SGL,HB,ADL-2,2026-06-08,360.79,3,21,false,3
HG_012,SGL,HB,ADL-2,2026-06-09,355.89,3,21,false,3
HG_012,SGL,HB,ADL-2,2026-06-10,347.46,3,21,false,3
HG_012,SGL,HB,ADL-2,2026-06-11,352.73,3,21,false,3
HG_012,SGL,HB,ADL-2,2026-06-12,354.18,3,21,false,3
HG_012,SGL,HB,ADL-2,2026-06-13,378.15,3,21,false,3
HG_012,SGL,HB,ADL-2,2026-06-14,372.52,3,21,false,3
HG_012,SGL,HB,ADL-2,2026-06-15,367.52,1,21,false,3
HG_012,SGL,HB,ADL-2,2026-06-16,352.48,1,21,false,3
HG_012,SGL,HB,ADL-2,2026-06-17,369.92,1,21,false,3
HG_012,SGL,HB,ADL-2,2026-06-18,369.87,1,21,false,3
HG_012,SGL,HB,ADL-2,2026-06-19,368.30,1,21,false,3
HG_012,SGL,HB,ADL-2,2026-06-20,385.13,1,21,false,3
HG_012,SGL,HB,ADL-2,2026-06-21,386.34,1,21,false,3
HG_012,SGL,HB,ADL-2,2026-06-22,369.62,1,21,false,3
HG_012,SGL,HB,ADL-2,2026-06-23,365.37,1,21,false,3
HG_012,SGL,HB,ADL-2,2026-06-24,365.30,1,21,false,3
HG_012,SGL,HB,ADL-2,2026-06-25,355.30,1,21,false,3
HG_012,SGL,HB,ADL-2,2026-06-26,364.77,1,21,false,3
HG_012,SGL,HB,ADL-2,2026-06-27,388.47,1,21,false,3
HG_012,SGL,HB,ADL-2,2026-06-28,390.02,1,21,false,3
HG_012,SGL,HB,ADL-2,2026-06-29,366.79,1,21,false,3
HG_012,SGL,FB,ADL-1,2026-05-01,342.56,3,21,false,3
HG_012,SGL,FB,ADL-1,2026-05-02,367.41,3,21,false,3
HG_012,SGL,FB,ADL-1,2026-05-03,377.67,3,21,false,3
HG_012,SGL,FB,ADL-1,2026-05-04,348.00,3,21,false,3
HG_012,SGL,FB,ADL-1,2026-05-05,349.14,3,21,false,3
HG_012,SGL,FB,ADL-1,2026-05-06,351.07,3,21,false,3
HG_012,SGL,FB,ADL-1,2026-05-07,345.27,3,21,false,3
HG_012,SGL,FB,ADL-1,2026-05-08,355.48,3,21,false,3
HG_012,SGL,FB,ADL-1,2026-05-09,376.38,3,21,false,3
HG_012,SGL,FB,ADL-1,2026-05-10,368.52,3,21,false,3
HG_012,SGL,FB,ADL-1,2026-05-11,350.84,3,21,false,3
HG_012,SGL,FB,ADL-1,2026-05-12,334.57,3,21,false,3
HG_012,SGL,FB,ADL-1,2026-05-13,341.00,3,21,false,3
HG_012,SGL,FB,ADL-1,2026-05-14,355.84,3,21,false,3
HG_012,SGL,FB,ADL-1,2026-05-15,333.12,3,21,false,3
HG_012,SGL,FB,ADL-1,2026-05-16,377.29,1,21,false,3
HG_012,SGL,FB,ADL-1,2026-05-17,370.87,1,21,false,3
HG_012,SGL,FB,ADL-1,2026-05-18,347.80,1,21,false,3
HG_012,SGL,FB,ADL-1,2026-05-19,365.00,1,21,false,3
HG_012,SGL,FB,ADL-1,2026-05-20,354.65,1,21,false,3
HG_012,SGL,FB,ADL-1,2026-05-21,358.20,1,21,false,3
HG_012,SGL,FB,ADL-1,2026-05-22,366.75,1,21,false,3
HG_012,SGL,FB,ADL-1,2026-05-23,362.08,1,21,false,3
HG_012,SGL,FB,ADL-1,2026-05-24,375.50,1,21,false,3
HG_012,SGL,FB,ADL-1,2026-05-25,352.66,1,21,false,3
HG_012,SGL,FB,ADL-1,2026-05-26,362.16,1,21,false,3
HG_012,SGL,FB,ADL-1,2026-05-27,356.33,1,21,false,3
HG_012,SGL,FB,ADL-1,2026-05-28,354.24,1,21,false,3
HG_012,SGL,FB,ADL-1,2026-05-29,344.85,1,21,false,3
HG_012,SGL,FB,ADL-1,2026-05-30,372.74,1,21,false,3
HG_012,SGL,FB,ADL-1,2026-05-31,373.31,3,21,false,3
HG_012,SGL,FB,ADL-1,2026-06-01,356.76,3,21,false,3
HG_012,SGL,FB,ADL-1,2026-06-02,361.81,3,21,false,3
HG_012,SGL,FB,ADL-1,2026-06-03,371.33,3,21,false,3
HG_012,SGL,FB,ADL-1,2026-06-04,373.51,3,21,false,3
HG_012,SGL,FB,ADL-1,2026-06-05,368.12,3,21,false,3
HG_012,SGL,FB,ADL-1,2026-06-06,388.22,3,21,false,3
HG_012,SGL,FB,ADL-1,2026-06-07,397.28,3,21,false,3
HG_012,SGL,FB,ADL-1,2026-06-08,368.69,3,21,false,3
HG_012,SGL,FB,ADL-1,2026-06-09,366.57,3,21,false,3
HG_012,SGL,FB,ADL-1,2026-06-10,377.43,3,21,false,3
HG_012,SGL,FB,ADL-1,2026-06-11,363.53,3,21,false,3
HG_012,SGL,FB,ADL-1,2026-06-12,363.71,3,21,false,3
HG_012,SGL,FB,ADL-1,2026-06-13,378.53,3,21,false,3
HG_012,SGL,FB,ADL-1,2026-06-14,398.32,3,21,false,3
HG_012,SGL,FB,ADL-1,2026-06-15,367.72,1,21,false,3
HG_012,SGL,FB,ADL-1,2026-06-16,387.53,1,21,false,3
HG_012,SGL,FB,ADL-1,2026-06-17,364.22,1,21,false,3
HG_012,SGL,FB,ADL-1,2026-06-18,373.13,1,21,false,3
HG_012,SGL,FB,ADL-1,2026-06-19,381.86,1,21,false,3
HG_012,SGL,FB,ADL-1,2026-06-20,393.85,1,21,false,3
HG_012,SGL,FB,ADL-1,2026-06-21,385.50,1,21,false,3
HG_012,SGL,FB,ADL-1,2026-06-22,371.10,1,21,false,3
HG_012,SGL,FB,ADL-1,2026-06-23,365.17,1,21,false,3
HG_012,SGL,FB,ADL-1,2026-06-24,387.27,1,21,false,3
HG_012,SGL,FB,ADL-1,2026-06-25,376.15,1,21,false,3
HG_012,SGL,FB,ADL-1,2026-06-26,366.97,1,21,false,3
HG_012,SGL,FB,ADL-1,2026-06-27,403.24,1,21,false,3
HG_012,SGL,FB,ADL-1,2026-06-28,387.95,1,21,false,3
HG_012,SGL,FB,ADL-1,2026-06-29,368.48,1,21,false,3
HG_012,SGL,FB,ADL-2,2026-05-01,341.96,3,21,false,3
HG_012,SGL,FB,ADL-2,2026-05-02,371.75,3,21,false,3
HG_012,SGL,FB,ADL-2,2026-05-03,372.81,3,21,false,3
HG_012,SGL,FB,ADL-2,2026-05-04,351.04,3,21,false,3
HG_012,SGL,FB,ADL-2,2026-05-05,351.45,3,21,false,3
HG_012,SGL,FB,ADL-2,2026-05-06,339.47,3,21,false,3
HG_012,SGL,FB,ADL-2,2026-05-07,341.01,3,21,false,3
HG_012,SGL,FB,ADL-2,2026-05-08,340.40,3,21,false,3
HG_012,SGL,FB,ADL-2,2026-05-09,359.23,3,21,false,3
HG_012,SGL,FB,ADL-2,2026-05-10,360.45,3,21,false,3
HG_012,SGL,FB,ADL-2,2026-05-11,334.74,3,21,false,3
HG_012,SGL,FB,ADL-2,2026-05-12,343.02,3,21,false,3
HG_012,SGL,FB,ADL-2,2026-05-13,333.42,3,21,false,3
HG_012,SGL,FB,ADL-2,2026-05-14,347.44,3,21,false,3
HG_012,SGL,FB,ADL-2,2026-05-15,344.95,3,21,false,3
HG_012,SGL,FB,ADL-2,2026-05-16,372.90,1,21,false,3
HG_012,SGL,FB,ADL-2,2026-05-17,379.46,1,21,false,3
HG_012,SGL,FB,ADL-2,2026-05-18,366.09,1,21,false,3
HG_012,SGL,FB,ADL-2,2026-05-19,356.90,1,21,false,3
HG_012,SGL,FB,ADL-2,2026-05-20,346.65,1,21,false,3
HG_012,SGL,FB,ADL-2,2026-05-21,343.90,1,21,false,3
HG_012,SGL,FB,ADL-2,2026-05-22,359.24,1,21,false,3
HG_012,SGL,FB,ADL-2,2026-05-23,365.31,1,21,false,3
HG_012,SGL,FB,ADL-2,2026-05-24,385.31,1,21,false,3
HG_012,SGL,FB,ADL-2,2026-05-25,349.32,1,21,false,3
HG_012,SGL,FB,ADL-2,2026-05-26,351.36,1,21,false,3
HG_012,SGL,FB,ADL-2,2026-05-27,348.10,1,21,false,3
HG_012,SGL,FB,ADL-2,2026-05-28,348.50,1,21,false,3
HG_012,SGL,FB,ADL-2,2026-05-29,348.93,1,21,false,3
HG_012,SGL,FB,ADL-2,2026-05-30,386.59,1,21,false,3
HG_012,SGL,FB,ADL-2,2026-05-31,398.21,3,21,false,3
HG_012,SGL,FB,ADL-2,2026-06-01,371.23,3,21,false,3
HG_012,SGL,FB,ADL-2,2026-06-02,374.07,3,21,false,3
HG_012,SGL,FB,ADL-2,2026-06-03,355.72,3,21,false,3
HG_012,SGL,FB,ADL-2,2026-06-04,359.65,3,21,false,3
HG_012,SGL,FB,ADL-2,2026-06-05,365.64,3,21,false,3
HG_012,SGL,FB,ADL-2,2026-06-06,391.97,3,21,false,3
HG_012,SGL,FB,ADL-2,2026-06-07,395.64,3,21,false,3
HG_012,SGL,FB,ADL-2,2026-06-08,369.57,3,21,false,3
HG_012,SGL,FB,ADL-2,2026-06-09,353.34,3,21,false,3
HG_012,SGL,FB,ADL-2,2026-06-10,365.22,3,21,false,3
HG_012,SGL,FB,ADL-2,2026-06-11,359.62,3,21,false,3
HG_012,SGL,FB,ADL-2,2026-06-12,361.78,3,21,false,3
HG_012,SGL,FB,ADL-2,2026-06-13,375.99,3,21,false,3
HG_012,SGL,FB,ADL-2,2026-06-14,397.92,3,21,false,3
HG_012,SGL,FB,ADL-2,2026-06-15,373.42,1,21,false,3
HG_012,SGL,FB,ADL-2,2026-06-16,378.92,1,21,false,3
HG_012,SGL,FB,ADL-2,2026-06-17,369.23,1,21,false,3
HG_012,SGL,FB,ADL-2,2026-06-18,382.20,1,21,false,3
HG_012,SGL,FB,ADL-2,2026-06-19,373.53,1,21,false,3
HG_012,SGL,FB,ADL-2,2026-06-20,382.94,1,21,false,3
HG_012,SGL,FB,ADL-2,2026-06-21,393.20,1,21,false,3
HG_012,SGL,FB,ADL-2,2026-06-22,379.72,1,21,false,3
HG_012,SGL,FB,ADL-2,2026-06-23,382.33,1,21,false,3
HG_012,SGL,FB,ADL-2,2026-06-24,371.46,1,21,false,3
HG_012,SGL,FB,ADL-2,2026-06-25,378.90,1,21,false,3
HG_012,SGL,FB,ADL-2,2026-06-26,378.68,1,21,false,3
HG_012,SGL,FB,ADL-2,2026-06-27,387.81,1,21,false,3
HG_012,SGL,FB,ADL-2,2026-06-28,385.20,1,21,false,3
HG_012,SGL,FB,ADL-2,2026-06-29,383.85,1,21,false,3
HG_012,FAM,RO,ADL-1,2026-05-01,332.31,3,21,false,3
HG_012,FAM,RO,ADL-1,2026-05-02,356.67,3,21,false,3
HG_012,FAM,RO,ADL-1,2026-05-03,356.68,3,21,false,3
HG_012,FAM,RO,ADL-1,2026-05-04,326.77,3,21,false,3
HG_012,FAM,RO,ADL-1,2026-05-05,318.75,3,21,false,3
HG_012,FAM,RO,ADL-1,2026-05-06,336.22,3,21,false,3
HG_012,FAM,RO,ADL-1,2026-05-07,325.13,3,21,false,3
HG_012,FAM,RO,ADL-1,2026-05-08,331.18,3,21,false,3
HG_012,FAM,RO,ADL-1,2026-05-09,352.67,3,21,false,3
HG_012,FAM,RO,ADL-1,2026-05-10,354.23,3,21,false,3
HG_012,FAM,RO,ADL-1,2026-05-11,329.34,3,21,false,3
HG_012,FAM,RO,ADL-1,2026-05-12,332.77,3,21,false,3
HG_012,FAM,RO,ADL-1,2026-05-13,333.32,3,21,false,3
HG_012,FAM,RO,ADL-1,2026-05-14,319.71,3,21,false,3
HG_012,FAM,RO,ADL-1,2026-05-15,332.16,3,21,false,3
HG_012,FAM,RO,ADL-1,2026-05-16,364.92,1,21,false,3
HG_012,FAM,RO,ADL-1,2026-05-17,359.33,1,21,false,3
HG_012,FAM,RO,ADL-1,2026-05-18,342.91,1,21,false,3
HG_012,FAM,RO,ADL-1,2026-05-19,348.13,1,21,false,3
HG_012,FAM,RO,ADL-1,2026-05-20,333.33,1,21,false,3
HG_012,FAM,RO,ADL-1,2026-05-21,348.40,1,21,false,3
HG_012,FAM,RO,ADL-1,2026-05-22,334.85,1,21,false,3
HG_012,FAM,RO,ADL-1,2026-05-23,370.69,1,21,false,3
HG_012,FAM,RO,ADL-1,2026-05-24,353.35,1,21,false,3
HG_012,FAM,RO,ADL-1,2026-05-25,335.90,1,21,false,3
HG_012,FAM,RO,ADL-1,2026-05-26,333.56,1,21,false,3
HG_012,FAM,RO,ADL-1,2026-05-27,350.04,1,21,false,3
HG_012,FAM,RO,ADL-1,2026-05-28,334.52,1,21,false,3
HG_012,FAM,RO,ADL-1,2026-05-29,328.23,1,21,false,3
HG_012,FAM,RO,ADL-1,2026-05-30,369.49,1,21,false,3
HG_012,FAM,RO,ADL-1,2026-05-31,364.10,3,21,false,3
HG_012,FAM,RO,ADL-1,2026-06-01,353.33,3,21,false,3
HG_012,FAM,RO,ADL-1,2026-06-02,341.34,3,21,false,3
HG_012,FAM,RO,ADL-1,2026-06-03,346.31,3,21,false,3
HG_012,FAM,RO,ADL-1,2026-06-04,341.69,3,21,false,3
HG_012,FAM,RO,ADL-1,2026-06-05,340.56,3,21,false,3
HG_012,FAM,RO,ADL-1,2026-06-06,365.98,3,21,false,3
HG_012,FAM,RO,ADL-1,2026-06-07,369.23,3,21,false,3
HG_012,FAM,RO,ADL-1,2026-06-08,350.75,3,21,false,3
HG_012,FAM,RO,ADL-1,2026-06-09,346.95,3,21,false,3
HG_012,FAM,RO,ADL-1,2026-06-10,337.94,3,21,false,3
HG_012,FAM,RO,ADL-1,2026-06-11,360.14,3,21,false,3
HG_012,FAM,RO,ADL-1,2026-06-12,349.78,3,21,false,3
HG_012,FAM,RO,ADL-1,2026-06-13,360.05,3,21,false,3
HG_012,FAM,RO,ADL-1,2026-06-14,381.53,3,21,false,3
HG_012,FAM,RO,ADL-1,2026-06-15,362.09,1,21,false,3
HG_012,FAM,RO,ADL-1,2026-06-16,367.79,1,21,false,3
HG_012,FAM,RO,ADL-1,2026-06-17,352.11,1,21,false,3
HG_012,FAM,RO,ADL-1,2026-06-18,361.11,1,21,false,3
HG_012,FAM,RO,ADL-1,2026-06-19,348.70,1,21,false,3
HG_012,FAM,RO,ADL-1,2026-06-20,375.25,1,21,false,3
HG_012,FAM,RO,ADL-1,2026-06-21,376.56,1,21,false,3
HG_012,FAM,RO,ADL-1,2026-06-22,357.44,1,21,false,3
HG_012,FAM,RO,ADL-1,2026-06-23,370.09,1,21,false,3
HG_012,FAM,RO,ADL-1,2026-06-24,365.39,1,21,false,3
HG_012,FAM,RO,ADL-1,2026-06-25,371.87,1,21,false,3
HG_012,FAM,RO,ADL-1,2026-06-26,361.58,1,21,false,3
HG_012,FAM,RO,ADL-1,2026-06-27,376.20,1,21,false,3
HG_012,FAM,RO,ADL-1,2026-06-28,375.02,1,21,false,3
HG_012,FAM,RO,ADL-1,2026-06-29,367.16,1,21,false,3
HG_012,FAM,RO,ADL-2,2026-05-01,324.07,3,21,false,3
HG_012,FAM,RO,ADL-2,2026-05-02,347.15,3,21,false,3
HG_012,FAM,RO,ADL-2,2026-05-03,338.45,3,21,false,3
HG_012,FAM,RO,ADL-2,2026-05-04,330.82,3,21,false,3
HG_012,FAM,RO,ADL-2,2026-05-05,336.09,3,21,false,3
HG_012,FAM,RO,ADL-2,2026-05-06,333.12,3,21,false,3
HG_012,FAM,RO,ADL-2,2026-05-07,332.55,3,21,false,3
HG_012,FAM,RO,ADL-2,2026-05-08,325.86,3,21,false,3
HG_012,FAM,RO,ADL-2,2026-05-09,351.69,3,21,false,3
HG_012,FAM,RO,ADL-2,2026-05-10,361.19,3,21,false,3
HG_012,FAM,RO,ADL-2,2026-05-11,324.12,3,21,false,3
HG_012,FAM,RO,ADL-2,2026-05-12,321.66,3,21,false,3
HG_012,FAM,RO,ADL-2,2026-05-13,320.50,3,21,false,3
HG_012,FAM,RO,ADL-2,2026-05-14,334.89,3,21,false,3
HG_012,FAM,RO,ADL-2,2026-05-15,332.87,3,21,false,3
HG_012,FAM,RO,ADL-2,2026-05-16,370.24,1,21,false,3
HG_012,FAM,RO,ADL-2,2026-05-17,357.81,1,21,false,3
HG_012,FAM,RO,ADL-2,2026-05-18,338.90,1,21,false,3
HG_012,FAM,RO,ADL-2,2026-05-19,330.53,1,21,false,3
HG_012,FAM,RO,ADL-2,2026-05-20,351.43,1,21,false,3
HG_012,FAM,RO,ADL-2,2026-05-21,345.16,1,21,false,3
HG_012,FAM,RO,ADL-2,2026-05-22,337.44,1,21,false,3
HG_012,FAM,RO,ADL-2,2026-05-23,367.04,1,21,false,3
HG_012,FAM,RO,ADL-2,2026-05-24,362.81,1,21,false,3
HG_012,FAM,RO,ADL-2,2026-05-25,337.87,1,21,false,3
HG_012,FAM,RO,ADL-2,2026-05-26,342.72,1,21,false,3
HG_012,FAM,RO,ADL-2,2026-05-27,332.27,1,21,false,3
HG_012,FAM,RO,ADL-2,2026-05-28,351.66,1,21,false,3
HG_012,FAM,RO,ADL-2,2026-05-29,330.82,1,21,false,3
HG_012,FAM,RO,ADL-2,2026-05-30,365.32,1,21,false,3
HG_012,FAM,RO,ADL-2,2026-05-31,357.62,3,21,false,3
HG_012,FAM,RO,ADL-2,2026-06-01,338.06,3,21,false,3
HG_012,FAM,RO,ADL-2,2026-06-02,343.52,3,21,false,3
HG_012,FAM,RO,ADL-2,2026-06-03,339.65,3,21,false,3
HG_012,FAM,RO,ADL-2,2026-06-04,354.36,3,21,false,3
HG_012,FAM,RO,ADL-2,2026-06-05,357.01,3,21,false,3
HG_012,FAM,RO,ADL-2,2026-06-06,374.95,3,21,false,3
HG_012,FAM,RO,ADL-2,2026-06-07,377.71,3,21,false,3
HG_012,FAM,RO,ADL-2,2026-06-08,348.22,3,21,false,3
HG_012,FAM,RO,ADL-2,2026-06-09,345.77,3,21,false,3
HG_012,FAM,RO,ADL-2,2026-06-10,357.96,3,21,false,3
HG_012,FAM,RO,ADL-2,2026-06-11,355.29,3,21,false,3
HG_012,FAM,RO,ADL-2,2026-06-12,360.97,3,21,false,3
HG_012,FAM,RO,ADL-2,2026-06-13,382.81,3,21,false,3
HG_012,FAM,RO,ADL-2,2026-06-14,357.25,3,21,false,3
HG_012,FAM,RO,ADL-2,2026-06-15,364.85,1,21,false,3
HG_012,FAM,RO,ADL-2,2026-06-16,358.71,1,21,false,3
HG_012,FAM,RO,ADL-2,2026-06-17,351.37,1,21,false,3
HG_012,FAM,RO,ADL-2,2026-06-18,355.91,1,21,false,3
HG_012,FAM,RO,ADL-2,2026-06-19,347.88,1,21,false,3
HG_012,FAM,RO,ADL-2,2026-06-20,387.65,1,21,false,3
HG_012,FAM,RO,ADL-2,2026-06-21,385.08,1,21,false,3
HG_012,FAM,RO,ADL-2,2026-06-22,361.03,1,21,false,3
HG_012,FAM,RO,ADL-2,2026-06-23,360.30,1,21,false,3
HG_012,FAM,RO,ADL-2,2026-06-24,367.39,1,21,false,3
HG_012,FAM,RO,ADL-2,2026-06-25,357.65,1,21,false,3
HG_012,FAM,RO,ADL-2,2026-06-26,351.00,1,21,false,3
HG_012,FAM,RO,ADL-2,2026-06-27,392.62,1,21,false,3
HG_012,FAM,RO,ADL-2,2026-06-28,369.58,1,21,false,3
HG_012,FAM,RO,ADL-2,2026-06-29,360.99,1,21,false,3
HG_012,FAM,BB,ADL-1,2026-05-01,334.32,3,21,false,3
HG_012,FAM,BB,ADL-1,2026-05-02,357.53,3,21,false,3
HG_012,FAM,BB,ADL-1,2026-05-03,354.11,3,21,false,3
HG_012,FAM,BB,ADL-1,2026-05-04,347.27,3,21,false,3
HG_012,FAM,BB,ADL-1,2026-05-05,338.38,3,21,false,3
HG_012,FAM,BB,ADL-1,2026-05-06,340.85,3,21,false,3
HG_012,FAM,BB,ADL-1,2026-05-07,337.84,3,21,false,3
HG_012,FAM,BB,ADL-1,2026-05-08,350.83,3,21,false,3
HG_012,FAM,BB,ADL-1,2026-05-09,372.10,3,21,false,3
HG_012,FAM,BB,ADL-1,2026-05-10,373.76,3,21,false,3
HG_012,FAM,BB,ADL-1,2026-05-11,348.98,3,21,false,3
HG_012,FAM,BB,ADL-1,2026-05-12,353.17,3,21,false,3
HG_012,FAM,BB,ADL-1,2026-05-13,349.89,3,21,false,3
HG_012,FAM,BB,ADL-1,2026-05-14,342.37,3,21,false,3
HG_012,FAM,BB,ADL-1,2026-05-15,350.84,3,21,false,3
HG_012,FAM,BB,ADL-1,2026-05-16,376.76,1,21,false,3
HG_012,FAM,BB,ADL-1,2026-05-17,387.97,1,21,false,3
HG_012,FAM,BB,ADL-1,2026-05-18,349.87,1,21,false,3
HG_012,FAM,BB,ADL-1,2026-05-19,347.60,1,21,false,3
HG_012,FAM,BB,ADL-1,2026-05-20,356.82,1,21,false,3
HG_012,FAM,BB,ADL-1,2026-05-21,363.64,1,21,false,3
HG_012,FAM,BB,ADL-1,2026-05-22,362.94,1,21,false,3
HG_012,FAM,BB,ADL-1,2026-05-23,380.50,1,21,false,3
HG_012,FAM,BB,ADL-1,2026-05-24,365.36,1,21,false,3
HG_012,FAM,BB,ADL-1,2026-05-25,344.65,1,21,false,3
HG_012,FAM,BB,ADL-1,2026-05-26,363.69,1,21,false,3
HG_012,FAM,BB,ADL-1,2026-05-27,358.69,1,21,false,3
HG_012,FAM,BB,ADL-1,2026-05-28,343.86,1,21,false,3
HG_012,FAM,BB,ADL-1,2026-05-29,364.70,1,21,false,3
HG_012,FAM,BB,ADL-1,2026-05-30,376.55,1,21,false,3
HG_012,FAM,BB,ADL-1,2026-05-31,374.96,3,21,false,3
HG_012,FAM,BB,ADL-1,2026-06-01,372.38,3,21,false,3
HG_012,FAM,BB,ADL-1,2026-06-02,359.62,3,21,false,3
HG_012,FAM,BB,ADL-1,2026-06-03,352.85,3,21,false,3
HG_012,FAM,BB,ADL-1,2026-06-04,356.64,3,21,false,3
HG_012,FAM,BB,ADL-1,2026-06-05,374.92,3,21,false,3
HG_012,FAM,BB,ADL-1,2026-06-06,377.32,3,21,false,3
HG_012,FAM,BB,ADL-1,2026-06-07,378.96,3,21,false,3
HG_012,FAM,BB,ADL-1,2026-06-08,358.40,3,21,false,3
HG_012,FAM,BB,ADL-1,2026-06-09,374.85,3,21,false,3
HG_012,FAM,BB,ADL-1,2026-06-10,375.09,3,21,false,3
HG_012,FAM,BB,ADL-1,2026-06-11,359.12,3,21,false,3
HG_012,FAM,BB,ADL-1,2026-06-12,371.03,3,21,false,3
HG_012,FAM,BB,ADL-1,2026-06-13,375.11,3,21,false,3
HG_012,FAM,BB,ADL-1,2026-06-14,384.64,3,21,false,3
HG_012,FAM,BB,ADL-1,2026-06-15,367.21,1,21,false,3
HG_012,FAM,BB,ADL-1,2026-06-16,372.18,1,21,false,3
HG_012,FAM,BB,ADL-1,2026-06-17,380.76,1,21,false,3
HG_012,FAM,BB,ADL-1,2026-06-18,380.14,1,21,false,3
HG_012,FAM,BB,ADL-1,2026-06-19,370.72,1,21,false,3
HG_012,FAM,BB,ADL-1,2026-06-20,400.69,1,21,false,3
HG_012,FAM,BB,ADL-1,2026-06-21,404.68,1,21,false,3
HG_012,FAM,BB,ADL-1,2026-06-22,379.20,1,21,false,3
HG_012,FAM,BB,ADL-1,2026-06-23,387.73,1,21,false,3
HG_012,FAM,BB,ADL-1,2026-06-24,364.80,1,21,false,3
HG_012,FAM,BB,ADL-1,2026-06-25,366.58,1,21,false,3
HG_012,FAM,BB,ADL-1,2026-06-26,364.59,1,21,false,3
HG_012,FAM,BB,ADL-1,2026-06-27,381.91,1,21,false,3
HG_012,FAM,BB,ADL-1,2026-06-28,383.72,1,21,false,3
HG_012,FAM,BB,ADL-1,2026-06-29,386.91,1,21,false,3
HG_012,FAM,BB,ADL-2,2026-05-01,346.14,3,21,false,3
HG_012,FAM,BB,ADL-2,2026-05-02,362.77,3,21,false,3
HG_012,FAM,BB,ADL-2,2026-05-03,361.78,3,21,false,3
HG_012,FAM,BB,ADL-2,2026-05-04,335.17,3,21,false,3
HG_012,FAM,BB,ADL-2,2026-05-05,355.09,3,21,false,3
HG_012,FAM,BB,ADL-2,2026-05-06,337.15,3,21,false,3
HG_012,FAM,BB,ADL-2,2026-05-07,353.43,3,21,false,3
HG_012,FAM,BB,ADL-2,2026-05-08,351.19,3,21,false,3
HG_012,FAM,BB,ADL-2,2026-05-09,370.40,3,21,false,3
HG_012,FAM,BB,ADL-2,2026-05-10,374.67,3,21,false,3
HG_012,FAM,BB,ADL-2,2026-05-11,338.39,3,21,false,3
HG_012,FAM,BB,ADL-2,2026-05-12,355.41,3,21,false,3
HG_012,FAM,BB,ADL-2,2026-05-13,342.03,3,21,false,3
HG_012,FAM,BB,ADL-2,2026-05-14,338.87,3,21,false,3
HG_012,FAM,BB,ADL-2,2026-05-15,355.75,3,21,false,3
HG_012,FAM,BB,ADL-2,2026-05-16,377.21,1,21,false,3
HG_012,FAM,BB,ADL-2,2026-05-17,370.59,1,21,false,3
HG_012,FAM,BB,ADL-2,2026-05-18,362.93,1,21,false,3
HG_012,FAM,BB,ADL-2,2026-05-19,359.23,1,21,false,3
HG_012,FAM,BB,ADL-2,2026-05-20,365.53,1,21,false,3
HG_012,FAM,BB,ADL-2,2026-05-21,348.94,1,21,false,3
HG_012,FAM,BB,ADL-2,2026-05-22,361.90,1,21,false,3
HG_012,FAM,BB,ADL-2,2026-05-23,363.97,1,21,false,3
HG_012,FAM,BB,ADL-2,2026-05-24,376.63,1,21,false,3
HG_012,FAM,BB,ADL-2,2026-05-25,365.71,1,21,false,3
HG_012,FAM,BB,ADL-2,2026-05-26,355.84,1,21,false,3
HG_012,FAM,BB,ADL-2,2026-05-27,360.36,1,21,false,3
HG_012,FAM,BB,ADL-2,2026-05-28,363.73,1,21,false,3
HG_012,FAM,BB,ADL-2,2026-05-29,345.53,1,21,false,3
HG_012,FAM,BB,ADL-2,2026-05-30,366.15,1,21,false,3
HG_012,FAM,BB,ADL-2,2026-05-31,387.78,3,21,false,3
HG_012,FAM,BB,ADL-2,2026-06-01,354.92,3,21,false,3
HG_012,FAM,BB,ADL-2,2026-06-02,364.23,3,21,false,3
HG_012,FAM,BB,ADL-2,2026-06-03,364.52,3,21,false,3
HG_012,FAM,BB,ADL-2,2026-06-04,370.81,3,21,false,3
HG_012,FAM,BB,ADL-2,2026-06-05,370.15,3,21,false,3
HG_012,FAM,BB,ADL-2,2026-06-06,392.70,3,21,false,3
HG_012,FAM,BB,ADL-2,2026-06-07,378.64,3,21,false,3
HG_012,FAM,BB,ADL-2,2026-06-08,366.44,3,21,false,3
HG_012,FAM,BB,ADL-2,2026-06-09,371.26,3,21,false,3
HG_012,FAM,BB,ADL-2,2026-06-10,371.87,3,21,false,3
HG_012,FAM,BB,ADL-2,2026-06-11,366.47,3,21,false,3
HG_012,FAM,BB,ADL-2,2026-06-12,374.31,3,21,false,3
HG_012,FAM,BB,ADL-2,2026-06-13,397.30,3,21,false,3
HG_012,FAM,BB,ADL-2,2026-06-14,394.34,3,21,false,3
HG_012,FAM,BB,ADL-2,2026-06-15,374.03,1,21,false,3
HG_012,FAM,BB,ADL-2,2026-06-16,377.77,1,21,false,3
HG_012,FAM,BB,ADL-2,2026-06-17,384.52,1,21,false,3
HG_012,FAM,BB,ADL-2,2026-06-18,387.18,1,21,false,3
HG_012,FAM,BB,ADL-2,2026-06-19,369.87,1,21,false,3
HG_012,FAM,BB,ADL-2,2026-06-20,383.77,1,21,false,3
HG_012,FAM,BB,ADL-2,2026-06-21,406.28,1,21,false,3
HG_012,FAM,BB,ADL-2,2026-06-22,362.27,1,21,false,3
HG_012,FAM,BB,ADL-2,2026-06-23,376.40,1,21,false,3
HG_012,FAM,BB,ADL-2,2026-06-24,384.14,1,21,false,3
HG_012,FAM,BB,ADL-2,2026-06-25,374.56,1,21,false,3
HG_012,FAM,BB,ADL-2,2026-06-26,382.64,1,21,false,3
HG_012,FAM,BB,ADL-2,2026-06-27,399.44,1,21,false,3
HG_012,FAM,BB,ADL-2,2026-06-28,382.32,1,21,false,3
HG_012,FAM,BB,ADL-2,2026-06-29,375.45,1,21,false,3
HG_012,FAM,HB,ADL-1,2026-05-01,349.11,3,21,false,3
HG_012,FAM,HB,ADL-1,2026-05-02,382.51,3,21,false,3
HG_012,FAM,HB,ADL-1,2026-05-03,381.06,3,21,false,3
HG_012,FAM,HB,ADL-1,2026-05-04,371.25,3,21,false,3
HG_012,FAM,HB,ADL-1,2026-05-05,364.13,3,21,false,3
HG_012,FAM,HB,ADL-1,2026-05-06,358.33,3,21,false,3
HG_012,FAM,HB,ADL-1,2026-05-07,359.52,3,21,false,3
HG_012,FAM,HB,ADL-1,2026-05-08,355.58,3,21,false,3
HG_012,FAM,HB,ADL-1,2026-05-09,391.73,3,21,false,3
HG_012,FAM,HB,ADL-1,2026-05-10,382.50,3,21,false,3
HG_012,FAM,HB,ADL-1,2026-05-11,353.35,3,21,false,3
HG_012,FAM,HB,ADL-1,2026-05-12,369.83,3,21,false,3
HG_012,FAM,HB,ADL-1,2026-05-13,370.49,3,21,false,3
HG_012,FAM,HB,ADL-1,2026-05-14,353.84,3,21,false,3
HG_012,FAM,HB,ADL-1,2026-05-15,360.29,3,21,false,3
HG_012,FAM,HB,ADL-1,2026-05-16,396.11,1,21,false,3
HG_012,FAM,HB,ADL-1,2026-05-17,399.57,1,21,false,3
HG_012,FAM,HB,ADL-1,2026-05-18,373.70,1,21,false,3
HG_012,FAM,HB,ADL-1,2026-05-19,358.14,1,21,false,3
HG_012,FAM,HB,ADL-1,2026-05-20,366.69,1,21,false,3
HG_012,FAM,HB,ADL-1,2026-05-21,357.66,1,21,false,3
HG_012,FAM,HB,ADL-1,2026-05-22,382.53,1,21,false,3
HG_012,FAM,HB,ADL-1,2026-05-23,393.31,1,21,false,3
HG_012,FAM,HB,ADL-1,2026-05-24,383.60,1,21,false,3
HG_012,FAM,HB,ADL-1,2026-05-25,360.66,1,21,false,3
HG_012,FAM,HB,ADL-1,2026-05-26,370.16,1,21,false,3
HG_012,FAM,HB,ADL-1,2026-05-27,358.65,1,21,false,3
HG_012,FAM,HB,ADL-1,2026-05-28,375.76,1,21,false,3
HG_012,FAM,HB,ADL-1,2026-05-29,365.19,1,21,false,3
HG_012,FAM,HB,ADL-1,2026-05-30,389.60,1,21,false,3
HG_012,FAM,HB,ADL-1,2026-05-31,399.17,3,21,false,3
HG_012,FAM,HB,ADL-1,2026-06-01,371.86,3,21,false,3
HG_012,FAM,HB,ADL-1,2026-06-02,387.32,3,21,false,3
HG_012,FAM,HB,ADL-1,2026-06-03,389.07,3,21,false,3
HG_012,FAM,HB,ADL-1,2026-06-04,392.56,3,21,false,3
HG_012,FAM,HB,ADL-1,2026-06-05,390.15,3,21,false,3
HG_012,FAM,HB,ADL-1,2026-06-06,400.43,3,21,false,3
HG_012,FAM,HB,ADL-1,2026-06-07,387.23,3,21,false,3
HG_012,FAM,HB,ADL-1,2026-06-08,378.57,3,21,false,3
HG_012,FAM,HB,ADL-1,2026-06-09,390.61,3,21,false,3
HG_012,FAM,HB,ADL-1,2026-06-10,367.43,3,21,false,3
HG_012,FAM,HB,ADL-1,2026-06-11,384.66,3,21,false,3
HG_012,FAM,HB,ADL-1,2026-06-12,374.22,3,21,false,3
HG_012,FAM,HB,ADL-1,2026-06-13,410.77,3,21,false,3
HG_012,FAM,HB,ADL-1,2026-06-14,401.62,3,21,false,3
HG_012,FAM,HB,ADL-1,2026-06-15,385.62,1,21,false,3
HG_012,FAM,HB,ADL-1,2026-06-16,391.32,1,21,false,3
HG_012,FAM,HB,ADL-1,2026-06-17,395.97,1,21,false,3
HG_012,FAM,HB,ADL-1,2026-06-18,396.23,1,21,false,3
HG_012,FAM,HB,ADL-1,2026-06-19,397.53,1,21,false,3
HG_012,FAM,HB,ADL-1,2026-06-20,405.04,1,21,false,3
HG_012,FAM,HB,ADL-1,2026-06-21,404.94,1,21,false,3
HG_012,FAM,HB,ADL-1,2026-06-22,395.94,1,21,false,3
HG_012,FAM,HB,ADL-1,2026-06-23,390.17,1,21,false,3
HG_012,FAM,HB,ADL-1,2026-06-24,395.47,1,21,false,3
HG_012,FAM,HB,ADL-1,2026-06-25,394.70,1,21,false,3
HG_012,FAM,HB,ADL-1,2026-06-26,377.53,1,21,false,3
HG_012,FAM,HB,ADL-1,2026-06-27,409.02,1,21,false,3
HG_012,FAM,HB,ADL-1,2026-06-28,397.86,1,21,false,3
HG_012,FAM,HB,ADL-1,2026-06-29,388.71,1,21,false,3
HG_012,FAM,HB,ADL-2,2026-05-01,352.65,3,21,false,3
HG_012,FAM,HB,ADL-2,2026-05-02,386.45,3,21,false,3
HG_012,FAM,HB,ADL-2,2026-05-03,366.74,3,21,false,3
HG_012,FAM,HB,ADL-2,2026-05-04,366.38,3,21,false,3
HG_012,FAM,HB,ADL-2,2026-05-05,350.70,3,21,false,3
HG_012,FAM,HB,ADL-2,2026-05-06,350.01,3,21,false,3
HG_012,FAM,HB,ADL-2,2026-05-07,367.06,3,21,false,3
HG_012,FAM,HB,ADL-2,2026-05-08,364.56,3,21,false,3
HG_012,FAM,HB,ADL-2,2026-05-09,372.11,3,21,false,3
HG_012,FAM,HB,ADL-2,2026-05-10,371.10,3,21,false,3
HG_012,FAM,HB,ADL-2,2026-05-11,347.63,3,21,false,3
HG_012,FAM,HB,ADL-2,2026-05-12,365.19,3,21,false,3
HG_012,FAM,HB,ADL-2,2026-05-13,351.47,3,21,false,3
HG_012,FAM,HB,ADL-2,2026-05-14,360.52,3,21,false,3
HG_012,FAM,HB,ADL-2,2026-05-15,356.26,3,21,false,3
HG_012,FAM,HB,ADL-2,2026-05-16,382.27,1,21,false,3
HG_012,FAM,HB,ADL-2,2026-05-17,396.94,1,21,false,3
HG_012,FAM,HB,ADL-2,2026-05-18,378.50,1,21,false,3
HG_012,FAM,HB,ADL-2,2026-05-19,367.00,1,21,false,3
HG_012,FAM,HB,ADL-2,2026-05-20,368.25,1,21,false,3
HG_012,FAM,HB,ADL-2,2026-05-21,358.04,1,21,false,3
HG_012,FAM,HB,ADL-2,2026-05-22,357.80,1,21,false,3
HG_012,FAM,HB,ADL-2,2026-05-23,388.61,1,21,false,3
HG_012,FAM,HB,ADL-2,2026-05-24,382.95,1,21,false,3
HG_012,FAM,HB,ADL-2,2026-05-25,365.18,1,21,false,3
HG_012,FAM,HB,ADL-2,2026-05-26,379.38,1,21,false,3
HG_012,FAM,HB,ADL-2,2026-05-27,369.35,1,21,false,3
HG_012,FAM,HB,ADL-2,2026-05-28,361.16,1,21,false,3
HG_012,FAM,HB,ADL-2,2026-05-29,381.05,1,21,false,3
HG_012,FAM,HB,ADL-2,2026-05-30,383.61,1,21,false,3
HG_012,FAM,HB,ADL-2,2026-05-31,413.24,3,21,false,3
HG_012,FAM,HB,ADL-2,2026-06-01,386.11,3,21,false,3
HG_012,FAM,HB,ADL-2,2026-06-02,387.01,3,21,false,3
HG_012,FAM,HB,ADL-2,2026-06-03,370.23,3,21,false,3
HG_012,FAM,HB,ADL-2,2026-06-04,382.02,3,21,false,3
HG_012,FAM,HB,ADL-2,2026-06-05,371.59,3,21,false,3
HG_012,FAM,HB,ADL-2,2026-06-06,394.65,3,21,false,3
HG_012,FAM,HB,ADL-2,2026-06-07,397.07,3,21,false,3
HG_012,FAM,HB,ADL-2,2026-06-08,392.67,3,21,false,3
HG_012,FAM,HB,ADL-2,2026-06-09,375.84,3,21,false,3
HG_012,FAM,HB,ADL-2,2026-06-10,372.98,3,21,false,3
HG_012,FAM,HB,ADL-2,2026-06-11,383.56,3,21,false,3
HG_012,FAM,HB,ADL-2,2026-06-12,372.56,3,21,false,3
HG_012,FAM,HB,ADL-2,2026-06-13,402.82,3,21,false,3
HG_012,FAM,HB,ADL-2,2026-06-14,386.03,3,21,false,3
HG_012,FAM,HB,ADL-2,2026-06-15,401.10,1,21,false,3
HG_012,FAM,HB,ADL-2,2026-06-16,386.50,1,21,false,3
HG_012,FAM,HB,ADL-2,2026-06-17,388.26,1,21,false,3
HG_012,FAM,HB,ADL-2,2026-06-18,400.23,1,21,false,3
HG_012,FAM,HB,ADL-2,2026-06-19,394.64,1,21,false,3
HG_012,FAM,HB,ADL-2,2026-06-20,405.39,1,21,false,3
HG_012,FAM,HB,ADL-2,2026-06-21,400.35,1,21,false,3
HG_012,FAM,HB,ADL-2,2026-06-22,382.73,1,21,false,3
HG_012,FAM,HB,ADL-2,2026-06-23,382.06,1,21,false,3
HG_012,FAM,HB,ADL-2,2026-06-24,381.40,1,21,false,3
HG_012,FAM,HB,ADL-2,2026-06-25,380.61,1,21,false,3
HG_012,FAM,HB,ADL-2,2026-06-26,393.41,1,21,false,3
HG_012,FAM,HB,ADL-2,2026-06-27,420.24,1,21,false,3
HG_012,FAM,HB,ADL-2,2026-06-28,406.55,1,21,false,3
HG_012,FAM,HB,ADL-2,2026-06-29,395.03,1,21,false,3
HG_012,FAM,FB,ADL-1,2026-05-01,363.95,3,21,false,3
HG_012,FAM,FB,ADL-1,2026-05-02,408.75,3,21,false,3
HG_012,FAM,FB,ADL-1,2026-05-03,383.95,3,21,false,3
HG_012,FAM,FB,ADL-1,2026-05-04,364.19,3,21,false,3
HG_012,FAM,FB,ADL-1,2026-05-05,375.30,3,21,false,3
HG_012,FAM,FB,ADL-1,2026-05-06,370.88,3,21,false,3
HG_012,FAM,FB,ADL-1,2026-05-07,371.44,3,21,false,3
HG_012,FAM,FB,ADL-1,2026-05-08,383.12,3,21,false,3
HG_012,FAM,FB,ADL-1,2026-05-09,392.05,3,21,false,3
HG_012,FAM,FB,ADL-1,2026-05-10,385.70,3,21,false,3
HG_012,FAM,FB,ADL-1,2026-05-11,369.01,3,21,false,3
HG_012,FAM,FB,ADL-1,2026-05-12,372.43,3,21,false,3
HG_012,FAM,FB,ADL-1,2026-05-13,364.12,3,21,false,3
HG_012,FAM,FB,ADL-1,2026-05-14,378.46,3,21,false,3
HG_012,FAM,FB,ADL-1,2026-05-15,382.29,3,21,false,3
HG_012,FAM,FB,ADL-1,2026-05-16,394.18,1,21,false,3
HG_012,FAM,FB,ADL-1,2026-05-17,404.35,1,21,false,3
HG_012,FAM,FB,ADL-1,2026-05-18,374.59,1,21,false,3
HG_012,FAM,FB,ADL-1,2026-05-19,377.40,1,21,false,3
HG_012,FAM,FB,ADL-1,2026-05-20,381.82,1,21,false,3
HG_012,FAM,FB,ADL-1,2026-05-21,395.17,1,21,false,3
HG_012,FAM,FB,ADL-1,2026-05-22,392.95,1,21,false,3
HG_012,FAM,FB,ADL-1,2026-05-23,409.21,1,21,false,3
HG_012,FAM,FB,ADL-1,2026-05-24,415.74,1,21,false,3
HG_012,FAM,FB,ADL-1,2026-05-25,393.75,1,21,false,3
HG_012,FAM,FB,ADL-1,2026-05-26,386.37,1,21,false,3
HG_012,FAM,FB,ADL-1,2026-05-27,384.81,1,21,false,3
HG_012,FAM,FB,ADL-1,2026-05-28,391.48,1,21,false,3
HG_012,FAM,FB,ADL-1,2026-05-29,372.55,1,21,false,3
HG_012,FAM,FB,ADL-1,2026-05-30,416.28,1,21,false,3
HG_012,FAM,FB,ADL-1,2026-05-31,428.38,3,21,false,3
HG_012,FAM,FB,ADL-1,2026-06-01,382.94,3,21,false,3
HG_012,FAM,FB,ADL-1,2026-06-02,399.25,3,21,false,3
HG_012,FAM,FB,ADL-1,2026-06-03,403.88,3,21,false,3
HG_012,FAM,FB,ADL-1,2026-06-04,384.01,3,21,false,3
HG_012,FAM,FB,ADL-1,2026-06-05,391.59,3,21,false,3
HG_012,FAM,FB,ADL-1,2026-06-06,400.50,3,21,false,3
HG_012,FAM,FB,ADL-1,2026-06-07,415.58,3,21,false,3
HG_012,FAM,FB,ADL-1,2026-06-08,401.93,3,21,false,3
HG_012,FAM,FB,ADL-1,2026-06-09,389.20,3,21,false,3
HG_012,FAM,FB,ADL-1,2026-06-10,400.21,3,21,false,3
HG_012,FAM,FB,ADL-1,2026-06-11,385.63,3,21,false,3
HG_012,FAM,FB,ADL-1,2026-06-12,390.25,3,21,false,3
HG_012,FAM,FB,ADL-1,2026-06-13,411.96,3,21,false,3
HG_012,FAM,FB,ADL-1,2026-06-14,428.32,3,21,false,3
HG_012,FAM,FB,ADL-1,2026-06-15,397.13,1,21,false,3
HG_012,FAM,FB,ADL-1,2026-06-16,399.93,1,21,false,3
HG_012,FAM,FB,ADL-1,2026-06-17,411.92,1,21,false,3
HG_012,FAM,FB,ADL-1,2026-06-18,414.21,1,21,false,3
HG_012,FAM,FB,ADL-1,2026-06-19,414.24,1,21,false,3
HG_012,FAM,FB,ADL-1,2026-06-20,423.34,1,21,false,3
HG_012,FAM,FB,ADL-1,2026-06-21,418.45,1,21,false,3
HG_012,FAM,FB,ADL-1,2026-06-22,400.89,1,21,false,3
HG_012,FAM,FB,ADL-1,2026-06-23,394.13,1,21,false,3
HG_012,FAM,FB,ADL-1,2026-06-24,415.64,1,21,false,3
HG_012,FAM,FB,ADL-1,2026-06-25,404.48,1,21,false,3
HG_012,FAM,FB,ADL-1,2026-06-26,418.15,1,21,false,3
HG_012,FAM,FB,ADL-1,2026-06-27,436.85,1,21,false,3
HG_012,FAM,FB,ADL-1,2026-06-28,411.39,1,21,false,3
HG_012,FAM,FB,ADL-1,2026-06-29,399.78,1,21,false,3
HG_012,FAM,FB,ADL-2,2026-05-01,372.83,3,21,false,3
HG_012,FAM,FB,ADL-2,2026-05-02,408.72,3,21,false,3
HG_012,FAM,FB,ADL-2,2026-05-03,384.89,3,21,false,3
HG_012,FAM,FB,ADL-2,2026-05-04,369.16,3,21,false,3
HG_012,FAM,FB,ADL-2,2026-05-05,364.33,3,21,false,3
HG_012,FAM,FB,ADL-2,2026-05-06,365.99,3,21,false,3
HG_012,FAM,FB,ADL-2,2026-05-07,369.84,3,21,false,3
HG_012,FAM,FB,ADL-2,2026-05-08,383.85,3,21,false,3
HG_012,FAM,FB,ADL-2,2026-05-09,402.18,3,21,false,3
HG_012,FAM,FB,ADL-2,2026-05-10,394.71,3,21,false,3
HG_012,FAM,FB,ADL-2,2026-05-11,372.78,3,21,false,3
HG_012,FAM,FB,ADL-2,2026-05-12,385.35,3,21,false,3
HG_012,FAM,FB,ADL-2,2026-05-13,379.57,3,21,false,3
HG_012,FAM,FB,ADL-2,2026-05-14,376.25,3,21,false,3
HG_012,FAM,FB,ADL-2,2026-05-15,366.96,3,21,false,3
HG_012,FAM,FB,ADL-2,2026-05-16,413.01,1,21,false,3
HG_012,FAM,FB,ADL-2,2026-05-17,391.25,1,21,false,3
HG_012,FAM,FB,ADL-2,2026-05-18,394.83,1,21,false,3
HG_012,FAM,FB,ADL-2,2026-05-19,380.91,1,21,false,3
HG_012,FAM,FB,ADL-2,2026-05-20,376.77,1,21,false,3
HG_012,FAM,FB,ADL-2,2026-05-21,374.89,1,21,false,3
HG_012,FAM,FB,ADL-2,2026-05-22,373.91,1,21,false,3
HG_012,FAM,FB,ADL-2,2026-05-23,391.95,1,21,false,3
HG_012,FAM,FB,ADL-2,2026-05-24,400.20,1,21,false,3
HG_012,FAM,FB,ADL-2,2026-05-25,386.29,1,21,false,3
HG_012,FAM,FB,ADL-2,2026-05-26,393.99,1,21,false,3
HG_012,FAM,FB,ADL-2,2026-05-27,388.39,1,21,false,3
HG_012,FAM,FB,ADL-2,2026-05-28,385.49,1,21,false,3
HG_012,FAM,FB,ADL-2,2026-05-29,381.28,1,21,false,3
HG_012,FAM,FB,ADL-2,2026-05-30,410.45,1,21,false,3
HG_012,FAM,FB,ADL-2,2026-05-31,427.29,3,21,false,3
HG_012,FAM,FB,ADL-2,2026-06-01,385.85,3,21,false,3
HG_012,FAM,FB,ADL-2,2026-06-02,396.95,3,21,false,3
HG_012,FAM,FB,ADL-2,2026-06-03,382.14,3,21,false,3
HG_012,FAM,FB,ADL-2,2026-06-04,392.64,3,21,false,3
HG_012,FAM,FB,ADL-2,2026-06-05,392.74,3,21,false,3
HG_012,FAM,FB,ADL-2,2026-06-06,404.31,3,21,false,3
HG_012,FAM,FB,ADL-2,2026-06-07,415.70,3,21,false,3
HG_012,FAM,FB,ADL-2,2026-06-08,405.52,3,21,false,3
HG_012,FAM,FB,ADL-2,2026-06-09,397.65,3,21,false,3
HG_012,FAM,FB,ADL-2,2026-06-10,389.85,3,21,false,3
HG_012,FAM,FB,ADL-2,2026-06-11,395.21,3,21,false,3
HG_012,FAM,FB,ADL-2,2026-06-12,408.00,3,21,false,3
HG_012,FAM,FB,ADL-2,2026-06-13,428.83,3,21,false,3
HG_012,FAM,FB,ADL-2,2026-06-14,422.68,3,21,false,3
HG_012,FAM,FB,ADL-2,2026-06-15,410.75,1,21,false,3
HG_012,FAM,FB,ADL-2,2026-06-16,409.11,1,21,false,3
HG_012,FAM,FB,ADL-2,2026-06-17,406.52,1,21,false,3
HG_012,FAM,FB,ADL-2,2026-06-18,404.86,1,21,false,3
HG_012,FAM,FB,ADL-2,2026-06-19,397.15,1,21,false,3
HG_012,FAM,FB,ADL-2,2026-06-20,421.23,1,21,false,3
HG_012,FAM,FB,ADL-2,2026-06-21,422.97,1,21,false,3
HG_012,FAM,FB,ADL-2,2026-06-22,407.70,1,21,false,3
HG_012,FAM,FB,ADL-2,2026-06-23,397.63,1,21,false,3
HG_012,FAM,FB,ADL-2,2026-06-24,397.00,1,21,false,3
HG_012,FAM,FB,ADL-2,2026-06-25,391.53,1,21,false,3
HG_012,FAM,FB,ADL-2,2026-06-26,412.89,1,21,false,3
HG_012,FAM,FB,ADL-2,2026-06-27,418.44,1,21,false,3
HG_012,FAM,FB,ADL-2,2026-06-28,420.95,1,21,false,3
HG_012,FAM,FB,ADL-2,2026-06-29,414.61,1,21,false,3
HG_012,JS,RO,ADL-1,2026-05-01,362.33,3,21,false,3
HG_012,JS,RO,ADL-1,2026-05-02,387.14,3,21,false,3
HG_012,JS,RO,ADL-1,2026-05-03,384.74,3,21,false,3
HG_012,JS,RO,ADL-1,2026-05-04,370.48,3,21,false,3
HG_012,JS,RO,ADL-1,2026-05-05,366.57,3,21,false,3
HG_012,JS,RO,ADL-1,2026-05-06,354.99,3,21,false,3
HG_012,JS,RO,ADL-1,2026-05-07,354.85,3,21,false,3
HG_012,JS,RO,ADL-1,2026-05-08,367.32,3,21,false,3
HG_012,JS,RO,ADL-1,2026-05-09,384.53,3,21,false,3
HG_012,JS,RO,ADL-1,2026-05-10,388.95,3,21,false,3
HG_012,JS,RO,ADL-1,2026-05-11,350.79,3,21,false,3
HG_012,JS,RO,ADL-1,2026-05-12,371.94,3,21,false,3
HG_012,JS,RO,ADL-1,2026-05-13,358.40,3,21,false,3
HG_012,JS,RO,ADL-1,2026-05-14,351.44,3,21,false,3
HG_012,JS,RO,ADL-1,2026-05-15,350.95,3,21,false,3
HG_012,JS,RO,ADL-1,2026-05-16,403.36,1,21,false,3
HG_012,JS,RO,ADL-1,2026-05-17,387.13,1,21,false,3
HG_012,JS,RO,ADL-1,2026-05-18,364.12,1,21,false,3
HG_012,JS,RO,ADL-1,2026-05-19,382.09,1,21,false,3
HG_012,JS,RO,ADL-1,2026-05-20,371.14,1,21,false,3
HG_012,JS,RO,ADL-1,2026-05-21,376.56,1,21,false,3
HG_012,JS,RO,ADL-1,2026-05-22,380.62,1,21,false,3
HG_012,JS,RO,ADL-1,2026-05-23,397.04,1,21,false,3
HG_012,JS,RO,ADL-1,2026-05-24,391.39,1,21,false,3
HG_012,JS,RO,ADL-1,2026-05-25,378.14,1,21,false,3
HG_012,JS,RO,ADL-1,2026-05-26,371.12,1,21,false,3
HG_012,JS,RO,ADL-1,2026-05-27,358.84,1,21,false,3
HG_012,JS,RO,ADL-1,2026-05-28,373.96,1,21,false,3
HG_012,JS,RO,ADL-1,2026-05-29,361.65,1,21,false,3
HG_012,JS,RO,ADL-1,2026-05-30,377.95,1,21,false,3
HG_012,JS,RO,ADL-1,2026-05-31,412.01,3,21,false,3
HG_012,JS,RO,ADL-1,2026-06-01,388.19,3,21,false,3
HG_012,JS,RO,ADL-1,2026-06-02,372.55,3,21,false,3
HG_012,JS,RO,ADL-1,2026-06-03,391.21,3,21,false,3
HG_012,JS,RO,ADL-1,2026-06-04,383.62,3,21,false,3
HG_012,JS,RO,ADL-1,2026-06-05,374.08,3,21,false,3
HG_012,JS,RO,ADL-1,2026-06-06,394.57,3,21,false,3
HG_012,JS,RO,ADL-1,2026-06-07,395.26,3,21,false,3
HG_012,JS,RO,ADL-1,2026-06-08,391.34,3,21,false,3
HG_012,JS,RO,ADL-1,2026-06-09,377.40,3,21,false,3
HG_012,JS,RO,ADL-1,2026-06-10,392.34,3,21,false,3
HG_012,JS,RO,ADL-1,2026-06-11,367.09,3,21,false,3
HG_012,JS,RO,ADL-1,2026-06-12,389.98,3,21,false,3
HG_012,JS,RO,ADL-1,2026-06-13,406.24,3,21,false,3
HG_012,JS,RO,ADL-1,2026-06-14,408.74,3,21,false,3
HG_012,JS,RO,ADL-1,2026-06-15,388.11,1,21,false,3
HG_012,JS,RO,ADL-1,2026-06-16,390.25,1,21,false,3
HG_012,JS,RO,ADL-1,2026-06-17,381.45,1,21,false,3
HG_012,JS,RO,ADL-1,2026-06-18,402.52,1,21,false,3
HG_012,JS,RO,ADL-1,2026-06-19,394.83,1,21,false,3
HG_012,JS,RO,ADL-1,2026-06-20,406.88,1,21,false,3
HG_012,JS,RO,ADL-1,2026-06-21,405.84,1,21,false,3
HG_012,JS,RO,ADL-1,2026-06-22,384.27,1,21,false,3
HG_012,JS,RO,ADL-1,2026-06-23,378.31,1,21,false,3
HG_012,JS,RO,ADL-1,2026-06-24,386.49,1,21,false,3
HG_012,JS,RO,ADL-1,2026-06-25,386.57,1,21,false,3
HG_012,JS,RO,ADL-1,2026-06-26,390.18,1,21,false,3
HG_012,JS,RO,ADL-1,2026-06-27,416.04,1,21,false,3
HG_012,JS,RO,ADL-1,2026-06-28,398.94,1,21,false,3
HG_012,JS,RO,ADL-1,2026-06-29,387.37,1,21,false,3
HG_012,JS,RO,ADL-2,2026-05-01,350.24,3,21,false,3
HG_012,JS,RO,ADL-2,2026-05-02,391.29,3,21,false,3
HG_012,JS,RO,ADL-2,2026-05-03,383.15,3,21,false,3
HG_012,JS,RO,ADL-2,2026-05-04,352.04,3,21,false,3
HG_012,JS,RO,ADL-2,2026-05-05,349.28,3,21,false,3
HG_012,JS,RO,ADL-2,2026-05-06,369.85,3,21,false,3
HG_012,JS,RO,ADL-2,2026-05-07,369.37,3,21,false,3
HG_012,JS,RO,ADL-2,2026-05-08,355.67,3,21,false,3
HG_012,JS,RO,ADL-2,2026-05-09,384.97,3,21,false,3
HG_012,JS,RO,ADL-2,2026-05-10,387.34,3,21,false,3
HG_012,JS,RO,ADL-2,2026-05-11,348.57,3,21,false,3
HG_012,JS,RO,ADL-2,2026-05-12,371.48,3,21,false,3
HG_012,JS,RO,ADL-2,2026-05-13,347.61,3,21,false,3
HG_012,JS,RO,ADL-2,2026-05-14,371.11,3,21,false,3
HG_012,JS,RO,ADL-2,2026-05-15,349.90,3,21,false,3
HG_012,JS,RO,ADL-2,2026-05-16,387.19,1,21,false,3
HG_012,JS,RO,ADL-2,2026-05-17,398.35,1,21,false,3
HG_012,JS,RO,ADL-2,2026-05-18,371.30,1,21,false,3
HG_012,JS,RO,ADL-2,2026-05-19,363.22,1,21,false,3
HG_012,JS,RO,ADL-2,2026-05-20,370.19,1,21,false,3
HG_012,JS,RO,ADL-2,2026-05-21,376.36,1,21,false,3
HG_012,JS,RO,ADL-2,2026-05-22,371.79,1,21,false,3
HG_012,JS,RO,ADL-2,2026-05-23,400.03,1,21,false,3
HG_012,JS,RO,ADL-2,2026-05-24,400.22,1,21,false,3
HG_012,JS,RO,ADL-2,2026-05-25,368.75,1,21,false,3
HG_012,JS,RO,ADL-2,2026-05-26,366.34,1,21,false,3
HG_012,JS,RO,ADL-2,2026-05-27,360.23,1,21,false,3
HG_012,JS,RO,ADL-2,2026-05-28,380.79,1,21,false,3
HG_012,JS,RO,ADL-2,2026-05-29,359.52,1,21,false,3
HG_012,JS,RO,ADL-2,2026-05-30,393.38,1,21,false,3
HG_012,JS,RO,ADL-2,2026-05-31,410.69,3,21,false,3
HG_012,JS,RO,ADL-2,2026-06-01,379.71,3,21,false,3
HG_012,JS,RO,ADL-2,2026-06-02,385.75,3,21,false,3
HG_012,JS,RO,ADL-2,2026-06-03,381.04,3,21,false,3
HG_012,JS,RO,ADL-2,2026-06-04,381.88,3,21,false,3
HG_012,JS,RO,ADL-2,2026-06-05,384.12,3,21,false,3
HG_012,JS,RO,ADL-2,2026-06-06,394.96,3,21,false,3
HG_012,JS,RO,ADL-2,2026-06-07,390.20,3,21,false,3
HG_012,JS,RO,ADL-2,2026-06-08,378.43,3,21,false,3
HG_012,JS,RO,ADL-2,2026-06-09,372.96,3,21,false,3
HG_012,JS,RO,ADL-2,2026-06-10,372.95,3,21,false,3
HG_012,JS,RO,ADL-2,2026-06-11,370.69,3,21,false,3
HG_012,JS,RO,ADL-2,2026-06-12,371.36,3,21,false,3
HG_012,JS,RO,ADL-2,2026-06-13,399.96,3,21,false,3
HG_012,JS,RO,ADL-2,2026-06-14,386.52,3,21,false,3
HG_012,JS,RO,ADL-2,2026-06-15,394.37,1,21,false,3
HG_012,JS,RO,ADL-2,2026-06-16,394.24,1,21,false,3
HG_012,JS,RO,ADL-2,2026-06-17,379.49,1,21,false,3
HG_012,JS,RO,ADL-2,2026-06-18,376.99,1,21,false,3
HG_012,JS,RO,ADL-2,2026-06-19,400.24,1,21,false,3
HG_012,JS,RO,ADL-2,2026-06-20,409.24,1,21,false,3
HG_012,JS,RO,ADL-2,2026-06-21,395.91,1,21,false,3
HG_012,JS,RO,ADL-2,2026-06-22,396.56,1,21,false,3
HG_012,JS,RO,ADL-2,2026-06-23,378.74,1,21,false,3
HG_012,JS,RO,ADL-2,2026-06-24,388.30,1,21,false,3
HG_012,JS,RO,ADL-2,2026-06-25,394.41,1,21,false,3
HG_012,JS,RO,ADL-2,2026-06-26,381.71,1,21,false,3
HG_012,JS,RO,ADL-2,2026-06-27,406.92,1,21,false,3
HG_012,JS,RO,ADL-2,2026-06-28,402.41,1,21,false,3
HG_012,JS,RO,ADL-2,2026-06-29,392.73,1,21,false,3
HG_012,JS,BB,ADL-1,2026-05-01,387.88,3,21,false,3
HG_012,JS,BB,ADL-1,2026-05-02,408.79,3,21,false,3
HG_012,JS,BB,ADL-1,2026-05-03,388.44,3,21,false,3
HG_012,JS,BB,ADL-1,2026-05-04,375.39,3,21,false,3
HG_012,JS,BB,ADL-1,2026-05-05,378.39,3,21,false,3
HG_012,JS,BB,ADL-1,2026-05-06,383.92,3,21,false,3
HG_012,JS,BB,ADL-1,2026-05-07,367.26,3,21,false,3
HG_012,JS,BB,ADL-1,2026-05-08,387.52,3,21,false,3
HG_012,JS,BB,ADL-1,2026-05-09,408.21,3,21,false,3
HG_012,JS,BB,ADL-1,2026-05-10,397.63,3,21,false,3
HG_012,JS,BB,ADL-1,2026-05-11,378.04,3,21,false,3
HG_012,JS,BB,ADL-1,2026-05-12,362.19,3,21,false,3
HG_012,JS,BB,ADL-1,2026-05-13,362.60,3,21,false,3
HG_012,JS,BB,ADL-1,2026-05-14,375.46,3,21,false,3
HG_012,JS,BB,ADL-1,2026-05-15,383.02,3,21,false,3
HG_012,JS,BB,ADL-1,2026-05-16,416.96,1,21,false,3
HG_012,JS,BB,ADL-1,2026-05-17,416.85,1,21,false,3
HG_012,JS,BB,ADL-1,2026-05-18,377.49,1,21,false,3
HG_012,JS,BB,ADL-1,2026-05-19,377.72,1,21,false,3
HG_012,JS,BB,ADL-1,2026-05-20,374.15,1,21,false,3
HG_012,JS,BB,ADL-1,2026-05-21,373.38,1,21,false,3
HG_012,JS,BB,ADL-1,2026-05-22,373.83,1,21,false,3
HG_012,JS,BB,ADL-1,2026-05-23,407.50,1,21,false,3
HG_012,JS,BB,ADL-1,2026-05-24,401.27,1,21,false,3
HG_012,JS,BB,ADL-1,2026-05-25,380.79,1,21,false,3
HG_012,JS,BB,ADL-1,2026-05-26,382.36,1,21,false,3
HG_012,JS,BB,ADL-1,2026-05-27,383.90,1,21,false,3
HG_012,JS,BB,ADL-1,2026-05-28,382.30,1,21,false,3
HG_012,JS,BB,ADL-1,2026-05-29,380.35,1,21,false,3
HG_012,JS,BB,ADL-1,2026-05-30,411.95,1,21,false,3
HG_012,JS,BB,ADL-1,2026-05-31,416.10,3,21,false,3
HG_012,JS,BB,ADL-1,2026-06-01,395.26,3,21,false,3
HG_012,JS,BB,ADL-1,2026-06-02,401.42,3,21,false,3
HG_012,JS,BB,ADL-1,2026-06-03,399.16,3,21,false,3
HG_012,JS,BB,ADL-1,2026-06-04,404.73,3,21,false,3
HG_012,JS,BB,ADL-1,2026-06-05,382.52,3,21,false,3
HG_012,JS,BB,ADL-1,2026-06-06,427.66,3,21,false,3
HG_012,JS,BB,ADL-1,2026-06-07,404.68,3,21,false,3
HG_012,JS,BB,ADL-1,2026-06-08,402.34,3,21,false,3
HG_012,JS,BB,ADL-1,2026-06-09,394.42,3,21,false,3
HG_012,JS,BB,ADL-1,2026-06-10,387.92,3,21,false,3
HG_012,JS,BB,ADL-1,2026-06-11,385.14,3,21,false,3
HG_012,JS,BB,ADL-1,2026-06-12,382.00,3,21,false,3
HG_012,JS,BB,ADL-1,2026-06-13,421.34,3,21,false,3
HG_012,JS,BB,ADL-1,2026-06-14,423.90,3,21,false,3
HG_012,JS,BB,ADL-1,2026-06-15,404.79,1,21,false,3
HG_012,JS,BB,ADL-1,2026-06-16,410.91,1,21,false,3
HG_012,JS,BB,ADL-1,2026-06-17,401.94,1,21,false,3
HG_012,JS,BB,ADL-1,2026-06-18,393.46,1,21,false,3
HG_012,JS,BB,ADL-1,2026-06-19,404.97,1,21,false,3
HG_012,JS,BB,ADL-1,2026-06-20,412.02,1,21,false,3
HG_012,JS,BB,ADL-1,2026-06-21,428.52,1,21,false,3
HG_012,JS,BB,ADL-1,2026-06-22,396.84,1,21,false,3
HG_012,JS,BB,ADL-1,2026-06-23,396.28,1,21,false,3
HG_012,JS,BB,ADL-1,2026-06-24,397.78,1,21,false,3
HG_012,JS,BB,ADL-1,2026-06-25,410.97,1,21,false,3
HG_012,JS,BB,ADL-1,2026-06-26,415.15,1,21,false,3
HG_012,JS,BB,ADL-1,2026-06-27,419.74,1,21,false,3
HG_012,JS,BB,ADL-1,2026-06-28,425.80,1,21,false,3
HG_012,JS,BB,ADL-1,2026-06-29,414.99,1,21,false,3
HG_012,JS,BB,ADL-2,2026-05-01,385.71,3,21,false,3
HG_012,JS,BB,ADL-2,2026-05-02,397.61,3,21,false,3
HG_012,JS,BB,ADL-2,2026-05-03,381.71,3,21,false,3
HG_012,JS,BB,ADL-2,2026-05-04,375.55,3,21,false,3
HG_012,JS,BB,ADL-2,2026-05-05,368.44,3,21,false,3
HG_012,JS,BB,ADL-2,2026-05-06,379.82,3,21,false,3
HG_012,JS,BB,ADL-2,2026-05-07,364.94,3,21,false,3
HG_012,JS,BB,ADL-2,2026-05-08,373.07,3,21,false,3
HG_012,JS,BB,ADL-2,2026-05-09,405.06,3,21,false,3
HG_012,JS,BB,ADL-2,2026-05-10,393.94,3,21,false,3
HG_012,JS,BB,ADL-2,2026-05-11,378.93,3,21,false,3
HG_012,JS,BB,ADL-2,2026-05-12,383.41,3,21,false,3
HG_012,JS,BB,ADL-2,2026-05-13,385.92,3,21,false,3
HG_012,JS,BB,ADL-2,2026-05-14,386.50,3,21,false,3
HG_012,JS,BB,ADL-2,2026-05-15,385.30,3,21,false,3
HG_012,JS,BB,ADL-2,2026-05-16,396.45,1,21,false,3
HG_012,JS,BB,ADL-2,2026-05-17,412.31,1,21,false,3
HG_012,JS,BB,ADL-2,2026-05-18,386.53,1,21,false,3
HG_012,JS,BB,ADL-2,2026-05-19,392.79,1,21,false,3
HG_012,JS,BB,ADL-2,2026-05-20,392.28,1,21,false,3
HG_012,JS,BB,ADL-2,2026-05-21,382.12,1,21,false,3
HG_012,JS,BB,ADL-2,2026-05-22,395.11,1,21,false,3
HG_012,JS,BB,ADL-2,2026-05-23,391.88,1,21,false,3
HG_012,JS,BB,ADL-2,2026-05-24,400.24,1,21,false,3
HG_012,JS,BB,ADL-2,2026-05-25,385.40,1,21,false,3
HG_012,JS,BB,ADL-2,2026-05-26,389.03,1,21,false,3
HG_012,JS,BB,ADL-2,2026-05-27,386.55,1,21,false,3
HG_012,JS,BB,ADL-2,2026-05-28,397.44,1,21,false,3
HG_012,JS,BB,ADL-2,2026-05-29,373.14,1,21,false,3
HG_012,JS,BB,ADL-2,2026-05-30,418.71,1,21,false,3
HG_012,JS,BB,ADL-2,2026-05-31,407.55,3,21,false,3
HG_012,JS,BB,ADL-2,2026-06-01,385.09,3,21,false,3
HG_012,JS,BB,ADL-2,2026-06-02,393.98,3,21,false,3
HG_012,JS,BB,ADL-2,2026-06-03,406.91,3,21,false,3
HG_012,JS,BB,ADL-2,2026-06-04,385.07,3,21,false,3
HG_012,JS,BB,ADL-2,2026-06-05,402.44,3,21,false,3
HG_012,JS,BB,ADL-2,2026-06-06,407.44,3,21,false,3
HG_012,JS,BB,ADL-2,2026-06-07,404.97,3,21,false,3
HG_012,JS,BB,ADL-2,2026-06-08,404.91,3,21,false,3
HG_012,JS,BB,ADL-2,2026-06-09,383.12,3,21,false,3
HG_012,JS,BB,ADL-2,2026-06-10,404.86,3,21,false,3
HG_012,JS,BB,ADL-2,2026-06-11,386.98,3,21,false,3
HG_012,JS,BB,ADL-2,2026-06-12,398.59,3,21,false,3
HG_012,JS,BB,ADL-2,2026-06-13,426.62,3,21,false,3
HG_012,JS,BB,ADL-2,2026-06-14,405.97,3,21,false,3
HG_012,JS,BB,ADL-2,2026-06-15,396.20,1,21,false,3
HG_012,JS,BB,ADL-2,2026-06-16,391.02,1,21,false,3
HG_012,JS,BB,ADL-2,2026-06-17,410.03,1,21,false,3
HG_012,JS,BB,ADL-2,2026-06-18,408.48,1,21,false,3
HG_012,JS,BB,ADL-2,2026-06-19,414.29,1,21,false,3
HG_012,JS,BB,ADL-2,2026-06-20,416.96,1,21,false,3
HG_012,JS,BB,ADL-2,2026-06-21,435.02,1,21,false,3
HG_012,JS,BB,ADL-2,2026-06-22,394.28,1,21,false,3
HG_012,JS,BB,ADL-2,2026-06-23,397.56,1,21,false,3
HG_012,JS,BB,ADL-2,2026-06-24,413.65,1,21,false,3
HG_012,JS,BB,ADL-2,2026-06-25,395.75,1,21,false,3
HG_012,JS,BB,ADL-2,2026-06-26,391.97,1,21,false,3
HG_012,JS,BB,ADL-2,2026-06-27,435.11,1,21,false,3
HG_012,JS,BB,ADL-2,2026-06-28,428.30,1,21,false,3
HG_012,JS,BB,ADL-2,2026-06-29,412.73,1,21,false,3
HG_012,JS,HB,ADL-1,2026-05-01,384.80,3,21,false,3
HG_012,JS,HB,ADL-1,2026-05-02,398.40,3,21,false,3
HG_012,JS,HB,ADL-1,2026-05-03,414.66,3,21,false,3
HG_012,JS,HB,ADL-1,2026-05-04,397.56,3,21,false,3
HG_012,JS,HB,ADL-1,2026-05-05,393.80,3,21,false,3
HG_012,JS,HB,ADL-1,2026-05-06,400.14,3,21,false,3
HG_012,JS,HB,ADL-1,2026-05-07,397.52,3,21,false,3
HG_012,JS,HB,ADL-1,2026-05-08,395.60,3,21,false,3
HG_012,JS,HB,ADL-1,2026-05-09,421.68,3,21,false,3
HG_012,JS,HB,ADL-1,2026-05-10,404.70,3,21,false,3
HG_012,JS,HB,ADL-1,2026-05-11,394.63,3,21,false,3
HG_012,JS,HB,ADL-1,2026-05-12,394.62,3,21,false,3
HG_012,JS,HB,ADL-1,2026-05-13,390.49,3,21,false,3
HG_012,JS,HB,ADL-1,2026-05-14,377.44,3,21,false,3
HG_012,JS,HB,ADL-1,2026-05-15,400.73,3,21,false,3
HG_012,JS,HB,ADL-1,2026-05-16,433.67,1,21,false,3
HG_012,JS,HB,ADL-1,2026-05-17,411.39,1,21,false,3
HG_012,JS,HB,ADL-1,2026-05-18,397.82,1,21,false,3
HG_012,JS,HB,ADL-1,2026-05-19,390.40,1,21,false,3
HG_012,JS,HB,ADL-1,2026-05-20,408.40,1,21,false,3
HG_012,JS,HB,ADL-1,2026-05-21,398.11,1,21,false,3
HG_012,JS,HB,ADL-1,2026-05-22,398.27,1,21,false,3
HG_012,JS,HB,ADL-1,2026-05-23,431.35,1,21,false,3
HG_012,JS,HB,ADL-1,2026-05-24,414.14,1,21,false,3
HG_012,JS,HB,ADL-1,2026-05-25,394.00,1,21,false,3
HG_012,JS,HB,ADL-1,2026-05-26,394.05,1,21,false,3
HG_012,JS,HB,ADL-1,2026-05-27,392.91,1,21,false,3
HG_012,JS,HB,ADL-1,2026-05-28,393.15,1,21,false,3
HG_012,JS,HB,ADL-1,2026-05-29,411.40,1,21,false,3
HG_012,JS,HB,ADL-1,2026-05-30,413.70,1,21,false,3
HG_012,JS,HB,ADL-1,2026-05-31,429.30,3,21,false,3
HG_012,JS,HB,ADL-1,2026-06-01,399.15,3,21,false,3
HG_012,JS,HB,ADL-1,2026-06-02,407.69,3,21,false,3
HG_012,JS,HB,ADL-1,2026-06-03,415.27,3,21,false,3
HG_012,JS,HB,ADL-1,2026-06-04,414.81,3,21,false,3
HG_012,JS,HB,ADL-1,2026-06-05,412.45,3,21,false,3
HG_012,JS,HB,ADL-1,2026-06-06,435.34,3,21,false,3
HG_012,JS,HB,ADL-1,2026-06-07,416.97,3,21,false,3
HG_012,JS,HB,ADL-1,2026-06-08,396.43,3,21,false,3
HG_012,JS,HB,ADL-1,2026-06-09,423.04,3,21,false,3
HG_012,JS,HB,ADL-1,2026-06-10,410.24,3,21,false,3
HG_012,JS,HB,ADL-1,2026-06-11,399.52,3,21,false,3
HG_012,JS,HB,ADL-1,2026-06-12,418.54,3,21,false,3
HG_012,JS,HB,ADL-1,2026-06-13,419.80,3,21,false,3
HG_012,JS,HB,ADL-1,2026-06-14,431.30,3,21,false,3
HG_012,JS,HB,ADL-1,2026-06-15,420.70,1,21,false,3
HG_012,JS,HB,ADL-1,2026-06-16,423.19,1,21,false,3
HG_012,JS,HB,ADL-1,2026-06-17,424.86,1,21,false,3
HG_012,JS,HB,ADL-1,2026-06-18,406.52,1,21,false,3
HG_012,JS,HB,ADL-1,2026-06-19,434.44,1,21,false,3
HG_012,JS,HB,ADL-1,2026-06-20,441.75,1,21,false,3
HG_012,JS,HB,ADL-1,2026-06-21,439.05,1,21,false,3
HG_012,JS,HB,ADL-1,2026-06-22,426.83,1,21,false,3
HG_012,JS,HB,ADL-1,2026-06-23,424.93,1,21,false,3
HG_012,JS,HB,ADL-1,2026-06-24,420.60,1,21,false,3
HG_012,JS,HB,ADL-1,2026-06-25,433.84,1,21,false,3
HG_012,JS,HB,ADL-1,2026-06-26,409.02,1,21,false,3
HG_012,JS,HB,ADL-1,2026-06-27,430.75,1,21,false,3
HG_012,JS,HB,ADL-1,2026-06-28,431.61,1,21,false,3
HG_012,JS,HB,ADL-1,2026-06-29,416.07,1,21,false,3
HG_012,JS,HB,ADL-2,2026-05-01,400.52,3,21,false,3
HG_012,JS,HB,ADL-2,2026-05-02,404.80,3,21,false,3
HG_012,JS,HB,ADL-2,2026-05-03,408.58,3,21,false,3
HG_012,JS,HB,ADL-2,2026-05-04,399.54,3,21,false,3
HG_012,JS,HB,ADL-2,2026-05-05,397.73,3,21,false,3
HG_012,JS,HB,ADL-2,2026-05-06,396.99,3,21,false,3
HG_012,JS,HB,ADL-2,2026-05-07,378.69,3,21,false,3
HG_012,JS,HB,ADL-2,2026-05-08,386.74,3,21,false,3
HG_012,JS,HB,ADL-2,2026-05-09,417.72,3,21,false,3
HG_012,JS,HB,ADL-2,2026-05-10,419.77,3,21,false,3
HG_012,JS,HB,ADL-2,2026-05-11,377.55,3,21,false,3
HG_012,JS,HB,ADL-2,2026-05-12,400.85,3,21,false,3
HG_012,JS,HB,ADL-2,2026-05-13,379.46,3,21,false,3
HG_012,JS,HB,ADL-2,2026-05-14,397.40,3,21,false,3
HG_012,JS,HB,ADL-2,2026-05-15,395.69,3,21,false,3
HG_012,JS,HB,ADL-2,2026-05-16,420.71,1,21,false,3
HG_012,JS,HB,ADL-2,2026-05-17,412.35,1,21,false,3
HG_012,JS,HB,ADL-2,2026-05-18,404.19,1,21,false,3
HG_012,JS,HB,ADL-2,2026-05-19,403.86,1,21,false,3
HG_012,JS,HB,ADL-2,2026-05-20,407.30,1,21,false,3
HG_012,JS,HB,ADL-2,2026-05-21,408.11,1,21,false,3
HG_012,JS,HB,ADL-2,2026-05-22,410.19,1,21,false,3
HG_012,JS,HB,ADL-2,2026-05-23,414.34,1,21,false,3
HG_012,JS,HB,ADL-2,2026-05-24,405.73,1,21,false,3
HG_012,JS,HB,ADL-2,2026-05-25,389.93,1,21,false,3
HG_012,JS,HB,ADL-2,2026-05-26,409.59,1,21,false,3
HG_012,JS,HB,ADL-2,2026-05-27,403.80,1,21,false,3
HG_012,JS,HB,ADL-2,2026-05-28,386.39,1,21,false,3
HG_012,JS,HB,ADL-2,2026-05-29,401.18,1,21,false,3
HG_012,JS,HB,ADL-2,2026-05-30,412.59,1,21,false,3
HG_012,JS,HB,ADL-2,2026-05-31,440.39,3,21,false,3
HG_012,JS,HB,ADL-2,2026-06-01,417.95,3,21,false,3
HG_012,JS,HB,ADL-2,2026-06-02,407.37,3,21,false,3
HG_012,JS,HB,ADL-2,2026-06-03,416.70,3,21,false,3
HG_012,JS,HB,ADL-2,2026-06-04,415.97,3,21,false,3
HG_012,JS,HB,ADL-2,2026-06-05,409.88,3,21,false,3
HG_012,JS,HB,ADL-2,2026-06-06,426.30,3,21,false,3
HG_012,JS,HB,ADL-2,2026-06-07,433.58,3,21,false,3
HG_012,JS,HB,ADL-2,2026-06-08,421.67,3,21,false,3
HG_012,JS,HB,ADL-2,2026-06-09,410.63,3,21,false,3
HG_012,JS,HB,ADL-2,2026-06-10,407.26,3,21,false,3
HG_012,JS,HB,ADL-2,2026-06-11,422.47,3,21,false,3
HG_012,JS,HB,ADL-2,2026-06-12,415.66,3,21,false,3
HG_012,JS,HB,ADL-2,2026-06-13,429.23,3,21,false,3
HG_012,JS,HB,ADL-2,2026-06-14,427.73,3,21,false,3
HG_012,JS,HB,ADL-2,2026-06-15,412.67,1,21,false,3
HG_012,JS,HB,ADL-2,2026-06-16,429.38,1,21,false,3
HG_012,JS,HB,ADL-2,2026-06-17,419.28,1,21,false,3
HG_012,JS,HB,ADL-2,2026-06-18,417.72,1,21,false,3
HG_012,JS,HB,ADL-2,2026-06-19,414.71,1,21,false,3
HG_012,JS,HB,ADL-2,2026-06-20,432.83,1,21,false,3
HG_012,JS,HB,ADL-2,2026-06-21,425.55,1,21,false,3
HG_012,JS,HB,ADL-2,2026-06-22,411.03,1,21,false,3
HG_012,JS,HB,ADL-2,2026-06-23,425.27,1,21,false,3
HG_012,JS,HB,ADL-2,2026-06-24,429.18,1,21,false,3
HG_012,JS,HB,ADL-2,2026-06-25,425.00,1,21,false,3
HG_012,JS,HB,ADL-2,2026-06-26,430.05,1,21,false,3
HG_012,JS,HB,ADL-2,2026-06-27,445.85,1,21,false,3
HG_012,JS,HB,ADL-2,2026-06-28,447.72,1,21,false,3
HG_012,JS,HB,ADL-2,2026-06-29,410.58,1,21,false,3
HG_012,JS,FB,ADL-1,2026-05-01,397.16,3,21,false,3
HG_012,JS,FB,ADL-1,2026-05-02,422.84,3,21,false,3
HG_012,JS,FB,ADL-1,2026-05-03,421.29,3,21,false,3
HG_012,JS,FB,ADL-1,2026-05-04,411.02,3,21,false,3
HG_012,JS,FB,ADL-1,2026-05-05,408.28,3,21,false,3
HG_012,JS,FB,ADL-1,2026-05-06,412.80,3,21,false,3
HG_012,JS,FB,ADL-1,2026-05-07,409.77,3,21,false,3
HG_012,JS,FB,ADL-1,2026-05-08,403.66,3,21,false,3
HG_012,JS,FB,ADL-1,2026-05-09,435.25,3,21,false,3
HG_012,JS,FB,ADL-1,2026-05-10,421.72,3,21,false,3
HG_012,JS,FB,ADL-1,2026-05-11,399.39,3,21,false,3
HG_012,JS,FB,ADL-1,2026-05-12,395.26,3,21,false,3
HG_012,JS,FB,ADL-1,2026-05-13,418.16,3,21,false,3
HG_012,JS,FB,ADL-1,2026-05-14,413.37,3,21,false,3
HG_012,JS,FB,ADL-1,2026-05-15,407.68,3,21,false,3
HG_012,JS,FB,ADL-1,2026-05-16,441.59,1,21,false,3
HG_012,JS,FB,ADL-1,2026-05-17,439.12,1,21,false,3
HG_012,JS,FB,ADL-1,2026-05-18,404.94,1,21,false,3
HG_012,JS,FB,ADL-1,2026-05-19,402.06,1,21,false,3
HG_012,JS,FB,ADL-1,2026-05-20,412.19,1,21,false,3
HG_012,JS,FB,ADL-1,2026-05-21,426.45,1,21,false,3
HG_012,JS,FB,ADL-1,2026-05-22,407.57,1,21,false,3
HG_012,JS,FB,ADL-1,2026-05-23,426.42,1,21,false,3
HG_012,JS,FB,ADL-1,2026-05-24,448.19,1,21,false,3
HG_012,JS,FB,ADL-1,2026-05-25,421.38,1,21,false,3
HG_012,JS,FB,ADL-1,2026-05-26,410.08,1,21,false,3
HG_012,JS,FB,ADL-1,2026-05-27,429.07,1,21,false,3
HG_012,JS,FB,ADL-1,2026-05-28,402.02,1,21,false,3
HG_012,JS,FB,ADL-1,2026-05-29,413.80,1,21,false,3
HG_012,JS,FB,ADL-1,2026-05-30,428.81,1,21,false,3
HG_012,JS,FB,ADL-1,2026-05-31,435.02,3,21,false,3
HG_012,JS,FB,ADL-1,2026-06-01,425.71,3,21,false,3
HG_012,JS,FB,ADL-1,2026-06-02,411.80,3,21,false,3
HG_012,JS,FB,ADL-1,2026-06-03,425.66,3,21,false,3
HG_012,JS,FB,ADL-1,2026-06-04,422.91,3,21,false,3
HG_012,JS,FB,ADL-1,2026-06-05,425.60,3,21,false,3
HG_012,JS,FB,ADL-1,2026-06-06,446.95,3,21,false,3
HG_012,JS,FB,ADL-1,2026-06-07,454.74,3,21,false,3
HG_012,JS,FB,ADL-1,2026-06-08,431.40,3,21,false,3
HG_012,JS,FB,ADL-1,2026-06-09,439.23,3,21,false,3
HG_012,JS,FB,ADL-1,2026-06-10,423.78,3,21,false,3
HG_012,JS,FB,ADL-1,2026-06-11,428.66,3,21,false,3
HG_012,JS,FB,ADL-1,2026-06-12,431.62,3,21,false,3
HG_012,JS,FB,ADL-1,2026-06-13,454.43,3,21,false,3
HG_012,JS,FB,ADL-1,2026-06-14,460.57,3,21,false,3
HG_012,JS,FB,ADL-1,2026-06-15,420.33,1,21,false,3
HG_012,JS,FB,ADL-1,2026-06-16,437.85,1,21,false,3
HG_012,JS,FB,ADL-1,2026-06-17,447.18,1,21,false,3
HG_012,JS,FB,ADL-1,2026-06-18,421.12,1,21,false,3
HG_012,JS,FB,ADL-1,2026-06-19,434.51,1,21,false,3
HG_012,JS,FB,ADL-1,2026-06-20,448.23,1,21,false,3
HG_012,JS,FB,ADL-1,2026-06-21,456.37,1,21,false,3
HG_012,JS,FB,ADL-1,2026-06-22,449.63,1,21,false,3
HG_012,JS,FB,ADL-1,2026-06-23,424.60,1,21,false,3
HG_012,JS,FB,ADL-1,2026-06-24,438.40,1,21,false,3
HG_012,JS,FB,ADL-1,2026-06-25,449.99,1,21,false,3
HG_012,JS,FB,ADL-1,2026-06-26,428.25,1,21,false,3
HG_012,JS,FB,ADL-1,2026-06-27,464.25,1,21,false,3
HG_012,JS,FB,ADL-1,2026-06-28,468.29,1,21,false,3
HG_012,JS,FB,ADL-1,2026-06-29,421.16,1,21,false,3
HG_012,JS,FB,ADL-2,2026-05-01,391.73,3,21,false,3
HG_012,JS,FB,ADL-2,2026-05-02,431.26,3,21,false,3
HG_012,JS,FB,ADL-2,2026-05-03,417.93,3,21,false,3
HG_012,JS,FB,ADL-2,2026-05-04,408.68,3,21,false,3
HG_012,JS,FB,ADL-2,2026-05-05,408.30,3,21,false,3
HG_012,JS,FB,ADL-2,2026-05-06,396.84,3,21,false,3
HG_012,JS,FB,ADL-2,2026-05-07,410.76,3,21,false,3
HG_012,JS,FB,ADL-2,2026-05-08,394.46,3,21,false,3
HG_012,JS,FB,ADL-2,2026-05-09,418.66,3,21,false,3
HG_012,JS,FB,ADL-2,2026-05-10,422.73,3,21,false,3
HG_012,JS,FB,ADL-2,2026-05-11,409.99,3,21,false,3
HG_012,JS,FB,ADL-2,2026-05-12,401.33,3,21,false,3
HG_012,JS,FB,ADL-2,2026-05-13,413.73,3,21,false,3
HG_012,JS,FB,ADL-2,2026-05-14,401.16,3,21,false,3
HG_012,JS,FB,ADL-2,2026-05-15,413.75,3,21,false,3
HG_012,JS,FB,ADL-2,2026-05-16,438.67,1,21,false,3
HG_012,JS,FB,ADL-2,2026-05-17,435.29,1,21,false,3
HG_012,JS,FB,ADL-2,2026-05-18,416.51,1,21,false,3
HG_012,JS,FB,ADL-2,2026-05-19,408.15,1,21,false,3
HG_012,JS,FB,ADL-2,2026-05-20,414.15,1,21,false,3
HG_012,JS,FB,ADL-2,2026-05-21,427.02,1,21,false,3
HG_012,JS,FB,ADL-2,2026-05-22,413.67,1,21,false,3
HG_012,JS,FB,ADL-2,2026-05-23,428.29,1,21,false,3
HG_012,JS,FB,ADL-2,2026-05-24,428.91,1,21,false,3
HG_012,JS,FB,ADL-2,2026-05-25,417.68,1,21,false,3
HG_012,JS,FB,ADL-2,2026-05-26,426.91,1,21,false,3
HG_012,JS,FB,ADL-2,2026-05-27,428.99,1,21,false,3
HG_012,JS,FB,ADL-2,2026-05-28,410.38,1,21,false,3
HG_012,JS,FB,ADL-2,2026-05-29,420.09,1,21,false,3
HG_012,JS,FB,ADL-2,2026-05-30,445.37,1,21,false,3
HG_012,JS,FB,ADL-2,2026-05-31,434.79,3,21,false,3
HG_012,JS,FB,ADL-2,2026-06-01,438.66,3,21,false,3
HG_012,JS,FB,ADL-2,2026-06-02,416.54,3,21,false,3
HG_012,JS,FB,ADL-2,2026-06-03,411.02,3,21,false,3
HG_012,JS,FB,ADL-2,2026-06-04,438.27,3,21,false,3
HG_012,JS,FB,ADL-2,2026-06-05,430.78,3,21,false,3
HG_012,JS,FB,ADL-2,2026-06-06,454.43,3,21,false,3
HG_012,JS,FB,ADL-2,2026-06-07,455.86,3,21,false,3
HG_012,JS,FB,ADL-2,2026-06-08,434.41,3,21,false,3
HG_012,JS,FB,ADL-2,2026-06-09,425.44,3,21,false,3
HG_012,JS,FB,ADL-2,2026-06-10,438.91,3,21,false,3
HG_012,JS,FB,ADL-2,2026-06-11,416.03,3,21,false,3
HG_012,JS,FB,ADL-2,2026-06-12,433.20,3,21,false,3
HG_012,JS,FB,ADL-2,2026-06-13,450.85,3,21,false,3
HG_012,JS,FB,ADL-2,2026-06-14,454.09,3,21,false,3
HG_012,JS,FB,ADL-2,2026-06-15,428.91,1,21,false,3
HG_012,JS,FB,ADL-2,2026-06-16,425.54,1,21,false,3
HG_012,JS,FB,ADL-2,2026-06-17,433.54,1,21,false,3
HG_012,JS,FB,ADL-2,2026-06-18,422.59,1,21,false,3
HG_012,JS,FB,ADL-2,2026-06-19,424.32,1,21,false,3
HG_012,JS,FB,ADL-2,2026-06-20,442.82,1,21,false,3
HG_012,JS,FB,ADL-2,2026-06-21,460.22,1,21,false,3
HG_012,JS,FB,ADL-2,2026-06-22,448.36,1,21,false,3
HG_012,JS,FB,ADL-2,2026-06-23,449.13,1,21,false,3
HG_012,JS,FB,ADL-2,2026-06-24,421.32,1,21,false,3
HG_012,JS,FB,ADL-2,2026-06-25,419.87,1,21,false,3
HG_012,JS,FB,ADL-2,2026-06-26,442.71,1,21,false,3
HG_012,JS,FB,ADL-2,2026-06-27,467.18,1,21,false,3
HG_012,JS,FB,ADL-2,2026-06-28,464.58,1,21,false,3
HG_012,JS,FB,ADL-2,2026-06-29,427.19,1,21,false,3
HG_013,DBL,RO,ADL-1,2026-05-01,290.04,1,21,false,4
HG_013,DBL,RO,ADL-1,2026-05-02,320.54,1,21,false,4
HG_013,DBL,RO,ADL-1,2026-05-03,307.61,1,21,false,4
HG_013,DBL,RO,ADL-1,2026-05-04,287.71,1,21,false,4
HG_013,DBL,RO,ADL-1,2026-05-05,283.97,1,21,false,4
HG_013,DBL,RO,ADL-1,2026-05-06,294.56,1,21,false,4
HG_013,DBL,RO,ADL-1,2026-05-07,299.53,1,21,false,4
HG_013,DBL,RO,ADL-1,2026-05-08,297.06,1,21,false,4
HG_013,DBL,RO,ADL-1,2026-05-09,323.61,1,21,false,4
HG_013,DBL,RO,ADL-1,2026-05-10,314.33,1,21,false,4
HG_013,DBL,RO,ADL-1,2026-05-11,295.82,1,21,false,4
HG_013,DBL,RO,ADL-1,2026-05-12,280.03,1,21,false,4
HG_013,DBL,RO,ADL-1,2026-05-13,301.27,1,21,false,4
HG_013,DBL,RO,ADL-1,2026-05-14,282.30,1,21,false,4
HG_013,DBL,RO,ADL-1,2026-05-15,287.56,1,21,false,4
HG_013,DBL,RO,ADL-1,2026-05-16,329.64,1,21,false,4
HG_013,DBL,RO,ADL-1,2026-05-17,324.13,1,21,false,4
HG_013,DBL,RO,ADL-1,2026-05-18,301.83,1,21,false,4
HG_013,DBL,RO,ADL-1,2026-05-19,299.55,1,21,false,4
HG_013,DBL,RO,ADL-1,2026-05-20,289.18,1,21,false,4
HG_013,DBL,RO,ADL-1,2026-05-21,287.62,1,21,false,4
HG_013,DBL,RO,ADL-1,2026-05-22,295.14,1,21,false,4
HG_013,DBL,RO,ADL-1,2026-05-23,320.31,1,21,false,4
HG_013,DBL,RO,ADL-1,2026-05-24,333.54,1,21,false,4
HG_013,DBL,RO,ADL-1,2026-05-25,312.06,1,21,false,4
HG_013,DBL,RO,ADL-1,2026-05-26,292.72,1,21,false,4
HG_013,DBL,RO,ADL-1,2026-05-27,307.57,1,21,false,4
HG_013,DBL,RO,ADL-1,2026-05-28,291.41,1,21,false,4
HG_013,DBL,RO,ADL-1,2026-05-29,290.97,1,21,false,4
HG_013,DBL,RO,ADL-1,2026-05-30,332.20,1,21,false,4
HG_013,DBL,RO,ADL-1,2026-05-31,315.54,1,21,false,4
HG_013,DBL,RO,ADL-1,2026-06-01,310.61,1,21,false,4
HG_013,DBL,RO,ADL-1,2026-06-02,303.99,1,21,false,4
HG_013,DBL,RO,ADL-1,2026-06-03,321.35,1,21,false,4
HG_013,DBL,RO,ADL-1,2026-06-04,321.79,1,21,false,4
HG_013,DBL,RO,ADL-1,2026-06-05,298.03,1,21,false,4
HG_013,DBL,RO,ADL-1,2026-06-06,336.49,1,21,false,4
HG_013,DBL,RO,ADL-1,2026-06-07,333.48,1,21,false,4
HG_013,DBL,RO,ADL-1,2026-06-08,309.45,1,21,false,4
HG_013,DBL,RO,ADL-1,2026-06-09,299.59,1,21,false,4
HG_013,DBL,RO,ADL-1,2026-06-10,303.66,1,21,false,4
HG_013,DBL,RO,ADL-1,2026-06-11,317.03,1,21,false,4
HG_013,DBL,RO,ADL-1,2026-06-12,319.42,1,21,false,4
HG_013,DBL,RO,ADL-1,2026-06-13,335.46,1,21,false,4
HG_013,DBL,RO,ADL-1,2026-06-14,329.53,1,21,false,4
HG_013,DBL,RO,ADL-1,2026-06-15,316.35,1,21,false,4
HG_013,DBL,RO,ADL-1,2026-06-16,332.05,1,21,false,4
HG_013,DBL,RO,ADL-1,2026-06-17,332.70,1,21,false,4
HG_013,DBL,RO,ADL-1,2026-06-18,315.82,1,21,false,4
HG_013,DBL,RO,ADL-1,2026-06-19,322.26,1,21,false,4
HG_013,DBL,RO,ADL-1,2026-06-20,346.29,1,21,false,4
HG_013,DBL,RO,ADL-1,2026-06-21,334.90,1,21,false,4
HG_013,DBL,RO,ADL-1,2026-06-22,327.95,1,21,false,4
HG_013,DBL,RO,ADL-1,2026-06-23,310.71,1,21,false,4
HG_013,DBL,RO,ADL-1,2026-06-24,308.92,1,21,false,4
HG_013,DBL,RO,ADL-1,2026-06-25,331.77,1,21,false,4
HG_013,DBL,RO,ADL-1,2026-06-26,334.00,1,21,false,4
HG_013,DBL,RO,ADL-1,2026-06-27,326.52,1,21,false,4
HG_013,DBL,RO,ADL-1,2026-06-28,331.17,1,21,false,4
HG_013,DBL,RO,ADL-1,2026-06-29,307.88,1,21,false,4
HG_013,SGL,RO,ADL-1,2026-05-01,319.22,1,21,false,4
HG_013,SGL,RO,ADL-1,2026-05-02,345.43,1,21,false,4
HG_013,SGL,RO,ADL-1,2026-05-03,335.50,1,21,false,4
HG_013,SGL,RO,ADL-1,2026-05-04,333.50,1,21,false,4
HG_013,SGL,RO,ADL-1,2026-05-05,322.99,1,21,false,4
HG_013,SGL,RO,ADL-1,2026-05-06,313.34,1,21,false,4
HG_013,SGL,RO,ADL-1,2026-05-07,319.32,1,21,false,4
HG_013,SGL,RO,ADL-1,2026-05-08,330.44,1,21,false,4
HG_013,SGL,RO,ADL-1,2026-05-09,337.74,1,21,false,4
HG_013,SGL,RO,ADL-1,2026-05-10,352.17,1,21,false,4
HG_013,SGL,RO,ADL-1,2026-05-11,319.14,1,21,false,4
HG_013,SGL,RO,ADL-1,2026-05-12,310.26,1,21,false,4
HG_013,SGL,RO,ADL-1,2026-05-13,317.76,1,21,false,4
HG_013,SGL,RO,ADL-1,2026-05-14,311.71,1,21,false,4
HG_013,SGL,RO,ADL-1,2026-05-15,316.03,1,21,false,4
HG_013,SGL,RO,ADL-1,2026-05-16,347.04,1,21,false,4
HG_013,SGL,RO,ADL-1,2026-05-17,334.97,1,21,false,4
HG_013,SGL,RO,ADL-1,2026-05-18,323.46,1,21,false,4
HG_013,SGL,RO,ADL-1,2026-05-19,319.04,1,21,false,4
HG_013,SGL,RO,ADL-1,2026-05-20,321.24,1,21,false,4
HG_013,SGL,RO,ADL-1,2026-05-21,340.07,1,21,false,4
HG_013,SGL,RO,ADL-1,2026-05-22,323.43,1,21,false,4
HG_013,SGL,RO,ADL-1,2026-05-23,336.78,1,21,false,4
HG_013,SGL,RO,ADL-1,2026-05-24,356.12,1,21,false,4
HG_013,SGL,RO,ADL-1,2026-05-25,338.81,1,21,false,4
HG_013,SGL,RO,ADL-1,2026-05-26,316.65,1,21,false,4
HG_013,SGL,RO,ADL-1,2026-05-27,315.37,1,21,false,4
HG_013,SGL,RO,ADL-1,2026-05-28,326.71,1,21,false,4
HG_013,SGL,RO,ADL-1,2026-05-29,315.43,1,21,false,4
HG_013,SGL,RO,ADL-1,2026-05-30,359.57,1,21,false,4
HG_013,SGL,RO,ADL-1,2026-05-31,361.55,1,21,false,4
HG_013,SGL,RO,ADL-1,2026-06-01,349.04,1,21,false,4
HG_013,SGL,RO,ADL-1,2026-06-02,345.80,1,21,false,4
HG_013,SGL,RO,ADL-1,2026-06-03,339.04,1,21,false,4
HG_013,SGL,RO,ADL-1,2026-06-04,339.67,1,21,false,4
HG_013,SGL,RO,ADL-1,2026-06-05,354.99,1,21,false,4
HG_013,SGL,RO,ADL-1,2026-06-06,361.47,1,21,false,4
HG_013,SGL,RO,ADL-1,2026-06-07,349.41,1,21,false,4
HG_013,SGL,RO,ADL-1,2026-06-08,350.65,1,21,false,4
HG_013,SGL,RO,ADL-1,2026-06-09,328.72,1,21,false,4
HG_013,SGL,RO,ADL-1,2026-06-10,325.78,1,21,false,4
HG_013,SGL,RO,ADL-1,2026-06-11,329.69,1,21,false,4
HG_013,SGL,RO,ADL-1,2026-06-12,324.85,1,21,false,4
HG_013,SGL,RO,ADL-1,2026-06-13,352.12,1,21,false,4
HG_013,SGL,RO,ADL-1,2026-06-14,366.81,1,21,false,4
HG_013,SGL,RO,ADL-1,2026-06-15,342.45,1,21,false,4
HG_013,SGL,RO,ADL-1,2026-06-16,346.80,1,21,false,4
HG_013,SGL,RO,ADL-1,2026-06-17,334.87,1,21,false,4
HG_013,SGL,RO,ADL-1,2026-06-18,353.34,1,21,false,4
HG_013,SGL,RO,ADL-1,2026-06-19,344.27,1,21,false,4
HG_013,SGL,RO,ADL-1,2026-06-20,366.94,1,21,false,4
HG_013,SGL,RO,ADL-1,2026-06-21,375.17,1,21,false,4
HG_013,SGL,RO,ADL-1,2026-06-22,338.19,1,21,false,4
HG_013,SGL,RO,ADL-1,2026-06-23,363.49,1,21,false,4
HG_013,SGL,RO,ADL-1,2026-06-24,357.36,1,21,false,4
HG_013,SGL,RO,ADL-1,2026-06-25,353.15,1,21,false,4
HG_013,SGL,RO,ADL-1,2026-06-26,356.46,1,21,false,4
HG_013,SGL,RO,ADL-1,2026-06-27,357.84,1,21,false,4
HG_013,SGL,RO,ADL-1,2026-06-28,372.97,1,21,false,4
HG_013,SGL,RO,ADL-1,2026-06-29,342.22,1,21,false,4
HG_014,DBL,RO,ADL-1,2026-05-01,316.81,2,21,false,5
HG_014,DBL,RO,ADL-1,2026-05-02,327.12,2,21,false,5
HG_014,DBL,RO,ADL-1,2026-05-03,315.48,2,21,false,5
HG_014,DBL,RO,ADL-1,2026-05-04,303.92,2,21,false,5
HG_014,DBL,RO,ADL-1,2026-05-05,312.40,2,21,false,5
HG_014,DBL,RO,ADL-1,2026-05-06,298.61,2,21,false,5
HG_014,DBL,RO,ADL-1,2026-05-07,306.29,2,21,false,5
HG_014,DBL,RO,ADL-1,2026-05-08,317.44,2,21,false,5
HG_014,DBL,RO,ADL-1,2026-05-09,330.08,2,21,false,5
HG_014,DBL,RO,ADL-1,2026-05-10,341.50,2,21,false,5
HG_014,DBL,RO,ADL-1,2026-05-11,301.60,2,21,false,5
HG_014,DBL,RO,ADL-1,2026-05-12,325.95,2,21,false,5
HG_014,DBL,RO,ADL-1,2026-05-13,321.07,2,21,false,5
HG_014,DBL,RO,ADL-1,2026-05-14,315.90,2,21,false,5
HG_014,DBL,RO,ADL-1,2026-05-15,294.16,2,21,false,5
HG_014,DBL,RO,ADL-1,2026-05-16,330.14,1,21,false,5
HG_014,DBL,RO,ADL-1,2026-05-17,340.93,1,21,false,5
HG_014,DBL,RO,ADL-1,2026-05-18,326.88,1,21,false,5
HG_014,DBL,RO,ADL-1,2026-05-19,325.15,1,21,false,5
HG_014,DBL,RO,ADL-1,2026-05-20,332.27,1,21,false,5
HG_014,DBL,RO,ADL-1,2026-05-21,333.00,1,21,false,5
HG_014,DBL,RO,ADL-1,2026-05-22,334.55,1,21,false,5
HG_014,DBL,RO,ADL-1,2026-05-23,340.52,1,21,false,5
HG_014,DBL,RO,ADL-1,2026-05-24,324.46,1,21,false,5
HG_014,DBL,RO,ADL-1,2026-05-25,308.90,1,21,false,5
HG_014,DBL,RO,ADL-1,2026-05-26,316.73,1,21,false,5
HG_014,DBL,RO,ADL-1,2026-05-27,307.90,1,21,false,5
HG_014,DBL,RO,ADL-1,2026-05-28,322.79,1,21,false,5
HG_014,DBL,RO,ADL-1,2026-05-29,313.19,1,21,false,5
HG_014,DBL,RO,ADL-1,2026-05-30,333.89,1,21,false,5
HG_014,DBL,RO,ADL-1,2026-05-31,347.23,2,21,false,5
HG_014,DBL,RO,ADL-1,2026-06-01,335.25,2,21,false,5
HG_014,DBL,RO,ADL-1,2026-06-02,327.31,2,21,false,5
HG_014,DBL,RO,ADL-1,2026-06-03,320.22,2,21,false,5
HG_014,DBL,RO,ADL-1,2026-06-04,322.27,2,21,false,5
HG_014,DBL,RO,ADL-1,2026-06-05,333.21,2,21,false,5
HG_014,DBL,RO,ADL-1,2026-06-06,368.38,2,21,false,5
HG_014,DBL,RO,ADL-1,2026-06-07,341.42,2,21,false,5
HG_014,DBL,RO,ADL-1,2026-06-08,328.80,2,21,false,5
HG_014,DBL,RO,ADL-1,2026-06-09,329.34,2,21,false,5
HG_014,DBL,RO,ADL-1,2026-06-10,321.48,2,21,false,5
HG_014,DBL,RO,ADL-1,2026-06-11,318.23,2,21,false,5
HG_014,DBL,RO,ADL-1,2026-06-12,329.25,2,21,false,5
HG_014,DBL,RO,ADL-1,2026-06-13,347.16,2,21,false,5
HG_014,DBL,RO,ADL-1,2026-06-14,331.19,2,21,false,5
HG_014,DBL,RO,ADL-1,2026-06-15,331.18,1,21,false,5
HG_014,DBL,RO,ADL-1,2026-06-16,352.03,1,21,false,5
HG_014,DBL,RO,ADL-1,2026-06-17,356.51,1,21,false,5
HG_014,DBL,RO,ADL-1,2026-06-18,345.04,1,21,false,5
HG_014,DBL,RO,ADL-1,2026-06-19,329.47,1,21,false,5
HG_014,DBL,RO,ADL-1,2026-06-20,373.79,1,21,false,5
HG_014,DBL,RO,ADL-1,2026-06-21,350.70,1,21,false,5
HG_014,DBL,RO,ADL-1,2026-06-22,333.68,1,21,false,5
HG_014,DBL,RO,ADL-1,2026-06-23,344.20,1,21,false,5
HG_014,DBL,RO,ADL-1,2026-06-24,341.71,1,21,false,5
HG_014,DBL,RO,ADL-1,2026-06-25,328.78,1,21,false,5
HG_014,DBL,RO,ADL-1,2026-06-26,355.63,1,21,false,5
HG_014,DBL,RO,ADL-1,2026-06-27,357.04,1,21,false,5
HG_014,DBL,RO,ADL-1,2026-06-28,363.07,1,21,false,5
HG_014,DBL,RO,ADL-1,2026-06-29,345.97,1,21,false,5
HG_014,DBL,RO,ADL-2,2026-05-01,305.72,2,21,false,5
HG_014,DBL,RO,ADL-2,2026-05-02,341.39,2,21,false,5
HG_014,DBL,RO,ADL-2,2026-05-03,327.96,2,21,false,5
HG_014,DBL,RO,ADL-2,2026-05-04,310.98,2,21,false,5
HG_014,DBL,RO,ADL-2,2026-05-05,316.85,2,21,false,5
HG_014,DBL,RO,ADL-2,2026-05-06,296.53,2,21,false,5
HG_014,DBL,RO,ADL-2,2026-05-07,318.07,2,21,false,5
HG_014,DBL,RO,ADL-2,2026-05-08,301.16,2,21,false,5
HG_014,DBL,RO,ADL-2,2026-05-09,314.60,2,21,false,5
HG_014,DBL,RO,ADL-2,2026-05-10,327.90,2,21,false,5
HG_014,DBL,RO,ADL-2,2026-05-11,304.81,2,21,false,5
HG_014,DBL,RO,ADL-2,2026-05-12,306.32,2,21,false,5
HG_014,DBL,RO,ADL-2,2026-05-13,318.31,2,21,false,5
HG_014,DBL,RO,ADL-2,2026-05-14,307.85,2,21,false,5
HG_014,DBL,RO,ADL-2,2026-05-15,301.29,2,21,false,5
HG_014,DBL,RO,ADL-2,2026-05-16,339.49,1,21,false,5
HG_014,DBL,RO,ADL-2,2026-05-17,328.73,1,21,false,5
HG_014,DBL,RO,ADL-2,2026-05-18,326.06,1,21,false,5
HG_014,DBL,RO,ADL-2,2026-05-19,333.82,1,21,false,5
HG_014,DBL,RO,ADL-2,2026-05-20,330.07,1,21,false,5
HG_014,DBL,RO,ADL-2,2026-05-21,311.66,1,21,false,5
HG_014,DBL,RO,ADL-2,2026-05-22,303.23,1,21,false,5
HG_014,DBL,RO,ADL-2,2026-05-23,324.33,1,21,false,5
HG_014,DBL,RO,ADL-2,2026-05-24,356.89,1,21,false,5
HG_014,DBL,RO,ADL-2,2026-05-25,332.69,1,21,false,5
HG_014,DBL,RO,ADL-2,2026-05-26,307.01,1,21,false,5
HG_014,DBL,RO,ADL-2,2026-05-27,337.07,1,21,false,5
HG_014,DBL,RO,ADL-2,2026-05-28,327.93,1,21,false,5
HG_014,DBL,RO,ADL-2,2026-05-29,329.89,1,21,false,5
HG_014,DBL,RO,ADL-2,2026-05-30,358.03,1,21,false,5
HG_014,DBL,RO,ADL-2,2026-05-31,346.94,2,21,false,5
HG_014,DBL,RO,ADL-2,2026-06-01,317.33,2,21,false,5
HG_014,DBL,RO,ADL-2,2026-06-02,325.44,2,21,false,5
HG_014,DBL,RO,ADL-2,2026-06-03,315.79,2,21,false,5
HG_014,DBL,RO,ADL-2,2026-06-04,333.69,2,21,false,5
HG_014,DBL,RO,ADL-2,2026-06-05,343.78,2,21,false,5
HG_014,DBL,RO,ADL-2,2026-06-06,356.24,2,21,false,5
HG_014,DBL,RO,ADL-2,2026-06-07,366.87,2,21,false,5
HG_014,DBL,RO,ADL-2,2026-06-08,346.61,2,21,false,5
HG_014,DBL,RO,ADL-2,2026-06-09,347.73,2,21,false,5
HG_014,DBL,RO,ADL-2,2026-06-10,344.21,2,21,false,5
HG_014,DBL,RO,ADL-2,2026-06-11,314.05,2,21,false,5
HG_014,DBL,RO,ADL-2,2026-06-12,337.64,2,21,false,5
HG_014,DBL,RO,ADL-2,2026-06-13,338.58,2,21,false,5
HG_014,DBL,RO,ADL-2,2026-06-14,332.97,2,21,false,5
HG_014,DBL,RO,ADL-2,2026-06-15,348.45,1,21,false,5
HG_014,DBL,RO,ADL-2,2026-06-16,324.51,1,21,false,5
HG_014,DBL,RO,ADL-2,2026-06-17,333.62,1,21,false,5
HG_014,DBL,RO,ADL-2,2026-06-18,342.80,1,21,false,5
HG_014,DBL,RO,ADL-2,2026-06-19,352.79,1,21,false,5
HG_014,DBL,RO,ADL-2,2026-06-20,379.51,1,21,false,5
HG_014,DBL,RO,ADL-2,2026-06-21,346.28,1,21,false,5
HG_014,DBL,RO,ADL-2,2026-06-22,334.98,1,21,false,5
HG_014,DBL,RO,ADL-2,2026-06-23,321.62,1,21,false,5
HG_014,DBL,RO,ADL-2,2026-06-24,333.50,1,21,false,5
HG_014,DBL,RO,ADL-2,2026-06-25,356.31,1,21,false,5
HG_014,DBL,RO,ADL-2,2026-06-26,338.26,1,21,false,5
HG_014,DBL,RO,ADL-2,2026-06-27,373.40,1,21,false,5
HG_014,DBL,RO,ADL-2,2026-06-28,350.14,1,21,false,5
HG_014,DBL,RO,ADL-2,2026-06-29,357.76,1,21,false,5
HG_014,DBL,BB,ADL-1,2026-05-01,337.69,2,21,false,5
HG_014,DBL,BB,ADL-1,2026-05-02,363.89,2,21,false,5
HG_014,DBL,BB,ADL-1,2026-05-03,356.48,2,21,false,5
HG_014,DBL,BB,ADL-1,2026-05-04,321.25,2,21,false,5
HG_014,DBL,BB,ADL-1,2026-05-05,317.00,2,21,false,5
HG_014,DBL,BB,ADL-1,2026-05-06,311.53,2,21,false,5
HG_014,DBL,BB,ADL-1,2026-05-07,333.98,2,21,false,5
HG_014,DBL,BB,ADL-1,2026-05-08,331.21,2,21,false,5
HG_014,DBL,BB,ADL-1,2026-05-09,333.93,2,21,false,5
HG_014,DBL,BB,ADL-1,2026-05-10,353.53,2,21,false,5
HG_014,DBL,BB,ADL-1,2026-05-11,319.09,2,21,false,5
HG_014,DBL,BB,ADL-1,2026-05-12,309.61,2,21,false,5
HG_014,DBL,BB,ADL-1,2026-05-13,333.72,2,21,false,5
HG_014,DBL,BB,ADL-1,2026-05-14,332.72,2,21,false,5
HG_014,DBL,BB,ADL-1,2026-05-15,312.54,2,21,false,5
HG_014,DBL,BB,ADL-1,2026-05-16,337.62,1,21,false,5
HG_014,DBL,BB,ADL-1,2026-05-17,371.30,1,21,false,5
HG_014,DBL,BB,ADL-1,2026-05-18,346.46,1,21,false,5
HG_014,DBL,BB,ADL-1,2026-05-19,339.50,1,21,false,5
HG_014,DBL,BB,ADL-1,2026-05-20,332.14,1,21,false,5
HG_014,DBL,BB,ADL-1,2026-05-21,350.58,1,21,false,5
HG_014,DBL,BB,ADL-1,2026-05-22,330.94,1,21,false,5
HG_014,DBL,BB,ADL-1,2026-05-23,374.16,1,21,false,5
HG_014,DBL,BB,ADL-1,2026-05-24,353.22,1,21,false,5
HG_014,DBL,BB,ADL-1,2026-05-25,336.78,1,21,false,5
HG_014,DBL,BB,ADL-1,2026-05-26,344.30,1,21,false,5
HG_014,DBL,BB,ADL-1,2026-05-27,317.64,1,21,false,5
HG_014,DBL,BB,ADL-1,2026-05-28,325.73,1,21,false,5
HG_014,DBL,BB,ADL-1,2026-05-29,331.42,1,21,false,5
HG_014,DBL,BB,ADL-1,2026-05-30,362.87,1,21,false,5
HG_014,DBL,BB,ADL-1,2026-05-31,384.17,2,21,false,5
HG_014,DBL,BB,ADL-1,2026-06-01,340.58,2,21,false,5
HG_014,DBL,BB,ADL-1,2026-06-02,362.10,2,21,false,5
HG_014,DBL,BB,ADL-1,2026-06-03,329.41,2,21,false,5
HG_014,DBL,BB,ADL-1,2026-06-04,344.32,2,21,false,5
HG_014,DBL,BB,ADL-1,2026-06-05,331.35,2,21,false,5
HG_014,DBL,BB,ADL-1,2026-06-06,352.81,2,21,false,5
HG_014,DBL,BB,ADL-1,2026-06-07,360.59,2,21,false,5
HG_014,DBL,BB,ADL-1,2026-06-08,358.55,2,21,false,5
HG_014,DBL,BB,ADL-1,2026-06-09,358.80,2,21,false,5
HG_014,DBL,BB,ADL-1,2026-06-10,326.19,2,21,false,5
HG_014,DBL,BB,ADL-1,2026-06-11,326.59,2,21,false,5
HG_014,DBL,BB,ADL-1,2026-06-12,337.55,2,21,false,5
HG_014,DBL,BB,ADL-1,2026-06-13,346.31,2,21,false,5
HG_014,DBL,BB,ADL-1,2026-06-14,381.52,2,21,false,5
HG_014,DBL,BB,ADL-1,2026-06-15,358.36,1,21,false,5
HG_014,DBL,BB,ADL-1,2026-06-16,356.55,1,21,false,5
HG_014,DBL,BB,ADL-1,2026-06-17,355.23,1,21,false,5
HG_014,DBL,BB,ADL-1,2026-06-18,371.32,1,21,false,5
HG_014,DBL,BB,ADL-1,2026-06-19,346.77,1,21,false,5
HG_014,DBL,BB,ADL-1,2026-06-20,360.52,1,21,false,5
HG_014,DBL,BB,ADL-1,2026-06-21,376.84,1,21,false,5
HG_014,DBL,BB,ADL-1,2026-06-22,373.28,1,21,false,5
HG_014,DBL,BB,ADL-1,2026-06-23,351.27,1,21,false,5
HG_014,DBL,BB,ADL-1,2026-06-24,366.48,1,21,false,5
HG_014,DBL,BB,ADL-1,2026-06-25,352.45,1,21,false,5
HG_014,DBL,BB,ADL-1,2026-06-26,342.18,1,21,false,5
HG_014,DBL,BB,ADL-1,2026-06-27,361.05,1,21,false,5
HG_014,DBL,BB,ADL-1,2026-06-28,365.85,1,21,false,5
HG_014,DBL,BB,ADL-1,2026-06-29,372.54,1,21,false,5
HG_014,DBL,BB,ADL-2,2026-05-01,318.12,2,21,false,5
HG_014,DBL,BB,ADL-2,2026-05-02,353.13,2,21,false,5
HG_014,DBL,BB,ADL-2,2026-05-03,352.25,2,21,false,5
HG_014,DBL,BB,ADL-2,2026-05-04,313.96,2,21,false,5
HG_014,DBL,BB,ADL-2,2026-05-05,333.94,2,21,false,5
HG_014,DBL,BB,ADL-2,2026-05-06,336.41,2,21,false,5
HG_014,DBL,BB,ADL-2,2026-05-07,317.39,2,21,false,5
HG_014,DBL,BB,ADL-2,2026-05-08,312.22,2,21,false,5
HG_014,DBL,BB,ADL-2,2026-05-09,357.86,2,21,false,5
HG_014,DBL,BB,ADL-2,2026-05-10,330.78,2,21,false,5
HG_014,DBL,BB,ADL-2,2026-05-11,335.69,2,21,false,5
HG_014,DBL,BB,ADL-2,2026-05-12,327.72,2,21,false,5
HG_014,DBL,BB,ADL-2,2026-05-13,318.33,2,21,false,5
HG_014,DBL,BB,ADL-2,2026-05-14,308.00,2,21,false,5
HG_014,DBL,BB,ADL-2,2026-05-15,323.56,2,21,false,5
HG_014,DBL,BB,ADL-2,2026-05-16,352.59,1,21,false,5
HG_014,DBL,BB,ADL-2,2026-05-17,372.06,1,21,false,5
HG_014,DBL,BB,ADL-2,2026-05-18,321.05,1,21,false,5
HG_014,DBL,BB,ADL-2,2026-05-19,336.05,1,21,false,5
HG_014,DBL,BB,ADL-2,2026-05-20,351.17,1,21,false,5
HG_014,DBL,BB,ADL-2,2026-05-21,345.60,1,21,false,5
HG_014,DBL,BB,ADL-2,2026-05-22,344.93,1,21,false,5
HG_014,DBL,BB,ADL-2,2026-05-23,352.98,1,21,false,5
HG_014,DBL,BB,ADL-2,2026-05-24,373.47,1,21,false,5
HG_014,DBL,BB,ADL-2,2026-05-25,342.04,1,21,false,5
HG_014,DBL,BB,ADL-2,2026-05-26,347.38,1,21,false,5
HG_014,DBL,BB,ADL-2,2026-05-27,336.85,1,21,false,5
HG_014,DBL,BB,ADL-2,2026-05-28,332.81,1,21,false,5
HG_014,DBL,BB,ADL-2,2026-05-29,324.62,1,21,false,5
HG_014,DBL,BB,ADL-2,2026-05-30,351.34,1,21,false,5
HG_014,DBL,BB,ADL-2,2026-05-31,384.02,2,21,false,5
HG_014,DBL,BB,ADL-2,2026-06-01,362.67,2,21,false,5
HG_014,DBL,BB,ADL-2,2026-06-02,347.87,2,21,false,5
HG_014,DBL,BB,ADL-2,2026-06-03,333.14,2,21,false,5
HG_014,DBL,BB,ADL-2,2026-06-04,355.29,2,21,false,5
HG_014,DBL,BB,ADL-2,2026-06-05,341.16,2,21,false,5
HG_014,DBL,BB,ADL-2,2026-06-06,356.16,2,21,false,5
HG_014,DBL,BB,ADL-2,2026-06-07,379.30,2,21,false,5
HG_014,DBL,BB,ADL-2,2026-06-08,346.67,2,21,false,5
HG_014,DBL,BB,ADL-2,2026-06-09,336.73,2,21,false,5
HG_014,DBL,BB,ADL-2,2026-06-10,360.19,2,21,false,5
HG_014,DBL,BB,ADL-2,2026-06-11,353.90,2,21,false,5
HG_014,DBL,BB,ADL-2,2026-06-12,362.02,2,21,false,5
HG_014,DBL,BB,ADL-2,2026-06-13,348.62,2,21,false,5
HG_014,DBL,BB,ADL-2,2026-06-14,359.32,2,21,false,5
HG_014,DBL,BB,ADL-2,2026-06-15,347.70,1,21,false,5
HG_014,DBL,BB,ADL-2,2026-06-16,359.78,1,21,false,5
HG_014,DBL,BB,ADL-2,2026-06-17,371.04,1,21,false,5
HG_014,DBL,BB,ADL-2,2026-06-18,360.95,1,21,false,5
HG_014,DBL,BB,ADL-2,2026-06-19,355.45,1,21,false,5
HG_014,DBL,BB,ADL-2,2026-06-20,375.89,1,21,false,5
HG_014,DBL,BB,ADL-2,2026-06-21,383.90,1,21,false,5
HG_014,DBL,BB,ADL-2,2026-06-22,337.14,1,21,false,5
HG_014,DBL,BB,ADL-2,2026-06-23,351.40,1,21,false,5
HG_014,DBL,BB,ADL-2,2026-06-24,346.12,1,21,false,5
HG_014,DBL,BB,ADL-2,2026-06-25,362.21,1,21,false,5
HG_014,DBL,BB,ADL-2,2026-06-26,365.00,1,21,false,5
HG_014,DBL,BB,ADL-2,2026-06-27,375.41,1,21,false,5
HG_014,DBL,BB,ADL-2,2026-06-28,370.04,1,21,false,5
HG_014,DBL,BB,ADL-2,2026-06-29,360.95,1,21,false,5
HG_014,SGL,RO,ADL-1,2026-05-01,322.07,2,21,false,5
HG_014,SGL,RO,ADL-1,2026-05-02,374.85,2,21,false,5
HG_014,SGL,RO,ADL-1,2026-05-03,352.51,2,21,false,5
HG_014,SGL,RO,ADL-1,2026-05-04,325.19,2,21,false,5
HG_014,SGL,RO,ADL-1,2026-05-05,351.63,2,21,false,5
HG_014,SGL,RO,ADL-1,2026-05-06,335.05,2,21,false,5
HG_014,SGL,RO,ADL-1,2026-05-07,350.77,2,21,false,5
HG_014,SGL,RO,ADL-1,2026-05-08,334.55,2,21,false,5
HG_014,SGL,RO,ADL-1,2026-05-09,372.95,2,21,false,5
HG_014,SGL,RO,ADL-1,2026-05-10,354.66,2,21,false,5
HG_014,SGL,RO,ADL-1,2026-05-11,324.08,2,21,false,5
HG_014,SGL,RO,ADL-1,2026-05-12,331.02,2,21,false,5
HG_014,SGL,RO,ADL-1,2026-05-13,352.17,2,21,false,5
HG_014,SGL,RO,ADL-1,2026-05-14,351.92,2,21,false,5
HG_014,SGL,RO,ADL-1,2026-05-15,340.35,2,21,false,5
HG_014,SGL,RO,ADL-1,2026-05-16,390.28,1,21,false,5
HG_014,SGL,RO,ADL-1,2026-05-17,388.76,1,21,false,5
HG_014,SGL,RO,ADL-1,2026-05-18,362.74,1,21,false,5
HG_014,SGL,RO,ADL-1,2026-05-19,333.84,1,21,false,5
HG_014,SGL,RO,ADL-1,2026-05-20,345.50,1,21,false,5
HG_014,SGL,RO,ADL-1,2026-05-21,351.87,1,21,false,5
HG_014,SGL,RO,ADL-1,2026-05-22,365.40,1,21,false,5
HG_014,SGL,RO,ADL-1,2026-05-23,367.48,1,21,false,5
HG_014,SGL,RO,ADL-1,2026-05-24,384.52,1,21,false,5
HG_014,SGL,RO,ADL-1,2026-05-25,365.37,1,21,false,5
HG_014,SGL,RO,ADL-1,2026-05-26,343.95,1,21,false,5
HG_014,SGL,RO,ADL-1,2026-05-27,357.76,1,21,false,5
HG_014,SGL,RO,ADL-1,2026-05-28,343.46,1,21,false,5
HG_014,SGL,RO,ADL-1,2026-05-29,356.68,1,21,false,5
HG_014,SGL,RO,ADL-1,2026-05-30,367.76,1,21,false,5
HG_014,SGL,RO,ADL-1,2026-05-31,371.76,2,21,false,5
HG_014,SGL,RO,ADL-1,2026-06-01,356.18,2,21,false,5
HG_014,SGL,RO,ADL-1,2026-06-02,351.26,2,21,false,5
HG_014,SGL,RO,ADL-1,2026-06-03,363.57,2,21,false,5
HG_014,SGL,RO,ADL-1,2026-06-04,354.60,2,21,false,5
HG_014,SGL,RO,ADL-1,2026-06-05,360.96,2,21,false,5
HG_014,SGL,RO,ADL-1,2026-06-06,374.02,2,21,false,5
HG_014,SGL,RO,ADL-1,2026-06-07,366.36,2,21,false,5
HG_014,SGL,RO,ADL-1,2026-06-08,345.35,2,21,false,5
HG_014,SGL,RO,ADL-1,2026-06-09,347.24,2,21,false,5
HG_014,SGL,RO,ADL-1,2026-06-10,379.67,2,21,false,5
HG_014,SGL,RO,ADL-1,2026-06-11,345.60,2,21,false,5
HG_014,SGL,RO,ADL-1,2026-06-12,360.58,2,21,false,5
HG_014,SGL,RO,ADL-1,2026-06-13,388.73,2,21,false,5
HG_014,SGL,RO,ADL-1,2026-06-14,400.13,2,21,false,5
HG_014,SGL,RO,ADL-1,2026-06-15,389.89,1,21,false,5
HG_014,SGL,RO,ADL-1,2026-06-16,355.69,1,21,false,5
HG_014,SGL,RO,ADL-1,2026-06-17,374.64,1,21,false,5
HG_014,SGL,RO,ADL-1,2026-06-18,369.39,1,21,false,5
HG_014,SGL,RO,ADL-1,2026-06-19,374.69,1,21,false,5
HG_014,SGL,RO,ADL-1,2026-06-20,374.15,1,21,false,5
HG_014,SGL,RO,ADL-1,2026-06-21,374.06,1,21,false,5
HG_014,SGL,RO,ADL-1,2026-06-22,378.86,1,21,false,5
HG_014,SGL,RO,ADL-1,2026-06-23,379.75,1,21,false,5
HG_014,SGL,RO,ADL-1,2026-06-24,357.31,1,21,false,5
HG_014,SGL,RO,ADL-1,2026-06-25,388.74,1,21,false,5
HG_014,SGL,RO,ADL-1,2026-06-26,369.50,1,21,false,5
HG_014,SGL,RO,ADL-1,2026-06-27,404.60,1,21,false,5
HG_014,SGL,RO,ADL-1,2026-06-28,374.41,1,21,false,5
HG_014,SGL,RO,ADL-1,2026-06-29,375.27,1,21,false,5
HG_014,SGL,RO,ADL-2,2026-05-01,353.49,2,21,false,5
HG_014,SGL,RO,ADL-2,2026-05-02,346.09,2,21,false,5
HG_014,SGL,RO,ADL-2,2026-05-03,345.98,2,21,false,5
HG_014,SGL,RO,ADL-2,2026-05-04,345.29,2,21,false,5
HG_014,SGL,RO,ADL-2,2026-05-05,324.57,2,21,false,5
HG_014,SGL,RO,ADL-2,2026-05-06,351.20,2,21,false,5
HG_014,SGL,RO,ADL-2,2026-05-07,358.38,2,21,false,5
HG_014,SGL,RO,ADL-2,2026-05-08,350.78,2,21,false,5
HG_014,SGL,RO,ADL-2,2026-05-09,355.65,2,21,false,5
HG_014,SGL,RO,ADL-2,2026-05-10,354.99,2,21,false,5
HG_014,SGL,RO,ADL-2,2026-05-11,340.19,2,21,false,5
HG_014,SGL,RO,ADL-2,2026-05-12,334.74,2,21,false,5
HG_014,SGL,RO,ADL-2,2026-05-13,327.31,2,21,false,5
HG_014,SGL,RO,ADL-2,2026-05-14,332.65,2,21,false,5
HG_014,SGL,RO,ADL-2,2026-05-15,358.28,2,21,false,5
HG_014,SGL,RO,ADL-2,2026-05-16,370.69,1,21,false,5
HG_014,SGL,RO,ADL-2,2026-05-17,356.58,1,21,false,5
HG_014,SGL,RO,ADL-2,2026-05-18,358.16,1,21,false,5
HG_014,SGL,RO,ADL-2,2026-05-19,354.85,1,21,false,5
HG_014,SGL,RO,ADL-2,2026-05-20,356.22,1,21,false,5
HG_014,SGL,RO,ADL-2,2026-05-21,336.88,1,21,false,5
HG_014,SGL,RO,ADL-2,2026-05-22,350.09,1,21,false,5
HG_014,SGL,RO,ADL-2,2026-05-23,382.85,1,21,false,5
HG_014,SGL,RO,ADL-2,2026-05-24,386.67,1,21,false,5
HG_014,SGL,RO,ADL-2,2026-05-25,349.91,1,21,false,5
HG_014,SGL,RO,ADL-2,2026-05-26,358.61,1,21,false,5
HG_014,SGL,RO,ADL-2,2026-05-27,346.26,1,21,false,5
HG_014,SGL,RO,ADL-2,2026-05-28,334.39,1,21,false,5
HG_014,SGL,RO,ADL-2,2026-05-29,357.18,1,21,false,5
HG_014,SGL,RO,ADL-2,2026-05-30,356.55,1,21,false,5
HG_014,SGL,RO,ADL-2,2026-05-31,400.28,2,21,false,5
HG_014,SGL,RO,ADL-2,2026-06-01,360.51,2,21,false,5
HG_014,SGL,RO,ADL-2,2026-06-02,369.92,2,21,false,5
HG_014,SGL,RO,ADL-2,2026-06-03,373.90,2,21,false,5
HG_014,SGL,RO,ADL-2,2026-06-04,354.72,2,21,false,5
HG_014,SGL,RO,ADL-2,2026-06-05,365.01,2,21,false,5
HG_014,SGL,RO,ADL-2,2026-06-06,395.15,2,21,false,5
HG_014,SGL,RO,ADL-2,2026-06-07,379.83,2,21,false,5
HG_014,SGL,RO,ADL-2,2026-06-08,358.72,2,21,false,5
HG_014,SGL,RO,ADL-2,2026-06-09,343.92,2,21,false,5
HG_014,SGL,RO,ADL-2,2026-06-10,348.05,2,21,false,5
HG_014,SGL,RO,ADL-2,2026-06-11,356.65,2,21,false,5
HG_014,SGL,RO,ADL-2,2026-06-12,379.60,2,21,false,5
HG_014,SGL,RO,ADL-2,2026-06-13,379.15,2,21,false,5
HG_014,SGL,RO,ADL-2,2026-06-14,366.36,2,21,false,5
HG_014,SGL,RO,ADL-2,2026-06-15,369.82,1,21,false,5
HG_014,SGL,RO,ADL-2,2026-06-16,379.24,1,21,false,5
HG_014,SGL,RO,ADL-2,2026-06-17,372.97,1,21,false,5
HG_014,SGL,RO,ADL-2,2026-06-18,350.91,1,21,false,5
HG_014,SGL,RO,ADL-2,2026-06-19,388.43,1,21,false,5
HG_014,SGL,RO,ADL-2,2026-06-20,374.16,1,21,false,5
HG_014,SGL,RO,ADL-2,2026-06-21,385.38,1,21,false,5
HG_014,SGL,RO,ADL-2,2026-06-22,364.85,1,21,false,5
HG_014,SGL,RO,ADL-2,2026-06-23,383.63,1,21,false,5
HG_014,SGL,RO,ADL-2,2026-06-24,369.65,1,21,false,5
HG_014,SGL,RO,ADL-2,2026-06-25,353.84,1,21,false,5
HG_014,SGL,RO,ADL-2,2026-06-26,361.34,1,21,false,5
HG_014,SGL,RO,ADL-2,2026-06-27,389.12,1,21,false,5
HG_014,SGL,RO,ADL-2,2026-06-28,387.39,1,21,false,5
HG_014,SGL,RO,ADL-2,2026-06-29,354.15,1,21,false,5
HG_014,SGL,BB,ADL-1,2026-05-01,346.45,2,21,false,5
HG_014,SGL,BB,ADL-1,2026-05-02,371.41,2,21,false,5
HG_014,SGL,BB,ADL-1,2026-05-03,388.29,2,21,false,5
HG_014,SGL,BB,ADL-1,2026-05-04,348.81,2,21,false,5
HG_014,SGL,BB,ADL-1,2026-05-05,354.15,2,21,false,5
HG_014,SGL,BB,ADL-1,2026-05-06,362.44,2,21,false,5
HG_014,SGL,BB,ADL-1,2026-05-07,337.35,2,21,false,5
HG_014,SGL,BB,ADL-1,2026-05-08,353.53,2,21,false,5
HG_014,SGL,BB,ADL-1,2026-05-09,359.26,2,21,false,5
HG_014,SGL,BB,ADL-1,2026-05-10,356.24,2,21,false,5
HG_014,SGL,BB,ADL-1,2026-05-11,340.89,2,21,false,5
HG_014,SGL,BB,ADL-1,2026-05-12,349.54,2,21,false,5
HG_014,SGL,BB,ADL-1,2026-05-13,355.07,2,21,false,5
HG_014,SGL,BB,ADL-1,2026-05-14,352.27,2,21,false,5
HG_014,SGL,BB,ADL-1,2026-05-15,374.13,2,21,false,5
HG_014,SGL,BB,ADL-1,2026-05-16,384.46,1,21,false,5
HG_014,SGL,BB,ADL-1,2026-05-17,377.81,1,21,false,5
HG_014,SGL,BB,ADL-1,2026-05-18,365.02,1,21,false,5
HG_014,SGL,BB,ADL-1,2026-05-19,345.66,1,21,false,5
HG_014,SGL,BB,ADL-1,2026-05-20,383.16,1,21,false,5
HG_014,SGL,BB,ADL-1,2026-05-21,369.70,1,21,false,5
HG_014,SGL,BB,ADL-1,2026-05-22,369.05,1,21,false,5
HG_014,SGL,BB,ADL-1,2026-05-23,398.26,1,21,false,5
HG_014,SGL,BB,ADL-1,2026-05-24,380.90,1,21,false,5
HG_014,SGL,BB,ADL-1,2026-05-25,356.46,1,21,false,5
HG_014,SGL,BB,ADL-1,2026-05-26,348.27,1,21,false,5
HG_014,SGL,BB,ADL-1,2026-05-27,382.05,1,21,false,5
HG_014,SGL,BB,ADL-1,2026-05-28,354.80,1,21,false,5
HG_014,SGL,BB,ADL-1,2026-05-29,351.83,1,21,false,5
HG_014,SGL,BB,ADL-1,2026-05-30,397.29,1,21,false,5
HG_014,SGL,BB,ADL-1,2026-05-31,388.98,2,21,false,5
HG_014,SGL,BB,ADL-1,2026-06-01,381.33,2,21,false,5
HG_014,SGL,BB,ADL-1,2026-06-02,364.86,2,21,false,5
HG_014,SGL,BB,ADL-1,2026-06-03,371.28,2,21,false,5
HG_014,SGL,BB,ADL-1,2026-06-04,390.36,2,21,false,5
HG_014,SGL,BB,ADL-1,2026-06-05,391.14,2,21,false,5
HG_014,SGL,BB,ADL-1,2026-06-06,385.73,2,21,false,5
HG_014,SGL,BB,ADL-1,2026-06-07,391.32,2,21,false,5
HG_014,SGL,BB,ADL-1,2026-06-08,379.83,2,21,false,5
HG_014,SGL,BB,ADL-1,2026-06-09,377.47,2,21,false,5
HG_014,SGL,BB,ADL-1,2026-06-10,393.97,2,21,false,5
HG_014,SGL,BB,ADL-1,2026-06-11,377.45,2,21,false,5
HG_014,SGL,BB,ADL-1,2026-06-12,373.97,2,21,false,5
HG_014,SGL,BB,ADL-1,2026-06-13,380.77,2,21,false,5
HG_014,SGL,BB,ADL-1,2026-06-14,405.20,2,21,false,5
HG_014,SGL,BB,ADL-1,2026-06-15,403.53,1,21,false,5
HG_014,SGL,BB,ADL-1,2026-06-16,379.84,1,21,false,5
HG_014,SGL,BB,ADL-1,2026-06-17,398.17,1,21,false,5
HG_014,SGL,BB,ADL-1,2026-06-18,401.54,1,21,false,5
HG_014,SGL,BB,ADL-1,2026-06-19,376.49,1,21,false,5
HG_014,SGL,BB,ADL-1,2026-06-20,419.48,1,21,false,5
HG_014,SGL,BB,ADL-1,2026-06-21,422.05,1,21,false,5
HG_014,SGL,BB,ADL-1,2026-06-22,396.15,1,21,false,5
HG_014,SGL,BB,ADL-1,2026-06-23,364.61,1,21,false,5
HG_014,SGL,BB,ADL-1,2026-06-24,385.59,1,21,false,5
HG_014,SGL,BB,ADL-1,2026-06-25,385.46,1,21,false,5
HG_014,SGL,BB,ADL-1,2026-06-26,394.66,1,21,false,5
HG_014,SGL,BB,ADL-1,2026-06-27,395.06,1,21,false,5
HG_014,SGL,BB,ADL-1,2026-06-28,386.63,1,21,false,5
HG_014,SGL,BB,ADL-1,2026-06-29,380.51,1,21,false,5
HG_014,SGL,BB,ADL-2,2026-05-01,345.47,2,21,false,5
HG_014,SGL,BB,ADL-2,2026-05-02,372.39,2,21,false,5
HG_014,SGL,BB,ADL-2,2026-05-03,391.38,2,21,false,5
HG_014,SGL,BB,ADL-2,2026-05-04,363.78,2,21,false,5
HG_014,SGL,BB,ADL-2,2026-05-05,342.87,2,21,false,5
HG_014,SGL,BB,ADL-2,2026-05-06,347.23,2,21,false,5
HG_014,SGL,BB,ADL-2,2026-05-07,368.86,2,21,false,5
HG_014,SGL,BB,ADL-2,2026-05-08,356.44,2,21,false,5
HG_014,SGL,BB,ADL-2,2026-05-09,390.95,2,21,false,5
HG_014,SGL,BB,ADL-2,2026-05-10,377.57,2,21,false,5
HG_014,SGL,BB,ADL-2,2026-05-11,356.59,2,21,false,5
HG_014,SGL,BB,ADL-2,2026-05-12,352.01,2,21,false,5
HG_014,SGL,BB,ADL-2,2026-05-13,350.07,2,21,false,5
HG_014,SGL,BB,ADL-2,2026-05-14,354.12,2,21,false,5
HG_014,SGL,BB,ADL-2,2026-05-15,344.26,2,21,false,5
HG_014,SGL,BB,ADL-2,2026-05-16,382.30,1,21,false,5
HG_014,SGL,BB,ADL-2,2026-05-17,365.39,1,21,false,5
HG_014,SGL,BB,ADL-2,2026-05-18,377.32,1,21,false,5
HG_014,SGL,BB,ADL-2,2026-05-19,375.19,1,21,false,5
HG_014,SGL,BB,ADL-2,2026-05-20,347.18,1,21,false,5
HG_014,SGL,BB,ADL-2,2026-05-21,372.24,1,21,false,5
HG_014,SGL,BB,ADL-2,2026-05-22,371.11,1,21,false,5
HG_014,SGL,BB,ADL-2,2026-05-23,375.76,1,21,false,5
HG_014,SGL,BB,ADL-2,2026-05-24,402.97,1,21,false,5
HG_014,SGL,BB,ADL-2,2026-05-25,380.85,1,21,false,5
HG_014,SGL,BB,ADL-2,2026-05-26,359.55,1,21,false,5
HG_014,SGL,BB,ADL-2,2026-05-27,359.25,1,21,false,5
HG_014,SGL,BB,ADL-2,2026-05-28,352.22,1,21,false,5
HG_014,SGL,BB,ADL-2,2026-05-29,378.40,1,21,false,5
HG_014,SGL,BB,ADL-2,2026-05-30,384.14,1,21,false,5
HG_014,SGL,BB,ADL-2,2026-05-31,391.19,2,21,false,5
HG_014,SGL,BB,ADL-2,2026-06-01,360.42,2,21,false,5
HG_014,SGL,BB,ADL-2,2026-06-02,369.10,2,21,false,5
HG_014,SGL,BB,ADL-2,2026-06-03,373.03,2,21,false,5
HG_014,SGL,BB,ADL-2,2026-06-04,371.39,2,21,false,5
HG_014,SGL,BB,ADL-2,2026-06-05,376.96,2,21,false,5
HG_014,SGL,BB,ADL-2,2026-06-06,392.04,2,21,false,5
HG_014,SGL,BB,ADL-2,2026-06-07,380.51,2,21,false,5
HG_014,SGL,BB,ADL-2,2026-06-08,363.50,2,21,false,5
HG_014,SGL,BB,ADL-2,2026-06-09,359.37,2,21,false,5
HG_014,SGL,BB,ADL-2,2026-06-10,392.06,2,21,false,5
HG_014,SGL,BB,ADL-2,2026-06-11,390.70,2,21,false,5
HG_014,SGL,BB,ADL-2,2026-06-12,387.34,2,21,false,5
HG_014,SGL,BB,ADL-2,2026-06-13,396.33,2,21,false,5
HG_014,SGL,BB,ADL-2,2026-06-14,393.91,2,21,false,5
HG_014,SGL,BB,ADL-2,2026-06-15,389.23,1,21,false,5
HG_014,SGL,BB,ADL-2,2026-06-16,395.61,1,21,false,5
HG_014,SGL,BB,ADL-2,2026-06-17,398.93,1,21,false,5
HG_014,SGL,BB,ADL-2,2026-06-18,390.96,1,21,false,5
HG_014,SGL,BB,ADL-2,2026-06-19,383.11,1,21,false,5
HG_014,SGL,BB,ADL-2,2026-06-20,406.72,1,21,false,5
HG_014,SGL,BB,ADL-2,2026-06-21,399.20,1,21,false,5
HG_014,SGL,BB,ADL-2,2026-06-22,368.90,1,21,false,5
HG_014,SGL,BB,ADL-2,2026-06-23,364.60,1,21,false,5
HG_014,SGL,BB,ADL-2,2026-06-24,394.80,1,21,false,5
HG_014,SGL,BB,ADL-2,2026-06-25,400.49,1,21,false,5
HG_014,SGL,BB,ADL-2,2026-06-26,405.44,1,21,false,5
HG_014,SGL,BB,ADL-2,2026-06-27,392.76,1,21,false,5
HG_014,SGL,BB,ADL-2,2026-06-28,400.01,1,21,false,5
HG_014,SGL,BB,ADL-2,2026-06-29,391.02,1,21,false,5
HG_014,FAM,RO,ADL-1,2026-05-01,355.51,2,21,false,5
HG_014,FAM,RO,ADL-1,2026-05-02,395.68,2,21,false,5
HG_014,FAM,RO,ADL-1,2026-05-03,369.61,2,21,false,5
HG_014,FAM,RO,ADL-1,2026-05-04,352.40,2,21,false,5
HG_014,FAM,RO,ADL-1,2026-05-05,366.59,2,21,false,5
HG_014,FAM,RO,ADL-1,2026-05-06,380.43,2,21,false,5
HG_014,FAM,RO,ADL-1,2026-05-07,355.94,2,21,false,5
HG_014,FAM,RO,ADL-1,2026-05-08,378.85,2,21,false,5
HG_014,FAM,RO,ADL-1,2026-05-09,402.51,2,21,false,5
HG_014,FAM,RO,ADL-1,2026-05-10,383.25,2,21,false,5
HG_014,FAM,RO,ADL-1,2026-05-11,353.32,2,21,false,5
HG_014,FAM,RO,ADL-1,2026-05-12,386.15,2,21,false,5
HG_014,FAM,RO,ADL-1,2026-05-13,381.65,2,21,false,5
HG_014,FAM,RO,ADL-1,2026-05-14,365.29,2,21,false,5
HG_014,FAM,RO,ADL-1,2026-05-15,382.27,2,21,false,5
HG_014,FAM,RO,ADL-1,2026-05-16,378.89,1,21,false,5
HG_014,FAM,RO,ADL-1,2026-05-17,382.74,1,21,false,5
HG_014,FAM,RO,ADL-1,2026-05-18,396.32,1,21,false,5
HG_014,FAM,RO,ADL-1,2026-05-19,391.34,1,21,false,5
HG_014,FAM,RO,ADL-1,2026-05-20,383.35,1,21,false,5
HG_014,FAM,RO,ADL-1,2026-05-21,363.56,1,21,false,5
HG_014,FAM,RO,ADL-1,2026-05-22,387.17,1,21,false,5
HG_014,FAM,RO,ADL-1,2026-05-23,411.35,1,21,false,5
HG_014,FAM,RO,ADL-1,2026-05-24,419.01,1,21,false,5
HG_014,FAM,RO,ADL-1,2026-05-25,365.29,1,21,false,5
HG_014,FAM,RO,ADL-1,2026-05-26,382.12,1,21,false,5
HG_014,FAM,RO,ADL-1,2026-05-27,374.42,1,21,false,5
HG_014,FAM,RO,ADL-1,2026-05-28,387.69,1,21,false,5
HG_014,FAM,RO,ADL-1,2026-05-29,360.39,1,21,false,5
HG_014,FAM,RO,ADL-1,2026-05-30,398.02,1,21,false,5
HG_014,FAM,RO,ADL-1,2026-05-31,397.37,2,21,false,5
HG_014,FAM,RO,ADL-1,2026-06-01,373.26,2,21,false,5
HG_014,FAM,RO,ADL-1,2026-06-02,375.32,2,21,false,5
HG_014,FAM,RO,ADL-1,2026-06-03,398.23,2,21,false,5
HG_014,FAM,RO,ADL-1,2026-06-04,406.38,2,21,false,5
HG_014,FAM,RO,ADL-1,2026-06-05,398.05,2,21,false,5
HG_014,FAM,RO,ADL-1,2026-06-06,421.24,2,21,false,5
HG_014,FAM,RO,ADL-1,2026-06-07,418.39,2,21,false,5
HG_014,FAM,RO,ADL-1,2026-06-08,408.74,2,21,false,5
HG_014,FAM,RO,ADL-1,2026-06-09,401.95,2,21,false,5
HG_014,FAM,RO,ADL-1,2026-06-10,401.01,2,21,false,5
HG_014,FAM,RO,ADL-1,2026-06-11,369.25,2,21,false,5
HG_014,FAM,RO,ADL-1,2026-06-12,406.57,2,21,false,5
HG_014,FAM,RO,ADL-1,2026-06-13,391.89,2,21,false,5
HG_014,FAM,RO,ADL-1,2026-06-14,400.93,2,21,false,5
HG_014,FAM,RO,ADL-1,2026-06-15,385.51,1,21,false,5
HG_014,FAM,RO,ADL-1,2026-06-16,399.46,1,21,false,5
HG_014,FAM,RO,ADL-1,2026-06-17,400.72,1,21,false,5
HG_014,FAM,RO,ADL-1,2026-06-18,384.39,1,21,false,5
HG_014,FAM,RO,ADL-1,2026-06-19,383.02,1,21,false,5
HG_014,FAM,RO,ADL-1,2026-06-20,418.70,1,21,false,5
HG_014,FAM,RO,ADL-1,2026-06-21,421.34,1,21,false,5
HG_014,FAM,RO,ADL-1,2026-06-22,401.57,1,21,false,5
HG_014,FAM,RO,ADL-1,2026-06-23,397.11,1,21,false,5
HG_014,FAM,RO,ADL-1,2026-06-24,391.42,1,21,false,5
HG_014,FAM,RO,ADL-1,2026-06-25,404.15,1,21,false,5
HG_014,FAM,RO,ADL-1,2026-06-26,403.33,1,21,false,5
HG_014,FAM,RO,ADL-1,2026-06-27,422.32,1,21,false,5
HG_014,FAM,RO,ADL-1,2026-06-28,429.06,1,21,false,5
HG_014,FAM,RO,ADL-1,2026-06-29,417.08,1,21,false,5
HG_014,FAM,RO,ADL-2,2026-05-01,351.50,2,21,false,5
HG_014,FAM,RO,ADL-2,2026-05-02,378.69,2,21,false,5
HG_014,FAM,RO,ADL-2,2026-05-03,398.78,2,21,false,5
HG_014,FAM,RO,ADL-2,2026-05-04,379.01,2,21,false,5
HG_014,FAM,RO,ADL-2,2026-05-05,362.92,2,21,false,5
HG_014,FAM,RO,ADL-2,2026-05-06,378.56,2,21,false,5
HG_014,FAM,RO,ADL-2,2026-05-07,376.26,2,21,false,5
HG_014,FAM,RO,ADL-2,2026-05-08,357.87,2,21,false,5
HG_014,FAM,RO,ADL-2,2026-05-09,398.55,2,21,false,5
HG_014,FAM,RO,ADL-2,2026-05-10,371.17,2,21,false,5
HG_014,FAM,RO,ADL-2,2026-05-11,356.05,2,21,false,5
HG_014,FAM,RO,ADL-2,2026-05-12,350.22,2,21,false,5
HG_014,FAM,RO,ADL-2,2026-05-13,362.20,2,21,false,5
HG_014,FAM,RO,ADL-2,2026-05-14,365.95,2,21,false,5
HG_014,FAM,RO,ADL-2,2026-05-15,350.21,2,21,false,5
HG_014,FAM,RO,ADL-2,2026-05-16,421.51,1,21,false,5
HG_014,FAM,RO,ADL-2,2026-05-17,417.89,1,21,false,5
HG_014,FAM,RO,ADL-2,2026-05-18,394.28,1,21,false,5
HG_014,FAM,RO,ADL-2,2026-05-19,378.26,1,21,false,5
HG_014,FAM,RO,ADL-2,2026-05-20,379.34,1,21,false,5
HG_014,FAM,RO,ADL-2,2026-05-21,399.92,1,21,false,5
HG_014,FAM,RO,ADL-2,2026-05-22,368.28,1,21,false,5
HG_014,FAM,RO,ADL-2,2026-05-23,421.82,1,21,false,5
HG_014,FAM,RO,ADL-2,2026-05-24,378.92,1,21,false,5
HG_014,FAM,RO,ADL-2,2026-05-25,391.10,1,21,false,5
HG_014,FAM,RO,ADL-2,2026-05-26,386.67,1,21,false,5
HG_014,FAM,RO,ADL-2,2026-05-27,384.94,1,21,false,5
HG_014,FAM,RO,ADL-2,2026-05-28,361.51,1,21,false,5
HG_014,FAM,RO,ADL-2,2026-05-29,393.32,1,21,false,5
HG_014,FAM,RO,ADL-2,2026-05-30,399.41,1,21,false,5
HG_014,FAM,RO,ADL-2,2026-05-31,416.76,2,21,false,5
HG_014,FAM,RO,ADL-2,2026-06-01,384.57,2,21,false,5
HG_014,FAM,RO,ADL-2,2026-06-02,392.99,2,21,false,5
HG_014,FAM,RO,ADL-2,2026-06-03,380.72,2,21,false,5
HG_014,FAM,RO,ADL-2,2026-06-04,369.23,2,21,false,5
HG_014,FAM,RO,ADL-2,2026-06-05,379.73,2,21,false,5
HG_014,FAM,RO,ADL-2,2026-06-06,432.24,2,21,false,5
HG_014,FAM,RO,ADL-2,2026-06-07,412.93,2,21,false,5
HG_014,FAM,RO,ADL-2,2026-06-08,400.84,2,21,false,5
HG_014,FAM,RO,ADL-2,2026-06-09,369.17,2,21,false,5
HG_014,FAM,RO,ADL-2,2026-06-10,385.75,2,21,false,5
HG_014,FAM,RO,ADL-2,2026-06-11,399.64,2,21,false,5
HG_014,FAM,RO,ADL-2,2026-06-12,400.38,2,21,false,5
HG_014,FAM,RO,ADL-2,2026-06-13,395.19,2,21,false,5
HG_014,FAM,RO,ADL-2,2026-06-14,397.55,2,21,false,5
HG_014,FAM,RO,ADL-2,2026-06-15,399.49,1,21,false,5
HG_014,FAM,RO,ADL-2,2026-06-16,384.44,1,21,false,5
HG_014,FAM,RO,ADL-2,2026-06-17,384.34,1,21,false,5
HG_014,FAM,RO,ADL-2,2026-06-18,409.88,1,21,false,5
HG_014,FAM,RO,ADL-2,2026-06-19,380.63,1,21,false,5
HG_014,FAM,RO,ADL-2,2026-06-20,407.35,1,21,false,5
HG_014,FAM,RO,ADL-2,2026-06-21,413.72,1,21,false,5
HG_014,FAM,RO,ADL-2,2026-06-22,414.80,1,21,false,5
HG_014,FAM,RO,ADL-2,2026-06-23,416.82,1,21,false,5
HG_014,FAM,RO,ADL-2,2026-06-24,408.40,1,21,false,5
HG_014,FAM,RO,ADL-2,2026-06-25,407.42,1,21,false,5
HG_014,FAM,RO,ADL-2,2026-06-26,384.13,1,21,false,5
HG_014,FAM,RO,ADL-2,2026-06-27,433.49,1,21,false,5
HG_014,FAM,RO,ADL-2,2026-06-28,409.61,1,21,false,5
HG_014,FAM,RO,ADL-2,2026-06-29,381.54,1,21,false,5
HG_014,FAM,BB,ADL-1,2026-05-01,376.54,2,21,false,5
HG_014,FAM,BB,ADL-1,2026-05-02,425.07,2,21,false,5
HG_014,FAM,BB,ADL-1,2026-05-03,393.13,2,21,false,5
HG_014,FAM,BB,ADL-1,2026-05-04,395.54,2,21,false,5
HG_014,FAM,BB,ADL-1,2026-05-05,389.59,2,21,false,5
HG_014,FAM,BB,ADL-1,2026-05-06,395.44,2,21,false,5
HG_014,FAM,BB,ADL-1,2026-05-07,365.04,2,21,false,5
HG_014,FAM,BB,ADL-1,2026-05-08,390.55,2,21,false,5
HG_014,FAM,BB,ADL-1,2026-05-09,415.85,2,21,false,5
HG_014,FAM,BB,ADL-1,2026-05-10,408.91,2,21,false,5
HG_014,FAM,BB,ADL-1,2026-05-11,379.13,2,21,false,5
HG_014,FAM,BB,ADL-1,2026-05-12,402.09,2,21,false,5
HG_014,FAM,BB,ADL-1,2026-05-13,394.67,2,21,false,5
HG_014,FAM,BB,ADL-1,2026-05-14,376.81,2,21,false,5
HG_014,FAM,BB,ADL-1,2026-05-15,391.53,2,21,false,5
HG_014,FAM,BB,ADL-1,2026-05-16,395.40,1,21,false,5
HG_014,FAM,BB,ADL-1,2026-05-17,399.14,1,21,false,5
HG_014,FAM,BB,ADL-1,2026-05-18,392.48,1,21,false,5
HG_014,FAM,BB,ADL-1,2026-05-19,394.56,1,21,false,5
HG_014,FAM,BB,ADL-1,2026-05-20,412.42,1,21,false,5
HG_014,FAM,BB,ADL-1,2026-05-21,393.01,1,21,false,5
HG_014,FAM,BB,ADL-1,2026-05-22,378.47,1,21,false,5
HG_014,FAM,BB,ADL-1,2026-05-23,394.48,1,21,false,5
HG_014,FAM,BB,ADL-1,2026-05-24,402.07,1,21,false,5
HG_014,FAM,BB,ADL-1,2026-05-25,411.67,1,21,false,5
HG_014,FAM,BB,ADL-1,2026-05-26,389.20,1,21,false,5
HG_014,FAM,BB,ADL-1,2026-05-27,377.02,1,21,false,5
HG_014,FAM,BB,ADL-1,2026-05-28,412.80,1,21,false,5
HG_014,FAM,BB,ADL-1,2026-05-29,415.16,1,21,false,5
HG_014,FAM,BB,ADL-1,2026-05-30,417.97,1,21,false,5
HG_014,FAM,BB,ADL-1,2026-05-31,438.82,2,21,false,5
HG_014,FAM,BB,ADL-1,2026-06-01,419.59,2,21,false,5
HG_014,FAM,BB,ADL-1,2026-06-02,384.96,2,21,false,5
HG_014,FAM,BB,ADL-1,2026-06-03,403.46,2,21,false,5
HG_014,FAM,BB,ADL-1,2026-06-04,422.27,2,21,false,5
HG_014,FAM,BB,ADL-1,2026-06-05,423.06,2,21,false,5
HG_014,FAM,BB,ADL-1,2026-06-06,407.79,2,21,false,5
HG_014,FAM,BB,ADL-1,2026-06-07,444.99,2,21,false,5
HG_014,FAM,BB,ADL-1,2026-06-08,387.56,2,21,false,5
HG_014,FAM,BB,ADL-1,2026-06-09,422.39,2,21,false,5
HG_014,FAM,BB,ADL-1,2026-06-10,398.11,2,21,false,5
HG_014,FAM,BB,ADL-1,2026-06-11,385.67,2,21,false,5
HG_014,FAM,BB,ADL-1,2026-06-12,387.34,2,21,false,5
HG_014,FAM,BB,ADL-1,2026-06-13,412.87,2,21,false,5
HG_014,FAM,BB,ADL-1,2026-06-14,435.24,2,21,false,5
HG_014,FAM,BB,ADL-1,2026-06-15,435.31,1,21,false,5
HG_014,FAM,BB,ADL-1,2026-06-16,397.35,1,21,false,5
HG_014,FAM,BB,ADL-1,2026-06-17,435.60,1,21,false,5
HG_014,FAM,BB,ADL-1,2026-06-18,427.09,1,21,false,5
HG_014,FAM,BB,ADL-1,2026-06-19,401.96,1,21,false,5
HG_014,FAM,BB,ADL-1,2026-06-20,450.52,1,21,false,5
HG_014,FAM,BB,ADL-1,2026-06-21,429.89,1,21,false,5
HG_014,FAM,BB,ADL-1,2026-06-22,425.85,1,21,false,5
HG_014,FAM,BB,ADL-1,2026-06-23,399.10,1,21,false,5
HG_014,FAM,BB,ADL-1,2026-06-24,392.97,1,21,false,5
HG_014,FAM,BB,ADL-1,2026-06-25,432.40,1,21,false,5
HG_014,FAM,BB,ADL-1,2026-06-26,412.96,1,21,false,5
HG_014,FAM,BB,ADL-1,2026-06-27,453.92,1,21,false,5
HG_014,FAM,BB,ADL-1,2026-06-28,433.13,1,21,false,5
HG_014,FAM,BB,ADL-1,2026-06-29,408.34,1,21,false,5
HG_014,FAM,BB,ADL-2,2026-05-01,403.47,2,21,false,5
HG_014,FAM,BB,ADL-2,2026-05-02,389.66,2,21,false,5
HG_014,FAM,BB,ADL-2,2026-05-03,423.37,2,21,false,5
HG_014,FAM,BB,ADL-2,2026-05-04,386.29,2,21,false,5
HG_014,FAM,BB,ADL-2,2026-05-05,399.18,2,21,false,5
HG_014,FAM,BB,ADL-2,2026-05-06,393.18,2,21,false,5
HG_014,FAM,BB,ADL-2,2026-05-07,378.86,2,21,false,5
HG_014,FAM,BB,ADL-2,2026-05-08,376.60,2,21,false,5
HG_014,FAM,BB,ADL-2,2026-05-09,424.81,2,21,false,5
HG_014,FAM,BB,ADL-2,2026-05-10,412.08,2,21,false,5
HG_014,FAM,BB,ADL-2,2026-05-11,404.50,2,21,false,5
HG_014,FAM,BB,ADL-2,2026-05-12,364.55,2,21,false,5
HG_014,FAM,BB,ADL-2,2026-05-13,380.07,2,21,false,5
HG_014,FAM,BB,ADL-2,2026-05-14,368.84,2,21,false,5
HG_014,FAM,BB,ADL-2,2026-05-15,396.75,2,21,false,5
HG_014,FAM,BB,ADL-2,2026-05-16,402.89,1,21,false,5
HG_014,FAM,BB,ADL-2,2026-05-17,426.04,1,21,false,5
HG_014,FAM,BB,ADL-2,2026-05-18,411.22,1,21,false,5
HG_014,FAM,BB,ADL-2,2026-05-19,408.66,1,21,false,5
HG_014,FAM,BB,ADL-2,2026-05-20,388.88,1,21,false,5
HG_014,FAM,BB,ADL-2,2026-05-21,414.40,1,21,false,5
HG_014,FAM,BB,ADL-2,2026-05-22,376.90,1,21,false,5
HG_014,FAM,BB,ADL-2,2026-05-23,436.93,1,21,false,5
HG_014,FAM,BB,ADL-2,2026-05-24,437.65,1,21,false,5
HG_014,FAM,BB,ADL-2,2026-05-25,397.81,1,21,false,5
HG_014,FAM,BB,ADL-2,2026-05-26,373.99,1,21,false,5
HG_014,FAM,BB,ADL-2,2026-05-27,401.09,1,21,false,5
HG_014,FAM,BB,ADL-2,2026-05-28,401.76,1,21,false,5
HG_014,FAM,BB,ADL-2,2026-05-29,416.33,1,21,false,5
HG_014,FAM,BB,ADL-2,2026-05-30,411.52,1,21,false,5
HG_014,FAM,BB,ADL-2,2026-05-31,431.96,2,21,false,5
HG_014,FAM,BB,ADL-2,2026-06-01,391.86,2,21,false,5
HG_014,FAM,BB,ADL-2,2026-06-02,427.20,2,21,false,5
HG_014,FAM,BB,ADL-2,2026-06-03,392.50,2,21,false,5
HG_014,FAM,BB,ADL-2,2026-06-04,382.85,2,21,false,5
HG_014,FAM,BB,ADL-2,2026-06-05,418.53,2,21,false,5
HG_014,FAM,BB,ADL-2,2026-06-06,444.57,2,21,false,5
HG_014,FAM,BB,ADL-2,2026-06-07,430.58,2,21,false,5
HG_014,FAM,BB,ADL-2,2026-06-08,420.57,2,21,false,5
HG_014,FAM,BB,ADL-2,2026-06-09,400.97,2,21,false,5
HG_014,FAM,BB,ADL-2,2026-06-10,405.11,2,21,false,5
HG_014,FAM,BB,ADL-2,2026-06-11,422.27,2,21,false,5
HG_014,FAM,BB,ADL-2,2026-06-12,415.93,2,21,false,5
HG_014,FAM,BB,ADL-2,2026-06-13,433.88,2,21,false,5
HG_014,FAM,BB,ADL-2,2026-06-14,423.31,2,21,false,5
HG_014,FAM,BB,ADL-2,2026-06-15,415.37,1,21,false,5
HG_014,FAM,BB,ADL-2,2026-06-16,436.97,1,21,false,5
HG_014,FAM,BB,ADL-2,2026-06-17,431.27,1,21,false,5
HG_014,FAM,BB,ADL-2,2026-06-18,418.08,1,21,false,5
HG_014,FAM,BB,ADL-2,2026-06-19,396.84,1,21,false,5
HG_014,FAM,BB,ADL-2,2026-06-20,417.02,1,21,false,5
HG_014,FAM,BB,ADL-2,2026-06-21,449.06,1,21,false,5
HG_014,FAM,BB,ADL-2,2026-06-22,435.62,1,21,false,5
HG_014,FAM,BB,ADL-2,2026-06-23,422.12,1,21,false,5
HG_014,FAM,BB,ADL-2,2026-06-24,418.13,1,21,false,5
HG_014,FAM,BB,ADL-2,2026-06-25,427.33,1,21,false,5
HG_014,FAM,BB,ADL-2,2026-06-26,399.50,1,21,false,5
HG_014,FAM,BB,ADL-2,2026-06-27,454.45,1,21,false,5
HG_014,FAM,BB,ADL-2,2026-06-28,445.00,1,21,false,5
HG_014,FAM,BB,ADL-2,2026-06-29,406.95,1,21,false,5
HG_015,DBL,RO,ADL-1,2026-05-01,317.70,3,21,true,0
HG_015,DBL,RO,ADL-1,2026-05-02,355.91,3,21,true,0
HG_015,DBL,RO,ADL-1,2026-05-03,347.12,3,21,true,0
HG_015,DBL,RO,ADL-1,2026-05-04,347.62,3,21,false,6
HG_015,DBL,RO,ADL-1,2026-05-05,346.28,3,21,false,6
HG_015,DBL,RO,ADL-1,2026-05-06,325.31,3,21,false,6
HG_015,DBL,RO,ADL-1,2026-05-07,333.83,3,21,false,6
HG_015,DBL,RO,ADL-1,2026-05-08,348.52,3,21,false,6
HG_015,DBL,RO,ADL-1,2026-05-09,344.79,3,21,false,6
HG_015,DBL,RO,ADL-1,2026-05-10,354.80,3,21,false,6
HG_015,DBL,RO,ADL-1,2026-05-11,341.92,3,21,false,6
HG_015,DBL,RO,ADL-1,2026-05-12,314.82,3,21,false,6
HG_015,DBL,RO,ADL-1,2026-05-13,317.74,3,21,false,6
HG_015,DBL,RO,ADL-1,2026-05-14,347.63,3,21,false,6
HG_015,DBL,RO,ADL-1,2026-05-15,339.83,3,21,false,6
HG_015,DBL,RO,ADL-1,2026-05-16,345.06,1,21,false,6
HG_015,DBL,RO,ADL-1,2026-05-17,372.92,1,21,false,6
HG_015,DBL,RO,ADL-1,2026-05-18,324.61,1,21,false,6
HG_015,DBL,RO,ADL-1,2026-05-19,355.31,1,21,false,6
HG_015,DBL,RO,ADL-1,2026-05-20,348.84,1,21,false,6
HG_015,DBL,RO,ADL-1,2026-05-21,331.64,1,21,true,0
HG_015,DBL,RO,ADL-1,2026-05-22,321.05,1,21,true,0
HG_015,DBL,RO,ADL-1,2026-05-23,347.61,1,21,true,0
HG_015,DBL,RO,ADL-1,2026-05-24,340.41,1,21,false,6
HG_015,DBL,RO,ADL-1,2026-05-25,344.30,1,21,false,6
HG_015,DBL,RO,ADL-1,2026-05-26,346.15,1,21,false,6
HG_015,DBL,RO,ADL-1,2026-05-27,360.09,1,21,false,6
HG_015,DBL,RO,ADL-1,2026-05-28,330.57,1,21,false,6
HG_015,DBL,RO,ADL-1,2026-05-29,349.89,1,21,false,6
HG_015,DBL,RO,ADL-1,2026-05-30,352.00,1,21,false,6
HG_015,DBL,RO,ADL-1,2026-05-31,353.33,3,21,false,6
HG_015,DBL,RO,ADL-1,2026-06-01,333.28,3,21,false,6
HG_015,DBL,RO,ADL-1,2026-06-02,331.19,3,21,false,6
HG_015,DBL,RO,ADL-1,2026-06-03,337.43,3,21,false,6
HG_015,DBL,RO,ADL-1,2026-06-04,327.79,3,21,false,6
HG_015,DBL,RO,ADL-1,2026-06-05,330.89,3,21,false,6
HG_015,DBL,RO,ADL-1,2026-06-06,354.89,3,21,false,6
HG_015,DBL,RO,ADL-1,2026-06-07,365.44,3,21,false,6
HG_015,DBL,RO,ADL-1,2026-06-08,334.53,3,21,false,6
HG_015,DBL,RO,ADL-1,2026-06-09,362.83,3,21,false,6
HG_015,DBL,RO,ADL-1,2026-06-10,327.75,3,21,true,0
HG_015,DBL,RO,ADL-1,2026-06-11,345.16,3,21,true,0
HG_015,DBL,RO,ADL-1,2026-06-12,362.53,3,21,true,0
HG_015,DBL,RO,ADL-1,2026-06-13,368.07,3,21,false,6
HG_015,DBL,RO,ADL-1,2026-06-14,373.48,3,21,false,6
HG_015,DBL,RO,ADL-1,2026-06-15,363.59,1,21,false,6
HG_015,DBL,RO,ADL-1,2026-06-16,380.35,1,21,false,6
HG_015,DBL,RO,ADL-1,2026-06-17,350.95,1,21,false,6
HG_015,DBL,RO,ADL-1,2026-06-18,370.13,1,21,false,6
HG_015,DBL,RO,ADL-1,2026-06-19,351.91,1,21,false,6
HG_015,DBL,RO,ADL-1,2026-06-20,387.97,1,21,false,6
HG_015,DBL,RO,ADL-1,2026-06-21,388.01,1,21,false,6
HG_015,DBL,RO,ADL-1,2026-06-22,379.69,1,21,false,6
HG_015,DBL,RO,ADL-1,2026-06-23,344.95,1,21,false,6
HG_015,DBL,RO,ADL-1,2026-06-24,376.13,1,21,false,6
HG_015,DBL,RO,ADL-1,2026-06-25,365.50,1,21,false,6
HG_015,DBL,RO,ADL-1,2026-06-26,368.11,1,21,false,6
HG_015,DBL,RO,ADL-1,2026-06-27,399.15,1,21,false,6
HG_015,DBL,RO,ADL-1,2026-06-28,370.32,1,21,false,6
HG_015,DBL,RO,ADL-1,2026-06-29,372.39,1,21,false,6
HG_015,DBL,BB,ADL-1,2026-05-01,363.82,3,21,true,0
HG_015,DBL,BB,ADL-1,2026-05-02,364.28,3,21,true,0
HG_015,DBL,BB,ADL-1,2026-05-03,372.88,3,21,true,0
HG_015,DBL,BB,ADL-1,2026-05-04,326.38,3,21,false,6
HG_015,DBL,BB,ADL-1,2026-05-05,324.38,3,21,false,6
HG_015,DBL,BB,ADL-1,2026-05-06,332.20,3,21,false,6
HG_015,DBL,BB,ADL-1,2026-05-07,358.63,3,21,false,6
HG_015,DBL,BB,ADL-1,2026-05-08,329.56,3,21,false,6
HG_015,DBL,BB,ADL-1,2026-05-09,363.11,3,21,false,6
HG_015,DBL,BB,ADL-1,2026-05-10,358.79,3,21,false,6
HG_015,DBL,BB,ADL-1,2026-05-11,362.61,3,21,false,6
HG_015,DBL,BB,ADL-1,2026-05-12,329.70,3,21,false,6
HG_015,DBL,BB,ADL-1,2026-05-13,322.59,3,21,false,6
HG_015,DBL,BB,ADL-1,2026-05-14,338.59,3,21,false,6
HG_015,DBL,BB,ADL-1,2026-05-15,353.61,3,21,false,6
HG_015,DBL,BB,ADL-1,2026-05-16,354.33,1,21,false,6
HG_015,DBL,BB,ADL-1,2026-05-17,371.44,1,21,false,6
HG_015,DBL,BB,ADL-1,2026-05-18,366.17,1,21,false,6
HG_015,DBL,BB,ADL-1,2026-05-19,332.55,1,21,false,6
HG_015,DBL,BB,ADL-1,2026-05-20,340.28,1,21,false,6
HG_015,DBL,BB,ADL-1,2026-05-21,350.02,1,21,true,0
HG_015,DBL,BB,ADL-1,2026-05-22,340.44,1,21,true,0
HG_015,DBL,BB,ADL-1,2026-05-23,363.44,1,21,true,0
HG_015,DBL,BB,ADL-1,2026-05-24,360.57,1,21,false,6
HG_015,DBL,BB,ADL-1,2026-05-25,365.73,1,21,false,6
HG_015,DBL,BB,ADL-1,2026-05-26,370.65,1,21,false,6
HG_015,DBL,BB,ADL-1,2026-05-27,337.01,1,21,false,6
HG_015,DBL,BB,ADL-1,2026-05-28,335.05,1,21,false,6
HG_015,DBL,BB,ADL-1,2026-05-29,363.92,1,21,false,6
HG_015,DBL,BB,ADL-1,2026-05-30,352.98,1,21,false,6
HG_015,DBL,BB,ADL-1,2026-05-31,407.62,3,21,false,6
HG_015,DBL,BB,ADL-1,2026-06-01,346.15,3,21,false,6
HG_015,DBL,BB,ADL-1,2026-06-02,362.90,3,21,false,6
HG_015,DBL,BB,ADL-1,2026-06-03,345.34,3,21,false,6
HG_015,DBL,BB,ADL-1,2026-06-04,386.54,3,21,false,6
HG_015,DBL,BB,ADL-1,2026-06-05,376.02,3,21,false,6
HG_015,DBL,BB,ADL-1,2026-06-06,365.28,3,21,false,6
HG_015,DBL,BB,ADL-1,2026-06-07,361.23,3,21,false,6
HG_015,DBL,BB,ADL-1,2026-06-08,370.43,3,21,false,6
HG_015,DBL,BB,ADL-1,2026-06-09,376.14,3,21,false,6
HG_015,DBL,BB,ADL-1,2026-06-10,373.38,3,21,true,0
HG_015,DBL,BB,ADL-1,2026-06-11,363.53,3,21,true,0
HG_015,DBL,BB,ADL-1,2026-06-12,381.49,3,21,true,0
HG_015,DBL,BB,ADL-1,2026-06-13,385.83,3,21,false,6
HG_015,DBL,BB,ADL-1,2026-06-14,401.84,3,21,false,6
HG_015,DBL,BB,ADL-1,2026-06-15,388.75,1,21,false,6
HG_015,DBL,BB,ADL-1,2026-06-16,351.02,1,21,false,6
HG_015,DBL,BB,ADL-1,2026-06-17,376.80,1,21,false,6
HG_015,DBL,BB,ADL-1,2026-06-18,393.51,1,21,false,6
HG_015,DBL,BB,ADL-1,2026-06-19,360.64,1,21,false,6
HG_015,DBL,BB,ADL-1,2026-06-20,418.23,1,21,false,6
HG_015,DBL,BB,ADL-1,2026-06-21,390.58,1,21,false,6
HG_015,DBL,BB,ADL-1,2026-06-22,396.42,1,21,false,6
HG_015,DBL,BB,ADL-1,2026-06-23,371.40,1,21,false,6
HG_015,DBL,BB,ADL-1,2026-06-24,375.32,1,21,false,6
HG_015,DBL,BB,ADL-1,2026-06-25,386.20,1,21,false,6
HG_015,DBL,BB,ADL-1,2026-06-26,376.59,1,21,false,6
HG_015,DBL,BB,ADL-1,2026-06-27,369.53,1,21,false,6
HG_015,DBL,BB,ADL-1,2026-06-28,413.82,1,21,false,6
HG_015,DBL,BB,ADL-1,2026-06-29,377.34,1,21,false,6
HG_015,DBL,HB,ADL-1,2026-05-01,369.50,3,21,true,0
HG_015,DBL,HB,ADL-1,2026-05-02,356.13,3,21,true,0
HG_015,DBL,HB,ADL-1,2026-05-03,361.45,3,21,true,0
HG_015,DBL,HB,ADL-1,2026-05-04,341.39,3,21,false,6
HG_015,DBL,HB,ADL-1,2026-05-05,355.28,3,21,false,6
HG_015,DBL,HB,ADL-1,2026-05-06,352.63,3,21,false,6
HG_015,DBL,HB,ADL-1,2026-05-07,375.60,3,21,false,6
HG_015,DBL,HB,ADL-1,2026-05-08,370.19,3,21,false,6
HG_015,DBL,HB,ADL-1,2026-05-09,393.81,3,21,false,6
HG_015,DBL,HB,ADL-1,2026-05-10,370.64,3,21,false,6
HG_015,DBL,HB,ADL-1,2026-05-11,340.83,3,21,false,6
HG_015,DBL,HB,ADL-1,2026-05-12,357.05,3,21,false,6
HG_015,DBL,HB,ADL-1,2026-05-13,368.45,3,21,false,6
HG_015,DBL,HB,ADL-1,2026-05-14,343.44,3,21,false,6
HG_015,DBL,HB,ADL-1,2026-05-15,374.98,3,21,false,6
HG_015,DBL,HB,ADL-1,2026-05-16,411.48,1,21,false,6
HG_015,DBL,HB,ADL-1,2026-05-17,386.08,1,21,false,6
HG_015,DBL,HB,ADL-1,2026-05-18,355.01,1,21,false,6
HG_015,DBL,HB,ADL-1,2026-05-19,350.00,1,21,false,6
HG_015,DBL,HB,ADL-1,2026-05-20,358.45,1,21,false,6
HG_015,DBL,HB,ADL-1,2026-05-21,390.30,1,21,true,0
HG_015,DBL,HB,ADL-1,2026-05-22,393.35,1,21,true,0
HG_015,DBL,HB,ADL-1,2026-05-23,366.99,1,21,true,0
HG_015,DBL,HB,ADL-1,2026-05-24,403.01,1,21,false,6
HG_015,DBL,HB,ADL-1,2026-05-25,373.60,1,21,false,6
HG_015,DBL,HB,ADL-1,2026-05-26,372.00,1,21,false,6
HG_015,DBL,HB,ADL-1,2026-05-27,347.13,1,21,false,6
HG_015,DBL,HB,ADL-1,2026-05-28,347.13,1,21,false,6
HG_015,DBL,HB,ADL-1,2026-05-29,361.39,1,21,false,6
HG_015,DBL,HB,ADL-1,2026-05-30,385.59,1,21,false,6
HG_015,DBL,HB,ADL-1,2026-05-31,384.45,3,21,false,6
HG_015,DBL,HB,ADL-1,2026-06-01,360.09,3,21,false,6
HG_015,DBL,HB,ADL-1,2026-06-02,360.35,3,21,false,6
HG_015,DBL,HB,ADL-1,2026-06-03,391.54,3,21,false,6
HG_015,DBL,HB,ADL-1,2026-06-04,390.51,3,21,false,6
HG_015,DBL,HB,ADL-1,2026-06-05,365.12,3,21,false,6
HG_015,DBL,HB,ADL-1,2026-06-06,418.41,3,21,false,6
HG_015,DBL,HB,ADL-1,2026-06-07,377.89,3,21,false,6
HG_015,DBL,HB,ADL-1,2026-06-08,403.43,3,21,false,6
HG_015,DBL,HB,ADL-1,2026-06-09,368.80,3,21,false,6
HG_015,DBL,HB,ADL-1,2026-06-10,399.82,3,21,true,0
HG_015,DBL,HB,ADL-1,2026-06-11,358.75,3,21,true,0
HG_015,DBL,HB,ADL-1,2026-06-12,365.66,3,21,true,0
HG_015,DBL,HB,ADL-1,2026-06-13,396.76,3,21,false,6
HG_015,DBL,HB,ADL-1,2026-06-14,423.26,3,21,false,6
HG_015,DBL,HB,ADL-1,2026-06-15,408.00,1,21,false,6
HG_015,DBL,HB,ADL-1,2026-06-16,367.40,1,21,false,6
HG_015,DBL,HB,ADL-1,2026-06-17,386.03,1,21,false,6
HG_015,DBL,HB,ADL-1,2026-06-18,394.65,1,21,false,6
HG_015,DBL,HB,ADL-1,2026-06-19,375.42,1,21,false,6
HG_015,DBL,HB,ADL-1,2026-06-20,406.72,1,21,false,6
HG_015,DBL,HB,ADL-1,2026-06-21,396.41,1,21,false,6
HG_015,DBL,HB,ADL-1,2026-06-22,394.65,1,21,false,6
HG_015,DBL,HB,ADL-1,2026-06-23,396.70,1,21,false,6
HG_015,DBL,HB,ADL-1,2026-06-24,377.75,1,21,false,6
HG_015,DBL,HB,ADL-1,2026-06-25,364.66,1,21,false,6
HG_015,DBL,HB,ADL-1,2026-06-26,414.26,1,21,false,6
HG_015,DBL,HB,ADL-1,2026-06-27,407.04,1,21,false,6
HG_015,DBL,HB,ADL-1,2026-06-28,385.73,1,21,false,6
HG_015,DBL,HB,ADL-1,2026-06-29,392.38,1,21,false,6
HG_015,SGL,RO,ADL-1,2026-05-01,354.93,3,21,true,0
HG_015,SGL,RO,ADL-1,2026-05-02,398.83,3,21,true,0
HG_015,SGL,RO,ADL-1,2026-05-03,364.46,3,21,true,0
HG_015,SGL,RO,ADL-1,2026-05-04,343.75,3,21,false,6
HG_015,SGL,RO,ADL-1,2026-05-05,359.72,3,21,false,6
HG_015,SGL,RO,ADL-1,2026-05-06,375.41,3,21,false,6
HG_015,SGL,RO,ADL-1,2026-05-07,363.40,3,21,false,6
HG_015,SGL,RO,ADL-1,2026-05-08,357.45,3,21,false,6
HG_015,SGL,RO,ADL-1,2026-05-09,374.08,3,21,false,6
HG_015,SGL,RO,ADL-1,2026-05-10,356.75,3,21,false,6
HG_015,SGL,RO,ADL-1,2026-05-11,356.38,3,21,false,6
HG_015,SGL,RO,ADL-1,2026-05-12,351.77,3,21,false,6
HG_015,SGL,RO,ADL-1,2026-05-13,355.45,3,21,false,6
HG_015,SGL,RO,ADL-1,2026-05-14,377.91,3,21,false,6
HG_015,SGL,RO,ADL-1,2026-05-15,350.50,3,21,false,6
HG_015,SGL,RO,ADL-1,2026-05-16,393.74,1,21,false,6
HG_015,SGL,RO,ADL-1,2026-05-17,369.13,1,21,false,6
HG_015,SGL,RO,ADL-1,2026-05-18,358.65,1,21,false,6
HG_015,SGL,RO,ADL-1,2026-05-19,351.79,1,21,false,6
HG_015,SGL,RO,ADL-1,2026-05-20,392.74,1,21,false,6
HG_015,SGL,RO,ADL-1,2026-05-21,371.67,1,21,true,0
HG_015,SGL,RO,ADL-1,2026-05-22,352.30,1,21,true,0
HG_015,SGL,RO,ADL-1,2026-05-23,407.10,1,21,true,0
HG_015,SGL,RO,ADL-1,2026-05-24,393.49,1,21,false,6
HG_015,SGL,RO,ADL-1,2026-05-25,380.17,1,21,false,6
HG_015,SGL,RO,ADL-1,2026-05-26,349.23,1,21,false,6
HG_015,SGL,RO,ADL-1,2026-05-27,375.11,1,21,false,6
HG_015,SGL,RO,ADL-1,2026-05-28,371.92,1,21,false,6
HG_015,SGL,RO,ADL-1,2026-05-29,356.56,1,21,false,6
HG_015,SGL,RO,ADL-1,2026-05-30,393.68,1,21,false,6
HG_015,SGL,RO,ADL-1,2026-05-31,421.93,3,21,false,6
HG_015,SGL,RO,ADL-1,2026-06-01,391.17,3,21,false,6
HG_015,SGL,RO,ADL-1,2026-06-02,380.66,3,21,false,6
HG_015,SGL,RO,ADL-1,2026-06-03,389.29,3,21,false,6
HG_015,SGL,RO,ADL-1,2026-06-04,361.07,3,21,false,6
HG_015,SGL,RO,ADL-1,2026-06-05,363.33,3,21,false,6
HG_015,SGL,RO,ADL-1,2026-06-06,400.21,3,21,false,6
HG_015,SGL,RO,ADL-1,2026-06-07,418.88,3,21,false,6
HG_015,SGL,RO,ADL-1,2026-06-08,397.24,3,21,false,6
HG_015,SGL,RO,ADL-1,2026-06-09,371.79,3,21,false,6
HG_015,SGL,RO,ADL-1,2026-06-10,391.27,3,21,true,0
HG_015,SGL,RO,ADL-1,2026-06-11,365.51,3,21,true,0
HG_015,SGL,RO,ADL-1,2026-06-12,396.77,3,21,true,0
HG_015,SGL,RO,ADL-1,2026-06-13,374.60,3,21,false,6
HG_015,SGL,RO,ADL-1,2026-06-14,388.72,3,21,false,6
HG_015,SGL,RO,ADL-1,2026-06-15,402.73,1,21,false,6
HG_015,SGL,RO,ADL-1,2026-06-16,379.62,1,21,false,6
HG_015,SGL,RO,ADL-1,2026-06-17,414.42,1,21,false,6
HG_015,SGL,RO,ADL-1,2026-06-18,373.62,1,21,false,6
HG_015,SGL,RO,ADL-1,2026-06-19,372.56,1,21,false,6
HG_015,SGL,RO,ADL-1,2026-06-20,399.70,1,21,false,6
HG_015,SGL,RO,ADL-1,2026-06-21,429.96,1,21,false,6
HG_015,SGL,RO,ADL-1,2026-06-22,401.33,1,21,false,6
HG_015,SGL,RO,ADL-1,2026-06-23,410.85,1,21,false,6
HG_015,SGL,RO,ADL-1,2026-06-24,405.39,1,21,false,6
HG_015,SGL,RO,ADL-1,2026-06-25,405.39,1,21,false,6
HG_015,SGL,RO,ADL-1,2026-06-26,379.73,1,21,false,6
HG_015,SGL,RO,ADL-1,2026-06-27,403.30,1,21,false,6
HG_015,SGL,RO,ADL-1,2026-06-28,427.73,1,21,false,6
HG_015,SGL,RO,ADL-1,2026-06-29,378.20,1,21,false,6
HG_015,SGL,BB,ADL-1,2026-05-01,390.51,3,21,true,0
HG_015,SGL,BB,ADL-1,2026-05-02,383.29,3,21,true,0
HG_015,SGL,BB,ADL-1,2026-05-03,394.69,3,21,true,0
HG_015,SGL,BB,ADL-1,2026-05-04,393.21,3,21,false,6
HG_015,SGL,BB,ADL-1,2026-05-05,389.74,3,21,false,6
HG_015,SGL,BB,ADL-1,2026-05-06,386.78,3,21,false,6
HG_015,SGL,BB,ADL-1,2026-05-07,381.46,3,21,false,6
HG_015,SGL,BB,ADL-1,2026-05-08,365.79,3,21,false,6
HG_015,SGL,BB,ADL-1,2026-05-09,386.12,3,21,false,6
HG_015,SGL,BB,ADL-1,2026-05-10,384.39,3,21,false,6
HG_015,SGL,BB,ADL-1,2026-05-11,379.77,3,21,false,6
HG_015,SGL,BB,ADL-1,2026-05-12,393.90,3,21,false,6
HG_015,SGL,BB,ADL-1,2026-05-13,368.29,3,21,false,6
HG_015,SGL,BB,ADL-1,2026-05-14,394.28,3,21,false,6
HG_015,SGL,BB,ADL-1,2026-05-15,378.71,3,21,false,6
HG_015,SGL,BB,ADL-1,2026-05-16,420.58,1,21,false,6
HG_015,SGL,BB,ADL-1,2026-05-17,392.30,1,21,false,6
HG_015,SGL,BB,ADL-1,2026-05-18,407.19,1,21,false,6
HG_015,SGL,BB,ADL-1,2026-05-19,396.95,1,21,false,6
HG_015,SGL,BB,ADL-1,2026-05-20,370.21,1,21,false,6
HG_015,SGL,BB,ADL-1,2026-05-21,364.31,1,21,true,0
HG_015,SGL,BB,ADL-1,2026-05-22,366.42,1,21,true,0
HG_015,SGL,BB,ADL-1,2026-05-23,413.97,1,21,true,0
HG_015,SGL,BB,ADL-1,2026-05-24,425.14,1,21,false,6
HG_015,SGL,BB,ADL-1,2026-05-25,396.83,1,21,false,6
HG_015,SGL,BB,ADL-1,2026-05-26,409.40,1,21,false,6
HG_015,SGL,BB,ADL-1,2026-05-27,394.27,1,21,false,6
HG_015,SGL,BB,ADL-1,2026-05-28,392.82,1,21,false,6
HG_015,SGL,BB,ADL-1,2026-05-29,392.33,1,21,false,6
HG_015,SGL,BB,ADL-1,2026-05-30,421.55,1,21,false,6
HG_015,SGL,BB,ADL-1,2026-05-31,424.85,3,21,false,6
HG_015,SGL,BB,ADL-1,2026-06-01,389.01,3,21,false,6
HG_015,SGL,BB,ADL-1,2026-06-02,417.86,3,21,false,6
HG_015,SGL,BB,ADL-1,2026-06-03,378.21,3,21,false,6
HG_015,SGL,BB,ADL-1,2026-06-04,373.13,3,21,false,6
HG_015,SGL,BB,ADL-1,2026-06-05,380.68,3,21,false,6
HG_015,SGL,BB,ADL-1,2026-06-06,398.85,3,21,false,6
HG_015,SGL,BB,ADL-1,2026-06-07,400.42,3,21,false,6
HG_015,SGL,BB,ADL-1,2026-06-08,370.83,3,21,false,6
HG_015,SGL,BB,ADL-1,2026-06-09,406.19,3,21,false,6
HG_015,SGL,BB,ADL-1,2026-06-10,379.17,3,21,true,0
HG_015,SGL,BB,ADL-1,2026-06-11,378.32,3,21,true,0
HG_015,SGL,BB,ADL-1,2026-06-12,395.39,3,21,true,0
HG_015,SGL,BB,ADL-1,2026-06-13,419.84,3,21,false,6
HG_015,SGL,BB,ADL-1,2026-06-14,439.15,3,21,false,6
HG_015,SGL,BB,ADL-1,2026-06-15,400.78,1,21,false,6
HG_015,SGL,BB,ADL-1,2026-06-16,386.58,1,21,false,6
HG_015,SGL,BB,ADL-1,2026-06-17,406.74,1,21,false,6
HG_015,SGL,BB,ADL-1,2026-06-18,405.35,1,21,false,6
HG_015,SGL,BB,ADL-1,2026-06-19,397.52,1,21,false,6
HG_015,SGL,BB,ADL-1,2026-06-20,439.56,1,21,false,6
HG_015,SGL,BB,ADL-1,2026-06-21,443.18,1,21,false,6
HG_015,SGL,BB,ADL-1,2026-06-22,385.84,1,21,false,6
HG_015,SGL,BB,ADL-1,2026-06-23,404.11,1,21,false,6
HG_015,SGL,BB,ADL-1,2026-06-24,408.15,1,21,false,6
HG_015,SGL,BB,ADL-1,2026-06-25,429.91,1,21,false,6
HG_015,SGL,BB,ADL-1,2026-06-26,429.62,1,21,false,6
HG_015,SGL,BB,ADL-1,2026-06-27,450.09,1,21,false,6
HG_015,SGL,BB,ADL-1,2026-06-28,415.70,1,21,false,6
HG_015,SGL,BB,ADL-1,2026-06-29,415.94,1,21,false,6
HG_015,SGL,HB,ADL-1,2026-05-01,372.57,3,21,true,0
HG_015,SGL,HB,ADL-1,2026-05-02,427.67,3,21,true,0
HG_015,SGL,HB,ADL-1,2026-05-03,423.59,3,21,true,0
HG_015,SGL,HB,ADL-1,2026-05-04,395.04,3,21,false,6
HG_015,SGL,HB,ADL-1,2026-05-05,400.95,3,21,false,6
HG_015,SGL,HB,ADL-1,2026-05-06,380.73,3,21,false,6
HG_015,SGL,HB,ADL-1,2026-05-07,367.25,3,21,false,6
HG_015,SGL,HB,ADL-1,2026-05-08,388.72,3,21,false,6
HG_015,SGL,HB,ADL-1,2026-05-09,402.17,3,21,false,6
HG_015,SGL,HB,ADL-1,2026-05-10,434.23,3,21,false,6
HG_015,SGL,HB,ADL-1,2026-05-11,408.23,3,21,false,6
HG_015,SGL,HB,ADL-1,2026-05-12,372.14,3,21,false,6
HG_015,SGL,HB,ADL-1,2026-05-13,403.81,3,21,false,6
HG_015,SGL,HB,ADL-1,2026-05-14,388.30,3,21,false,6
HG_015,SGL,HB,ADL-1,2026-05-15,411.22,3,21,false,6
HG_015,SGL,HB,ADL-1,2026-05-16,437.90,1,21,false,6
HG_015,SGL,HB,ADL-1,2026-05-17,427.14,1,21,false,6
HG_015,SGL,HB,ADL-1,2026-05-18,421.42,1,21,false,6
HG_015,SGL,HB,ADL-1,2026-05-19,405.73,1,21,false,6
HG_015,SGL,HB,ADL-1,2026-05-20,398.73,1,21,false,6
HG_015,SGL,HB,ADL-1,2026-05-21,390.09,1,21,true,0
HG_015,SGL,HB,ADL-1,2026-05-22,420.96,1,21,true,0
HG_015,SGL,HB,ADL-1,2026-05-23,410.81,1,21,true,0
HG_015,SGL,HB,ADL-1,2026-05-24,397.59,1,21,false,6
HG_015,SGL,HB,ADL-1,2026-05-25,382.41,1,21,false,6
HG_015,SGL,HB,ADL-1,2026-05-26,386.82,1,21,false,6
HG_015,SGL,HB,ADL-1,2026-05-27,408.00,1,21,false,6
HG_015,SGL,HB,ADL-1,2026-05-28,375.32,1,21,false,6
HG_015,SGL,HB,ADL-1,2026-05-29,412.88,1,21,false,6
HG_015,SGL,HB,ADL-1,2026-05-30,441.33,1,21,false,6
HG_015,SGL,HB,ADL-1,2026-05-31,413.68,3,21,false,6
HG_015,SGL,HB,ADL-1,2026-06-01,389.10,3,21,false,6
HG_015,SGL,HB,ADL-1,2026-06-02,400.98,3,21,false,6
HG_015,SGL,HB,ADL-1,2026-06-03,414.49,3,21,false,6
HG_015,SGL,HB,ADL-1,2026-06-04,435.91,3,21,false,6
HG_015,SGL,HB,ADL-1,2026-06-05,434.61,3,21,false,6
HG_015,SGL,HB,ADL-1,2026-06-06,453.09,3,21,false,6
HG_015,SGL,HB,ADL-1,2026-06-07,445.58,3,21,false,6
HG_015,SGL,HB,ADL-1,2026-06-08,414.07,3,21,false,6
HG_015,SGL,HB,ADL-1,2026-06-09,389.06,3,21,false,6
HG_015,SGL,HB,ADL-1,2026-06-10,417.93,3,21,true,0
HG_015,SGL,HB,ADL-1,2026-06-11,398.33,3,21,true,0
HG_015,SGL,HB,ADL-1,2026-06-12,417.91,3,21,true,0
HG_015,SGL,HB,ADL-1,2026-06-13,417.30,3,21,false,6
HG_015,SGL,HB,ADL-1,2026-06-14,409.81,3,21,false,6
HG_015,SGL,HB,ADL-1,2026-06-15,443.50,1,21,false,6
HG_015,SGL,HB,ADL-1,2026-06-16,416.54,1,21,false,6
HG_015,SGL,HB,ADL-1,2026-06-17,440.70,1,21,false,6
HG_015,SGL,HB,ADL-1,2026-06-18,406.30,1,21,false,6
HG_015,SGL,HB,ADL-1,2026-06-19,441.47,1,21,false,6
HG_015,SGL,HB,ADL-1,2026-06-20,453.52,1,21,false,6
HG_015,SGL,HB,ADL-1,2026-06-21,430.42,1,21,false,6
HG_015,SGL,HB,ADL-1,2026-06-22,447.21,1,21,false,6
HG_015,SGL,HB,ADL-1,2026-06-23,437.62,1,21,false,6
HG_015,SGL,HB,ADL-1,2026-06-24,430.59,1,21,false,6
HG_015,SGL,HB,ADL-1,2026-06-25,406.55,1,21,false,6
HG_015,SGL,HB,ADL-1,2026-06-26,399.30,1,21,false,6
HG_015,SGL,HB,ADL-1,2026-06-27,456.55,1,21,false,6
HG_015,SGL,HB,ADL-1,2026-06-28,431.45,1,21,false,6
HG_015,SGL,HB,ADL-1,2026-06-29,445.65,1,21,false,6
HG_015,FAM,RO,ADL-1,2026-05-01,367.23,3,21,true,0
HG_015,FAM,RO,ADL-1,2026-05-02,398.34,3,21,true,0
HG_015,FAM,RO,ADL-1,2026-05-03,422.34,3,21,true,0
HG_015,FAM,RO,ADL-1,2026-05-04,379.83,3,21,false,6
HG_015,FAM,RO,ADL-1,2026-05-05,387.13,3,21,false,6
HG_015,FAM,RO,ADL-1,2026-05-06,380.64,3,21,false,6
HG_015,FAM,RO,ADL-1,2026-05-07,407.38,3,21,false,6
HG_015,FAM,RO,ADL-1,2026-05-08,392.43,3,21,false,6
HG_015,FAM,RO,ADL-1,2026-05-09,394.14,3,21,false,6
HG_015,FAM,RO,ADL-1,2026-05-10,386.13,3,21,false,6
HG_015,FAM,RO,ADL-1,2026-05-11,382.95,3,21,false,6
HG_015,FAM,RO,ADL-1,2026-05-12,372.14,3,21,false,6
HG_015,FAM,RO,ADL-1,2026-05-13,388.30,3,21,false,6
HG_015,FAM,RO,ADL-1,2026-05-14,373.09,3,21,false,6
HG_015,FAM,RO,ADL-1,2026-05-15,383.59,3,21,false,6
HG_015,FAM,RO,ADL-1,2026-05-16,396.11,1,21,false,6
HG_015,FAM,RO,ADL-1,2026-05-17,414.94,1,21,false,6
HG_015,FAM,RO,ADL-1,2026-05-18,389.60,1,21,false,6
HG_015,FAM,RO,ADL-1,2026-05-19,405.06,1,21,false,6
HG_015,FAM,RO,ADL-1,2026-05-20,407.26,1,21,false,6
HG_015,FAM,RO,ADL-1,2026-05-21,418.86,1,21,true,0
HG_015,FAM,RO,ADL-1,2026-05-22,393.45,1,21,true,0
HG_015,FAM,RO,ADL-1,2026-05-23,422.56,1,21,true,0
HG_015,FAM,RO,ADL-1,2026-05-24,430.23,1,21,false,6
HG_015,FAM,RO,ADL-1,2026-05-25,421.17,1,21,false,6
HG_015,FAM,RO,ADL-1,2026-05-26,374.65,1,21,false,6
HG_015,FAM,RO,ADL-1,2026-05-27,387.38,1,21,false,6
HG_015,FAM,RO,ADL-1,2026-05-28,425.90,1,21,false,6
HG_015,FAM,RO,ADL-1,2026-05-29,413.48,1,21,false,6
HG_015,FAM,RO,ADL-1,2026-05-30,415.78,1,21,false,6
HG_015,FAM,RO,ADL-1,2026-05-31,421.23,3,21,false,6
HG_015,FAM,RO,ADL-1,2026-06-01,395.66,3,21,false,6
HG_015,FAM,RO,ADL-1,2026-06-02,408.18,3,21,false,6
HG_015,FAM,RO,ADL-1,2026-06-03,391.72,3,21,false,6
HG_015,FAM,RO,ADL-1,2026-06-04,391.85,3,21,false,6
HG_015,FAM,RO,ADL-1,2026-06-05,408.28,3,21,false,6
HG_015,FAM,RO,ADL-1,2026-06-06,420.14,3,21,false,6
HG_015,FAM,RO,ADL-1,2026-06-07,405.26,3,21,false,6
HG_015,FAM,RO,ADL-1,2026-06-08,386.70,3,21,false,6
HG_015,FAM,RO,ADL-1,2026-06-09,427.93,3,21,false,6
HG_015,FAM,RO,ADL-1,2026-06-10,405.39,3,21,true,0
HG_015,FAM,RO,ADL-1,2026-06-11,388.01,3,21,true,0
HG_015,FAM,RO,ADL-1,2026-06-12,408.83,3,21,true,0
HG_015,FAM,RO,ADL-1,2026-06-13,453.26,3,21,false,6
HG_015,FAM,RO,ADL-1,2026-06-14,437.41,3,21,false,6
HG_015,FAM,RO,ADL-1,2026-06-15,403.67,1,21,false,6
HG_015,FAM,RO,ADL-1,2026-06-16,403.04,1,21,false,6
HG_015,FAM,RO,ADL-1,2026-06-17,431.50,1,21,false,6
HG_015,FAM,RO,ADL-1,2026-06-18,412.73,1,21,false,6
HG_015,FAM,RO,ADL-1,2026-06-19,394.14,1,21,false,6
HG_015,FAM,RO,ADL-1,2026-06-20,417.29,1,21,false,6
HG_015,FAM,RO,ADL-1,2026-06-21,440.67,1,21,false,6
HG_015,FAM,RO,ADL-1,2026-06-22,421.86,1,21,false,6
HG_015,FAM,RO,ADL-1,2026-06-23,414.18,1,21,false,6
HG_015,FAM,RO,ADL-1,2026-06-24,437.92,1,21,false,6
HG_015,FAM,RO,ADL-1,2026-06-25,425.76,1,21,false,6
HG_015,FAM,RO,ADL-1,2026-06-26,408.69,1,21,false,6
HG_015,FAM,RO,ADL-1,2026-06-27,443.82,1,21,false,6
HG_015,FAM,RO,ADL-1,2026-06-28,422.06,1,21,false,6
HG_015,FAM,RO,ADL-1,2026-06-29,429.32,1,21,false,6
HG_015,FAM,BB,ADL-1,2026-05-01,430.20,3,21,true,0
HG_015,FAM,BB,ADL-1,2026-05-02,402.45,3,21,true,0
HG_015,FAM,BB,ADL-1,2026-05-03,398.99,3,21,true,0
HG_015,FAM,BB,ADL-1,2026-05-04,405.90,3,21,false,6
HG_015,FAM,BB,ADL-1,2026-05-05,392.72,3,21,false,6
HG_015,FAM,BB,ADL-1,2026-05-06,401.30,3,21,false,6
HG_015,FAM,BB,ADL-1,2026-05-07,429.11,3,21,false,6
HG_015,FAM,BB,ADL-1,2026-05-08,391.07,3,21,false,6
HG_015,FAM,BB,ADL-1,2026-05-09,415.31,3,21,false,6
HG_015,FAM,BB,ADL-1,2026-05-10,419.34,3,21,false,6
HG_015,FAM,BB,ADL-1,2026-05-11,402.16,3,21,false,6
HG_015,FAM,BB,ADL-1,2026-05-12,381.36,3,21,false,6
HG_015,FAM,BB,ADL-1,2026-05-13,391.13,3,21,false,6
HG_015,FAM,BB,ADL-1,2026-05-14,408.52,3,21,false,6
HG_015,FAM,BB,ADL-1,2026-05-15,399.28,3,21,false,6
HG_015,FAM,BB,ADL-1,2026-05-16,440.82,1,21,false,6
HG_015,FAM,BB,ADL-1,2026-05-17,412.76,1,21,false,6
HG_015,FAM,BB,ADL-1,2026-05-18,400.57,1,21,false,6
HG_015,FAM,BB,ADL-1,2026-05-19,438.43,1,21,false,6
HG_015,FAM,BB,ADL-1,2026-05-20,432.45,1,21,false,6
HG_015,FAM,BB,ADL-1,2026-05-21,435.52,1,21,true,0
HG_015,FAM,BB,ADL-1,2026-05-22,407.88,1,21,true,0
HG_015,FAM,BB,ADL-1,2026-05-23,438.86,1,21,true,0
HG_015,FAM,BB,ADL-1,2026-05-24,409.94,1,21,false,6
HG_015,FAM,BB,ADL-1,2026-05-25,417.56,1,21,false,6
HG_015,FAM,BB,ADL-1,2026-05-26,390.75,1,21,false,6
HG_015,FAM,BB,ADL-1,2026-05-27,414.78,1,21,false,6
HG_015,FAM,BB,ADL-1,2026-05-28,398.43,1,21,false,6
HG_015,FAM,BB,ADL-1,2026-05-29,422.75,1,21,false,6
HG_015,FAM,BB,ADL-1,2026-05-30,446.96,1,21,false,6
HG_015,FAM,BB,ADL-1,2026-05-31,418.80,3,21,false,6
HG_015,FAM,BB,ADL-1,2026-06-01,438.53,3,21,false,6
HG_015,FAM,BB,ADL-1,2026-06-02,436.90,3,21,false,6
HG_015,FAM,BB,ADL-1,2026-06-03,414.45,3,21,false,6
HG_015,FAM,BB,ADL-1,2026-06-04,445.67,3,21,false,6
HG_015,FAM,BB,ADL-1,2026-06-05,418.58,3,21,false,6
HG_015,FAM,BB,ADL-1,2026-06-06,434.94,3,21,false,6
HG_015,FAM,BB,ADL-1,2026-06-07,418.03,3,21,false,6
HG_015,FAM,BB,ADL-1,2026-06-08,401.31,3,21,false,6
HG_015,FAM,BB,ADL-1,2026-06-09,416.41,3,21,false,6
HG_015,FAM,BB,ADL-1,2026-06-10,411.93,3,21,true,0
HG_015,FAM,BB,ADL-1,2026-06-11,439.79,3,21,true,0
HG_015,FAM,BB,ADL-1,2026-06-12,407.86,3,21,true,0
HG_015,FAM,BB,ADL-1,2026-06-13,424.69,3,21,false,6
HG_015,FAM,BB,ADL-1,2026-06-14,452.32,3,21,false,6
HG_015,FAM,BB,ADL-1,2026-06-15,428.23,1,21,false,6
HG_015,FAM,BB,ADL-1,2026-06-16,424.37,1,21,false,6
HG_015,FAM,BB,ADL-1,2026-06-17,433.77,1,21,false,6
HG_015,FAM,BB,ADL-1,2026-06-18,416.45,1,21,false,6
HG_015,FAM,BB,ADL-1,2026-06-19,418.51,1,21,false,6
HG_015,FAM,BB,ADL-1,2026-06-20,462.78,1,21,false,6
HG_015,FAM,BB,ADL-1,2026-06-21,469.28,1,21,false,6
HG_015,FAM,BB,ADL-1,2026-06-22,419.23,1,21,false,6
HG_015,FAM,BB,ADL-1,2026-06-23,426.74,1,21,false,6
HG_015,FAM,BB,ADL-1,2026-06-24,453.36,1,21,false,6
HG_015,FAM,BB,ADL-1,2026-06-25,428.26,1,21,false,6
HG_015,FAM,BB,ADL-1,2026-06-26,424.53,1,21,false,6
HG_015,FAM,BB,ADL-1,2026-06-27,443.92,1,21,false,6
HG_015,FAM,BB,ADL-1,2026-06-28,473.96,1,21,false,6
HG_015,FAM,BB,ADL-1,2026-06-29,418.23,1,21,false,6
HG_015,FAM,HB,ADL-1,2026-05-01,400.88,3,21,true,0
HG_015,FAM,HB,ADL-1,2026-05-02,437.71,3,21,true,0
HG_015,FAM,HB,ADL-1,2026-05-03,431.08,3,21,true,0
HG_015,FAM,HB,ADL-1,2026-05-04,425.41,3,21,false,6
HG_015,FAM,HB,ADL-1,2026-05-05,434.19,3,21,false,6
HG_015,FAM,HB,ADL-1,2026-05-06,405.81,3,21,false,6
HG_015,FAM,HB,ADL-1,2026-05-07,428.03,3,21,false,6
HG_015,FAM,HB,ADL-1,2026-05-08,401.08,3,21,false,6
HG_015,FAM,HB,ADL-1,2026-05-09,438.21,3,21,false,6
HG_015,FAM,HB,ADL-1,2026-05-10,416.04,3,21,false,6
HG_015,FAM,HB,ADL-1,2026-05-11,441.12,3,21,false,6
HG_015,FAM,HB,ADL-1,2026-05-12,444.37,3,21,false,6
HG_015,FAM,HB,ADL-1,2026-05-13,406.95,3,21,false,6
HG_015,FAM,HB,ADL-1,2026-05-14,438.86,3,21,false,6
HG_015,FAM,HB,ADL-1,2026-05-15,413.60,3,21,false,6
HG_015,FAM,HB,ADL-1,2026-05-16,429.32,1,21,false,6
HG_015,FAM,HB,ADL-1,2026-05-17,427.35,1,21,false,6
HG_015,FAM,HB,ADL-1,2026-05-18,416.53,1,21,false,6
HG_015,FAM,HB,ADL-1,2026-05-19,420.55,1,21,false,6
HG_015,FAM,HB,ADL-1,2026-05-20,450.60,1,21,false,6
HG_015,FAM,HB,ADL-1,2026-05-21,422.92,1,21,true,0
HG_015,FAM,HB,ADL-1,2026-05-22,436.06,1,21,true,0
HG_015,FAM,HB,ADL-1,2026-05-23,479.19,1,21,true,0
HG_015,FAM,HB,ADL-1,2026-05-24,473.01,1,21,false,6
HG_015,FAM,HB,ADL-1,2026-05-25,423.57,1,21,false,6
HG_015,FAM,HB,ADL-1,2026-05-26,431.48,1,21,false,6
HG_015,FAM,HB,ADL-1,2026-05-27,427.68,1,21,false,6
HG_015,FAM,HB,ADL-1,2026-05-28,443.59,1,21,false,6
HG_015,FAM,HB,ADL-1,2026-05-29,413.48,1,21,false,6
HG_015,FAM,HB,ADL-1,2026-05-30,448.13,1,21,false,6
HG_015,FAM,HB,ADL-1,2026-05-31,432.40,3,21,false,6
HG_015,FAM,HB,ADL-1,2026-06-01,437.44,3,21,false,6
HG_015,FAM,HB,ADL-1,2026-06-02,442.27,3,21,false,6
HG_015,FAM,HB,ADL-1,2026-06-03,467.00,3,21,false,6
HG_015,FAM,HB,ADL-1,2026-06-04,444.55,3,21,false,6
HG_015,FAM,HB,ADL-1,2026-06-05,412.08,3,21,false,6
HG_015,FAM,HB,ADL-1,2026-06-06,484.56,3,21,false,6
HG_015,FAM,HB,ADL-1,2026-06-07,485.27,3,21,false,6
HG_015,FAM,HB,ADL-1,2026-06-08,412.26,3,21,false,6
HG_015,FAM,HB,ADL-1,2026-06-09,462.57,3,21,false,6
HG_015,FAM,HB,ADL-1,2026-06-10,412.74,3,21,true,0
HG_015,FAM,HB,ADL-1,2026-06-11,432.02,3,21,true,0
HG_015,FAM,HB,ADL-1,2026-06-12,463.12,3,21,true,0
HG_015,FAM,HB,ADL-1,2026-06-13,463.44,3,21,false,6
HG_015,FAM,HB,ADL-1,2026-06-14,443.54,3,21,false,6
HG_015,FAM,HB,ADL-1,2026-06-15,447.64,1,21,false,6
HG_015,FAM,HB,ADL-1,2026-06-16,440.87,1,21,false,6
HG_015,FAM,HB,ADL-1,2026-06-17,449.33,1,21,false,6
HG_015,FAM,HB,ADL-1,2026-06-18,455.56,1,21,false,6
HG_015,FAM,HB,ADL-1,2026-06-19,476.66,1,21,false,6
HG_015,FAM,HB,ADL-1,2026-06-20,457.14,1,21,false,6
HG_015,FAM,HB,ADL-1,2026-06-21,484.71,1,21,false,6
HG_015,FAM,HB,ADL-1,2026-06-22,424.59,1,21,false,6
HG_015,FAM,HB,ADL-1,2026-06-23,441.93,1,21,false,6
HG_015,FAM,HB,ADL-1,2026-06-24,452.15,1,21,false,6
HG_015,FAM,HB,ADL-1,2026-06-25,430.56,1,21,false,6
HG_015,FAM,HB,ADL-1,2026-06-26,431.90,1,21,false,6
HG_015,FAM,HB,ADL-1,2026-06-27,453.44,1,21,false,6
HG_015,FAM,HB,ADL-1,2026-06-28,477.46,1,21,false,6
HG_015,FAM,HB,ADL-1,2026-06-29,471.07,1,21,false,6
HG_015,JS,RO,ADL-1,2026-05-01,420.79,3,21,true,0
HG_015,JS,RO,ADL-1,2026-05-02,419.06,3,21,true,0
HG_015,JS,RO,ADL-1,2026-05-03,444.98,3,21,true,0
HG_015,JS,RO,ADL-1,2026-05-04,441.43,3,21,false,6
HG_015,JS,RO,ADL-1,2026-05-05,425.56,3,21,false,6
HG_015,JS,RO,ADL-1,2026-05-06,399.39,3,21,false,6
HG_015,JS,RO,ADL-1,2026-05-07,435.53,3,21,false,6
HG_015,JS,RO,ADL-1,2026-05-08,409.18,3,21,false,6
HG_015,JS,RO,ADL-1,2026-05-09,454.39,3,21,false,6
HG_015,JS,RO,ADL-1,2026-05-10,460.57,3,21,false,6
HG_015,JS,RO,ADL-1,2026-05-11,442.96,3,21,false,6
HG_015,JS,RO,ADL-1,2026-05-12,436.88,3,21,false,6
HG_015,JS,RO,ADL-1,2026-05-13,429.81,3,21,false,6
HG_015,JS,RO,ADL-1,2026-05-14,443.80,3,21,false,6
HG_015,JS,RO,ADL-1,2026-05-15,407.97,3,21,false,6
HG_015,JS,RO,ADL-1,2026-05-16,456.96,1,21,false,6
HG_015,JS,RO,ADL-1,2026-05-17,464.87,1,21,false,6
HG_015,JS,RO,ADL-1,2026-05-18,428.04,1,21,false,6
HG_015,JS,RO,ADL-1,2026-05-19,433.62,1,21,false,6
HG_015,JS,RO,ADL-1,2026-05-20,435.08,1,21,false,6
HG_015,JS,RO,ADL-1,2026-05-21,426.16,1,21,true,0
HG_015,JS,RO,ADL-1,2026-05-22,450.21,1,21,true,0
HG_015,JS,RO,ADL-1,2026-05-23,443.53,1,21,true,0
HG_015,JS,RO,ADL-1,2026-05-24,455.20,1,21,false,6
HG_015,JS,RO,ADL-1,2026-05-25,447.87,1,21,false,6
HG_015,JS,RO,ADL-1,2026-05-26,418.49,1,21,false,6
HG_015,JS,RO,ADL-1,2026-05-27,434.98,1,21,false,6
HG_015,JS,RO,ADL-1,2026-05-28,422.90,1,21,false,6
HG_015,JS,RO,ADL-1,2026-05-29,426.69,1,21,false,6
HG_015,JS,RO,ADL-1,2026-05-30,461.35,1,21,false,6
HG_015,JS,RO,ADL-1,2026-05-31,441.44,3,21,false,6
HG_015,JS,RO,ADL-1,2026-06-01,466.26,3,21,false,6
HG_015,JS,RO,ADL-1,2026-06-02,445.52,3,21,false,6
HG_015,JS,RO,ADL-1,2026-06-03,441.59,3,21,false,6
HG_015,JS,RO,ADL-1,2026-06-04,443.17,3,21,false,6
HG_015,JS,RO,ADL-1,2026-06-05,412.66,3,21,false,6
HG_015,JS,RO,ADL-1,2026-06-06,447.55,3,21,false,6
HG_015,JS,RO,ADL-1,2026-06-07,457.44,3,21,false,6
HG_015,JS,RO,ADL-1,2026-06-08,437.14,3,21,false,6
HG_015,JS,RO,ADL-1,2026-06-09,462.02,3,21,false,6
HG_015,JS,RO,ADL-1,2026-06-10,453.29,3,21,true,0
HG_015,JS,RO,ADL-1,2026-06-11,465.90,3,21,true,0
HG_015,JS,RO,ADL-1,2026-06-12,424.05,3,21,true,0
HG_015,JS,RO,ADL-1,2026-06-13,439.15,3,21,false,6
HG_015,JS,RO,ADL-1,2026-06-14,474.53,3,21,false,6
HG_015,JS,RO,ADL-1,2026-06-15,443.88,1,21,false,6
HG_015,JS,RO,ADL-1,2026-06-16,475.76,1,21,false,6
HG_015,JS,RO,ADL-1,2026-06-17,459.85,1,21,false,6
HG_015,JS,RO,ADL-1,2026-06-18,447.50,1,21,false,6
HG_015,JS,RO,ADL-1,2026-06-19,446.54,1,21,false,6
HG_015,JS,RO,ADL-1,2026-06-20,469.63,1,21,false,6
HG_015,JS,RO,ADL-1,2026-06-21,440.73,1,21,false,6
HG_015,JS,RO,ADL-1,2026-06-22,446.87,1,21,false,6
HG_015,JS,RO,ADL-1,2026-06-23,441.20,1,21,false,6
HG_015,JS,RO,ADL-1,2026-06-24,468.50,1,21,false,6
HG_015,JS,RO,ADL-1,2026-06-25,438.43,1,21,false,6
HG_015,JS,RO,ADL-1,2026-06-26,429.49,1,21,false,6
HG_015,JS,RO,ADL-1,2026-06-27,472.07,1,21,false,6
HG_015,JS,RO,ADL-1,2026-06-28,444.69,1,21,false,6
HG_015,JS,RO,ADL-1,2026-06-29,436.23,1,21,false,6
HG_015,JS,BB,ADL-1,2026-05-01,445.25,3,21,true,0
HG_015,JS,BB,ADL-1,2026-05-02,458.73,3,21,true,0
HG_015,JS,BB,ADL-1,2026-05-03,455.84,3,21,true,0
HG_015,JS,BB,ADL-1,2026-05-04,441.95,3,21,false,6
HG_015,JS,BB,ADL-1,2026-05-05,438.09,3,21,false,6
HG_015,JS,BB,ADL-1,2026-05-06,435.33,3,21,false,6
HG_015,JS,BB,ADL-1,2026-05-07,435.70,3,21,false,6
HG_015,JS,BB,ADL-1,2026-05-08,437.29,3,21,false,6
HG_015,JS,BB,ADL-1,2026-05-09,483.27,3,21,false,6
HG_015,JS,BB,ADL-1,2026-05-10,445.84,3,21,false,6
HG_015,JS,BB,ADL-1,2026-05-11,420.89,3,21,false,6
HG_015,JS,BB,ADL-1,2026-05-12,441.65,3,21,false,6
HG_015,JS,BB,ADL-1,2026-05-13,438.36,3,21,false,6
HG_015,JS,BB,ADL-1,2026-05-14,430.10,3,21,false,6
HG_015,JS,BB,ADL-1,2026-05-15,436.03,3,21,false,6
HG_015,JS,BB,ADL-1,2026-05-16,482.47,1,21,false,6
HG_015,JS,BB,ADL-1,2026-05-17,455.96,1,21,false,6
HG_015,JS,BB,ADL-1,2026-05-18,426.87,1,21,false,6
HG_015,JS,BB,ADL-1,2026-05-19,451.41,1,21,false,6
HG_015,JS,BB,ADL-1,2026-05-20,446.08,1,21,false,6
HG_015,JS,BB,ADL-1,2026-05-21,453.58,1,21,true,0
HG_015,JS,BB,ADL-1,2026-05-22,430.06,1,21,true,0
HG_015,JS,BB,ADL-1,2026-05-23,479.31,1,21,true,0
HG_015,JS,BB,ADL-1,2026-05-24,490.41,1,21,false,6
HG_015,JS,BB,ADL-1,2026-05-25,452.17,1,21,false,6
HG_015,JS,BB,ADL-1,2026-05-26,449.10,1,21,false,6
HG_015,JS,BB,ADL-1,2026-05-27,416.08,1,21,false,6
HG_015,JS,BB,ADL-1,2026-05-28,428.03,1,21,false,6
HG_015,JS,BB,ADL-1,2026-05-29,442.06,1,21,false,6
HG_015,JS,BB,ADL-1,2026-05-30,480.81,1,21,false,6
HG_015,JS,BB,ADL-1,2026-05-31,498.90,3,21,false,6
HG_015,JS,BB,ADL-1,2026-06-01,437.66,3,21,false,6
HG_015,JS,BB,ADL-1,2026-06-02,439.45,3,21,false,6
HG_015,JS,BB,ADL-1,2026-06-03,456.24,3,21,false,6
HG_015,JS,BB,ADL-1,2026-06-04,453.27,3,21,false,6
HG_015,JS,BB,ADL-1,2026-06-05,451.19,3,21,false,6
HG_015,JS,BB,ADL-1,2026-06-06,473.29,3,21,false,6
HG_015,JS,BB,ADL-1,2026-06-07,496.06,3,21,false,6
HG_015,JS,BB,ADL-1,2026-06-08,472.16,3,21,false,6
HG_015,JS,BB,ADL-1,2026-06-09,442.35,3,21,false,6
HG_015,JS,BB,ADL-1,2026-06-10,475.01,3,21,true,0
HG_015,JS,BB,ADL-1,2026-06-11,454.59,3,21,true,0
HG_015,JS,BB,ADL-1,2026-06-12,476.45,3,21,true,0
HG_015,JS,BB,ADL-1,2026-06-13,459.81,3,21,false,6
HG_015,JS,BB,ADL-1,2026-06-14,502.92,3,21,false,6
HG_015,JS,BB,ADL-1,2026-06-15,488.37,1,21,false,6
HG_015,JS,BB,ADL-1,2026-06-16,469.95,1,21,false,6
HG_015,JS,BB,ADL-1,2026-06-17,466.17,1,21,false,6
HG_015,JS,BB,ADL-1,2026-06-18,448.26,1,21,false,6
HG_015,JS,BB,ADL-1,2026-06-19,474.89,1,21,false,6
HG_015,JS,BB,ADL-1,2026-06-20,502.50,1,21,false,6
HG_015,JS,BB,ADL-1,2026-06-21,512.00,1,21,false,6
HG_015,JS,BB,ADL-1,2026-06-22,449.55,1,21,false,6
HG_015,JS,BB,ADL-1,2026-06-23,440.42,1,21,false,6
HG_015,JS,BB,ADL-1,2026-06-24,471.88,1,21,false,6
HG_015,JS,BB,ADL-1,2026-06-25,451.35,1,21,false,6
HG_015,JS,BB,ADL-1,2026-06-26,460.72,1,21,false,6
HG_015,JS,BB,ADL-1,2026-06-27,476.28,1,21,false,6
HG_015,JS,BB,ADL-1,2026-06-28,513.84,1,21,false,6
HG_015,JS,BB,ADL-1,2026-06-29,447.12,1,21,false,6
HG_015,JS,HB,ADL-1,2026-05-01,451.27,3,21,true,0
HG_015,JS,HB,ADL-1,2026-05-02,487.80,3,21,true,0
HG_015,JS,HB,ADL-1,2026-05-03,484.91,3,21,true,0
HG_015,JS,HB,ADL-1,2026-05-04,440.08,3,21,false,6
HG_015,JS,HB,ADL-1,2026-05-05,454.76,3,21,false,6
HG_015,JS,HB,ADL-1,2026-05-06,434.64,3,21,false,6
HG_015,JS,HB,ADL-1,2026-05-07,460.54,3,21,false,6
HG_015,JS,HB,ADL-1,2026-05-08,435.11,3,21,false,6
HG_015,JS,HB,ADL-1,2026-05-09,495.10,3,21,false,6
HG_015,JS,HB,ADL-1,2026-05-10,446.59,3,21,false,6
HG_015,JS,HB,ADL-1,2026-05-11,474.27,3,21,false,6
HG_015,JS,HB,ADL-1,2026-05-12,454.96,3,21,false,6
HG_015,JS,HB,ADL-1,2026-05-13,461.94,3,21,false,6
HG_015,JS,HB,ADL-1,2026-05-14,454.85,3,21,false,6
HG_015,JS,HB,ADL-1,2026-05-15,467.54,3,21,false,6
HG_015,JS,HB,ADL-1,2026-05-16,466.07,1,21,false,6
HG_015,JS,HB,ADL-1,2026-05-17,484.89,1,21,false,6
HG_015,JS,HB,ADL-1,2026-05-18,445.09,1,21,false,6
HG_015,JS,HB,ADL-1,2026-05-19,445.07,1,21,false,6
HG_015,JS,HB,ADL-1,2026-05-20,481.00,1,21,false,6
HG_015,JS,HB,ADL-1,2026-05-21,464.81,1,21,true,0
HG_015,JS,HB,ADL-1,2026-05-22,467.83,1,21,true,0
HG_015,JS,HB,ADL-1,2026-05-23,472.34,1,21,true,0
HG_015,JS,HB,ADL-1,2026-05-24,506.22,1,21,false,6
HG_015,JS,HB,ADL-1,2026-05-25,437.93,1,21,false,6
HG_015,JS,HB,ADL-1,2026-05-26,450.58,1,21,false,6
HG_015,JS,HB,ADL-1,2026-05-27,459.07,1,21,false,6
HG_015,JS,HB,ADL-1,2026-05-28,458.22,1,21,false,6
HG_015,JS,HB,ADL-1,2026-05-29,463.74,1,21,false,6
HG_015,JS,HB,ADL-1,2026-05-30,481.98,1,21,false,6
HG_015,JS,HB,ADL-1,2026-05-31,483.68,3,21,false,6
HG_015,JS,HB,ADL-1,2026-06-01,479.25,3,21,false,6
HG_015,JS,HB,ADL-1,2026-06-02,445.92,3,21,false,6
HG_015,JS,HB,ADL-1,2026-06-03,485.34,3,21,false,6
HG_015,JS,HB,ADL-1,2026-06-04,469.62,3,21,false,6
HG_015,JS,HB,ADL-1,2026-06-05,498.64,3,21,false,6
HG_015,JS,HB,ADL-1,2026-06-06,512.35,3,21,false,6
HG_015,JS,HB,ADL-1,2026-06-07,475.19,3,21,false,6
HG_015,JS,HB,ADL-1,2026-06-08,474.77,3,21,false,6
HG_015,JS,HB,ADL-1,2026-06-09,455.11,3,21,false,6
HG_015,JS,HB,ADL-1,2026-06-10,485.73,3,21,true,0
HG_015,JS,HB,ADL-1,2026-06-11,447.41,3,21,true,0
HG_015,JS,HB,ADL-1,2026-06-12,488.45,3,21,true,0
HG_015,JS,HB,ADL-1,2026-06-13,460.57,3,21,false,6
HG_015,JS,HB,ADL-1,2026-06-14,511.31,3,21,false,6
HG_015,JS,HB,ADL-1,2026-06-15,496.17,1,21,false,6
HG_015,JS,HB,ADL-1,2026-06-16,463.27,1,21,false,6
HG_015,JS,HB,ADL-1,2026-06-17,477.78,1,21,false,6
HG_015,JS,HB,ADL-1,2026-06-18,485.82,1,21,false,6
HG_015,JS,HB,ADL-1,2026-06-19,462.41,1,21,false,6
HG_015,JS,HB,ADL-1,2026-06-20,518.23,1,21,false,6
HG_015,JS,HB,ADL-1,2026-06-21,503.36,1,21,false,6
HG_015,JS,HB,ADL-1,2026-06-22,475.05,1,21,false,6
HG_015,JS,HB,ADL-1,2026-06-23,483.46,1,21,false,6
HG_015,JS,HB,ADL-1,2026-06-24,504.30,1,21,false,6
HG_015,JS,HB,ADL-1,2026-06-25,456.34,1,21,false,6
HG_015,JS,HB,ADL-1,2026-06-26,478.19,1,21,false,6
HG_015,JS,HB,ADL-1,2026-06-27,501.05,1,21,false,6
HG_015,JS,HB,ADL-1,2026-06-28,529.53,1,21,false,6
HG_015,JS,HB,ADL-1,2026-06-29,503.07,1,21,false,6
HG_016,DBL,RO,ADL-1,2026-05-01,367.75,1,21,false,2
HG_016,DBL,RO,ADL-1,2026-05-02,348.71,1,21,false,2
HG_016,DBL,RO,ADL-1,2026-05-03,359.41,1,21,false,2
HG_016,DBL,RO,ADL-1,2026-05-04,332.83,1,21,false,2
HG_016,DBL,RO,ADL-1,2026-05-05,353.08,1,21,false,2
HG_016,DBL,RO,ADL-1,2026-05-06,344.23,1,21,false,2
HG_016,DBL,RO,ADL-1,2026-05-07,325.25,1,21,false,2
HG_016,DBL,RO,ADL-1,2026-05-08,340.03,1,21,false,2
HG_016,DBL,RO,ADL-1,2026-05-09,390.98,1,21,false,2
HG_016,DBL,RO,ADL-1,2026-05-10,383.62,1,21,false,2
HG_016,DBL,RO,ADL-1,2026-05-11,342.19,1,21,false,2
HG_016,DBL,RO,ADL-1,2026-05-12,348.67,1,21,false,2
HG_016,DBL,RO,ADL-1,2026-05-13,338.14,1,21,false,2
HG_016,DBL,RO,ADL-1,2026-05-14,349.82,1,21,false,2
HG_016,DBL,RO,ADL-1,2026-05-15,355.07,1,21,false,2
HG_016,DBL,RO,ADL-1,2026-05-16,395.63,1,21,false,2
HG_016,DBL,RO,ADL-1,2026-05-17,363.29,1,21,false,2
HG_016,DBL,RO,ADL-1,2026-05-18,360.90,1,21,false,2
HG_016,DBL,RO,ADL-1,2026-05-19,361.68,1,21,false,2
HG_016,DBL,RO,ADL-1,2026-05-20,355.39,1,21,false,2
HG_016,DBL,RO,ADL-1,2026-05-21,347.06,1,21,false,2
HG_016,DBL,RO,ADL-1,2026-05-22,361.96,1,21,false,2
HG_016,DBL,RO,ADL-1,2026-05-23,405.11,1,21,false,2
HG_016,DBL,RO,ADL-1,2026-05-24,407.63,1,21,false,2
HG_016,DBL,RO,ADL-1,2026-05-25,341.12,1,21,false,2
HG_016,DBL,RO,ADL-1,2026-05-26,375.13,1,21,false,2
HG_016,DBL,RO,ADL-1,2026-05-27,374.01,1,21,false,2
HG_016,DBL,RO,ADL-1,2026-05-28,364.94,1,21,false,2
HG_016,DBL,RO,ADL-1,2026-05-29,344.19,1,21,false,2
HG_016,DBL,RO,ADL-1,2026-05-30,389.33,1,21,false,2
HG_016,DBL,RO,ADL-1,2026-05-31,370.60,1,21,false,2
HG_016,DBL,RO,ADL-1,2026-06-01,362.50,1,21,false,2
HG_016,DBL,RO,ADL-1,2026-06-02,364.24,1,21,false,2
HG_016,DBL,RO,ADL-1,2026-06-03,391.94,1,21,false,2
HG_016,DBL,RO,ADL-1,2026-06-04,374.90,1,21,false,2
HG_016,DBL,RO,ADL-1,2026-06-05,356.14,1,21,false,2
HG_016,DBL,RO,ADL-1,2026-06-06,414.22,1,21,false,2
HG_016,DBL,RO,ADL-1,2026-06-07,406.73,1,21,false,2
HG_016,DBL,RO,ADL-1,2026-06-08,354.43,1,21,false,2
HG_016,DBL,RO,ADL-1,2026-06-09,396.77,1,21,false,2
HG_016,DBL,RO,ADL-1,2026-06-10,346.94,1,21,false,2
HG_016,DBL,RO,ADL-1,2026-06-11,343.25,1,21,false,2
HG_016,DBL,RO,ADL-1,2026-06-12,391.80,1,21,false,2
HG_016,DBL,RO,ADL-1,2026-06-13,398.60,1,21,false,2
HG_016,DBL,RO,ADL-1,2026-06-14,393.23,1,21,false,2
HG_016,DBL,RO,ADL-1,2026-06-15,386.52,1,21,false,2
HG_016,DBL,RO,ADL-1,2026-06-16,353.87,1,21,false,2
HG_016,DBL,RO,ADL-1,2026-06-17,367.40,1,21,false,2
HG_016,DBL,RO,ADL-1,2026-06-18,401.53,1,21,false,2
HG_016,DBL,RO,ADL-1,2026-06-19,398.88,1,21,false,2
HG_016,DBL,RO,ADL-1,2026-06-20,397.71,1,21,false,2
HG_016,DBL,RO,ADL-1,2026-06-21,394.07,1,21,false,2
HG_016,DBL,RO,ADL-1,2026-06-22,406.47,1,21,false,2
HG_016,DBL,RO,ADL-1,2026-06-23,393.63,1,21,false,2
HG_016,DBL,RO,ADL-1,2026-06-24,401.63,1,21,false,2
HG_016,DBL,RO,ADL-1,2026-06-25,365.64,1,21,false,2
HG_016,DBL,RO,ADL-1,2026-06-26,382.24,1,21,false,2
HG_016,DBL,RO,ADL-1,2026-06-27,416.80,1,21,false,2
HG_016,DBL,RO,ADL-1,2026-06-28,372.94,1,21,false,2
HG_016,DBL,RO,ADL-1,2026-06-29,366.83,1,21,false,2
HG_016,DBL,RO,ADL-2,2026-05-01,335.57,1,21,false,2
HG_016,DBL,RO,ADL-2,2026-05-02,361.69,1,21,false,2
HG_016,DBL,RO,ADL-2,2026-05-03,343.56,1,21,false,2
HG_016,DBL,RO,ADL-2,2026-05-04,373.80,1,21,false,2
HG_016,DBL,RO,ADL-2,2026-05-05,336.87,1,21,false,2
HG_016,DBL,RO,ADL-2,2026-05-06,339.52,1,21,false,2
HG_016,DBL,RO,ADL-2,2026-05-07,364.90,1,21,false,2
HG_016,DBL,RO,ADL-2,2026-05-08,326.51,1,21,false,2
HG_016,DBL,RO,ADL-2,2026-05-09,385.94,1,21,false,2
HG_016,DBL,RO,ADL-2,2026-05-10,395.28,1,21,false,2
HG_016,DBL,RO,ADL-2,2026-05-11,348.48,1,21,false,2
HG_016,DBL,RO,ADL-2,2026-05-12,367.29,1,21,false,2
HG_016,DBL,RO,ADL-2,2026-05-13,347.56,1,21,false,2
HG_016,DBL,RO,ADL-2,2026-05-14,349.16,1,21,false,2
HG_016,DBL,RO,ADL-2,2026-05-15,331.87,1,21,false,2
HG_016,DBL,RO,ADL-2,2026-05-16,359.55,1,21,false,2
HG_016,DBL,RO,ADL-2,2026-05-17,361.70,1,21,false,2
HG_016,DBL,RO,ADL-2,2026-05-18,374.21,1,21,false,2
HG_016,DBL,RO,ADL-2,2026-05-19,363.53,1,21,false,2
HG_016,DBL,RO,ADL-2,2026-05-20,367.37,1,21,false,2
HG_016,DBL,RO,ADL-2,2026-05-21,367.72,1,21,false,2
HG_016,DBL,RO,ADL-2,2026-05-22,357.27,1,21,false,2
HG_016,DBL,RO,ADL-2,2026-05-23,368.75,1,21,false,2
HG_016,DBL,RO,ADL-2,2026-05-24,352.49,1,21,false,2
HG_016,DBL,RO,ADL-2,2026-05-25,362.78,1,21,false,2
HG_016,DBL,RO,ADL-2,2026-05-26,342.75,1,21,false,2
HG_016,DBL,RO,ADL-2,2026-05-27,344.09,1,21,false,2
HG_016,DBL,RO,ADL-2,2026-05-28,365.38,1,21,false,2
HG_016,DBL,RO,ADL-2,2026-05-29,341.35,1,21,false,2
HG_016,DBL,RO,ADL-2,2026-05-30,402.50,1,21,false,2
HG_016,DBL,RO,ADL-2,2026-05-31,405.19,1,21,false,2
HG_016,DBL,RO,ADL-2,2026-06-01,367.07,1,21,false,2
HG_016,DBL,RO,ADL-2,2026-06-02,358.63,1,21,false,2
HG_016,DBL,RO,ADL-2,2026-06-03,365.10,1,21,false,2
HG_016,DBL,RO,ADL-2,2026-06-04,381.33,1,21,false,2
HG_016,DBL,RO,ADL-2,2026-06-05,358.20,1,21,false,2
HG_016,DBL,RO,ADL-2,2026-06-06,367.79,1,21,false,2
HG_016,DBL,RO,ADL-2,2026-06-07,381.58,1,21,false,2
HG_016,DBL,RO,ADL-2,2026-06-08,389.00,1,21,false,2
HG_016,DBL,RO,ADL-2,2026-06-09,345.16,1,21,false,2
HG_016,DBL,RO,ADL-2,2026-06-10,379.06,1,21,false,2
HG_016,DBL,RO,ADL-2,2026-06-11,362.94,1,21,false,2
HG_016,DBL,RO,ADL-2,2026-06-12,350.03,1,21,false,2
HG_016,DBL,RO,ADL-2,2026-06-13,387.91,1,21,false,2
HG_016,DBL,RO,ADL-2,2026-06-14,418.44,1,21,false,2
HG_016,DBL,RO,ADL-2,2026-06-15,384.12,1,21,false,2
HG_016,DBL,RO,ADL-2,2026-06-16,404.39,1,21,false,2
HG_016,DBL,RO,ADL-2,2026-06-17,386.44,1,21,false,2
HG_016,DBL,RO,ADL-2,2026-06-18,371.64,1,21,false,2
HG_016,DBL,RO,ADL-2,2026-06-19,366.84,1,21,false,2
HG_016,DBL,RO,ADL-2,2026-06-20,399.02,1,21,false,2
HG_016,DBL,RO,ADL-2,2026-06-21,400.62,1,21,false,2
HG_016,DBL,RO,ADL-2,2026-06-22,377.37,1,21,false,2
HG_016,DBL,RO,ADL-2,2026-06-23,368.10,1,21,false,2
HG_016,DBL,RO,ADL-2,2026-06-24,355.82,1,21,false,2
HG_016,DBL,RO,ADL-2,2026-06-25,367.03,1,21,false,2
HG_016,DBL,RO,ADL-2,2026-06-26,353.63,1,21,false,2
HG_016,DBL,RO,ADL-2,2026-06-27,387.60,1,21,false,2
HG_016,DBL,RO,ADL-2,2026-06-28,385.41,1,21,false,2
HG_016,DBL,RO,ADL-2,2026-06-29,385.63,1,21,false,2
HG_016,DBL,BB,ADL-1,2026-05-01,338.64,1,21,false,2
HG_016,DBL,BB,ADL-1,2026-05-02,372.60,1,21,false,2
HG_016,DBL,BB,ADL-1,2026-05-03,391.68,1,21,false,2
HG_016,DBL,BB,ADL-1,2026-05-04,372.74,1,21,false,2
HG_016,DBL,BB,ADL-1,2026-05-05,389.22,1,21,false,2
HG_016,DBL,BB,ADL-1,2026-05-06,362.01,1,21,false,2
HG_016,DBL,BB,ADL-1,2026-05-07,345.10,1,21,false,2
HG_016,DBL,BB,ADL-1,2026-05-08,380.57,1,21,false,2
HG_016,DBL,BB,ADL-1,2026-05-09,372.27,1,21,false,2
HG_016,DBL,BB,ADL-1,2026-05-10,393.27,1,21,false,2
HG_016,DBL,BB,ADL-1,2026-05-11,363.75,1,21,false,2
HG_016,DBL,BB,ADL-1,2026-05-12,351.78,1,21,false,2
HG_016,DBL,BB,ADL-1,2026-05-13,381.69,1,21,false,2
HG_016,DBL,BB,ADL-1,2026-05-14,359.87,1,21,false,2
HG_016,DBL,BB,ADL-1,2026-05-15,359.33,1,21,false,2
HG_016,DBL,BB,ADL-1,2026-05-16,396.94,1,21,false,2
HG_016,DBL,BB,ADL-1,2026-05-17,422.43,1,21,false,2
HG_016,DBL,BB,ADL-1,2026-05-18,370.71,1,21,false,2
HG_016,DBL,BB,ADL-1,2026-05-19,385.59,1,21,false,2
HG_016,DBL,BB,ADL-1,2026-05-20,397.05,1,21,false,2
HG_016,DBL,BB,ADL-1,2026-05-21,395.13,1,21,false,2
HG_016,DBL,BB,ADL-1,2026-05-22,371.39,1,21,false,2
HG_016,DBL,BB,ADL-1,2026-05-23,394.17,1,21,false,2
HG_016,DBL,BB,ADL-1,2026-05-24,390.01,1,21,false,2
HG_016,DBL,BB,ADL-1,2026-05-25,369.17,1,21,false,2
HG_016,DBL,BB,ADL-1,2026-05-26,372.28,1,21,false,2
HG_016,DBL,BB,ADL-1,2026-05-27,395.89,1,21,false,2
HG_016,DBL,BB,ADL-1,2026-05-28,373.86,1,21,false,2
HG_016,DBL,BB,ADL-1,2026-05-29,393.48,1,21,false,2
HG_016,DBL,BB,ADL-1,2026-05-30,396.15,1,21,false,2
HG_016,DBL,BB,ADL-1,2026-05-31,427.16,1,21,false,2
HG_016,DBL,BB,ADL-1,2026-06-01,390.80,1,21,false,2
HG_016,DBL,BB,ADL-1,2026-06-02,373.18,1,21,false,2
HG_016,DBL,BB,ADL-1,2026-06-03,372.30,1,21,false,2
HG_016,DBL,BB,ADL-1,2026-06-04,382.90,1,21,false,2
HG_016,DBL,BB,ADL-1,2026-06-05,357.12,1,21,false,2
HG_016,DBL,BB,ADL-1,2026-06-06,396.08,1,21,false,2
HG_016,DBL,BB,ADL-1,2026-06-07,398.94,1,21,false,2
HG_016,DBL,BB,ADL-1,2026-06-08,389.71,1,21,false,2
HG_016,DBL,BB,ADL-1,2026-06-09,396.34,1,21,false,2
HG_016,DBL,BB,ADL-1,2026-06-10,413.12,1,21,false,2
HG_016,DBL,BB,ADL-1,2026-06-11,413.42,1,21,false,2
HG_016,DBL,BB,ADL-1,2026-06-12,404.07,1,21,false,2
HG_016,DBL,BB,ADL-1,2026-06-13,403.53,1,21,false,2
HG_016,DBL,BB,ADL-1,2026-06-14,375.70,1,21,false,2
HG_016,DBL,BB,ADL-1,2026-06-15,398.41,1,21,false,2
HG_016,DBL,BB,ADL-1,2026-06-16,382.18,1,21,false,2
HG_016,DBL,BB,ADL-1,2026-06-17,376.00,1,21,false,2
HG_016,DBL,BB,ADL-1,2026-06-18,400.44,1,21,false,2
HG_016,DBL,BB,ADL-1,2026-06-19,411.06,1,21,false,2
HG_016,DBL,BB,ADL-1,2026-06-20,420.92,1,21,false,2
HG_016,DBL,BB,ADL-1,2026-06-21,407.13,1,21,false,2
HG_016,DBL,BB,ADL-1,2026-06-22,383.09,1,21,false,2
HG_016,DBL,BB,ADL-1,2026-06-23,396.76,1,21,false,2
HG_016,DBL,BB,ADL-1,2026-06-24,411.07,1,21,false,2
HG_016,DBL,BB,ADL-1,2026-06-25,415.56,1,21,false,2
HG_016,DBL,BB,ADL-1,2026-06-26,383.87,1,21,false,2
HG_016,DBL,BB,ADL-1,2026-06-27,426.59,1,21,false,2
HG_016,DBL,BB,ADL-1,2026-06-28,384.46,1,21,false,2
HG_016,DBL,BB,ADL-1,2026-06-29,412.58,1,21,false,2
HG_016,DBL,BB,ADL-2,2026-05-01,388.24,1,21,false,2
HG_016,DBL,BB,ADL-2,2026-05-02,366.75,1,21,false,2
HG_016,DBL,BB,ADL-2,2026-05-03,387.12,1,21,false,2
HG_016,DBL,BB,ADL-2,2026-05-04,364.46,1,21,false,2
HG_016,DBL,BB,ADL-2,2026-05-05,387.27,1,21,false,2
HG_016,DBL,BB,ADL-2,2026-05-06,344.49,1,21,false,2
HG_016,DBL,BB,ADL-2,2026-05-07,357.91,1,21,false,2
HG_016,DBL,BB,ADL-2,2026-05-08,367.24,1,21,false,2
HG_016,DBL,BB,ADL-2,2026-05-09,410.75,1,21,false,2
HG_016,DBL,BB,ADL-2,2026-05-10,401.62,1,21,false,2
HG_016,DBL,BB,ADL-2,2026-05-11,391.82,1,21,false,2
HG_016,DBL,BB,ADL-2,2026-05-12,358.74,1,21,false,2
HG_016,DBL,BB,ADL-2,2026-05-13,365.76,1,21,false,2
HG_016,DBL,BB,ADL-2,2026-05-14,365.34,1,21,false,2
HG_016,DBL,BB,ADL-2,2026-05-15,386.83,1,21,false,2
HG_016,DBL,BB,ADL-2,2026-05-16,406.86,1,21,false,2
HG_016,DBL,BB,ADL-2,2026-05-17,378.23,1,21,false,2
HG_016,DBL,BB,ADL-2,2026-05-18,376.89,1,21,false,2
HG_016,DBL,BB,ADL-2,2026-05-19,359.35,1,21,false,2
HG_016,DBL,BB,ADL-2,2026-05-20,387.53,1,21,false,2
HG_016,DBL,BB,ADL-2,2026-05-21,372.64,1,21,false,2
HG_016,DBL,BB,ADL-2,2026-05-22,355.00,1,21,false,2
HG_016,DBL,BB,ADL-2,2026-05-23,399.01,1,21,false,2
HG_016,DBL,BB,ADL-2,2026-05-24,370.56,1,21,false,2
HG_016,DBL,BB,ADL-2,2026-05-25,384.34,1,21,false,2
HG_016,DBL,BB,ADL-2,2026-05-26,395.53,1,21,false,2
HG_016,DBL,BB,ADL-2,2026-05-27,363.26,1,21,false,2
HG_016,DBL,BB,ADL-2,2026-05-28,396.64,1,21,false,2
HG_016,DBL,BB,ADL-2,2026-05-29,357.48,1,21,false,2
HG_016,DBL,BB,ADL-2,2026-05-30,391.20,1,21,false,2
HG_016,DBL,BB,ADL-2,2026-05-31,380.83,1,21,false,2
HG_016,DBL,BB,ADL-2,2026-06-01,382.55,1,21,false,2
HG_016,DBL,BB,ADL-2,2026-06-02,378.57,1,21,false,2
HG_016,DBL,BB,ADL-2,2026-06-03,398.78,1,21,false,2
HG_016,DBL,BB,ADL-2,2026-06-04,398.50,1,21,false,2
HG_016,DBL,BB,ADL-2,2026-06-05,400.37,1,21,false,2
HG_016,DBL,BB,ADL-2,2026-06-06,406.47,1,21,false,2
HG_016,DBL,BB,ADL-2,2026-06-07,388.60,1,21,false,2
HG_016,DBL,BB,ADL-2,2026-06-08,385.29,1,21,false,2
HG_016,DBL,BB,ADL-2,2026-06-09,398.54,1,21,false,2
HG_016,DBL,BB,ADL-2,2026-06-10,362.68,1,21,false,2
HG_016,DBL,BB,ADL-2,2026-06-11,385.57,1,21,false,2
HG_016,DBL,BB,ADL-2,2026-06-12,392.77,1,21,false,2
HG_016,DBL,BB,ADL-2,2026-06-13,391.36,1,21,false,2
HG_016,DBL,BB,ADL-2,2026-06-14,380.26,1,21,false,2
HG_016,DBL,BB,ADL-2,2026-06-15,396.23,1,21,false,2
HG_016,DBL,BB,ADL-2,2026-06-16,417.62,1,21,false,2
HG_016,DBL,BB,ADL-2,2026-06-17,398.62,1,21,false,2
HG_016,DBL,BB,ADL-2,2026-06-18,373.76,1,21,false,2
HG_016,DBL,BB,ADL-2,2026-06-19,401.98,1,21,false,2
HG_016,DBL,BB,ADL-2,2026-06-20,414.65,1,21,false,2
HG_016,DBL,BB,ADL-2,2026-06-21,435.08,1,21,false,2
HG_016,DBL,BB,ADL-2,2026-06-22,374.01,1,21,false,2
HG_016,DBL,BB,ADL-2,2026-06-23,372.99,1,21,false,2
HG_016,DBL,BB,ADL-2,2026-06-24,419.85,1,21,false,2
HG_016,DBL,BB,ADL-2,2026-06-25,395.41,1,21,false,2
HG_016,DBL,BB,ADL-2,2026-06-26,391.88,1,21,false,2
HG_016,DBL,BB,ADL-2,2026-06-27,437.16,1,21,false,2
HG_016,DBL,BB,ADL-2,2026-06-28,429.25,1,21,false,2
HG_016,DBL,BB,ADL-2,2026-06-29,373.88,1,21,false,2
HG_016,DBL,HB,ADL-1,2026-05-01,404.15,1,21,false,2
HG_016,DBL,HB,ADL-1,2026-05-02,429.11,1,21,false,2
HG_016,DBL,HB,ADL-1,2026-05-03,386.06,1,21,false,2
HG_016,DBL,HB,ADL-1,2026-05-04,353.95,1,21,false,2
HG_016,DBL,HB,ADL-1,2026-05-05,398.95,1,21,false,2
HG_016,DBL,HB,ADL-1,2026-05-06,362.73,1,21,false,2
HG_016,DBL,HB,ADL-1,2026-05-07,356.15,1,21,false,2
HG_016,DBL,HB,ADL-1,2026-05-08,370.82,1,21,false,2
HG_016,DBL,HB,ADL-1,2026-05-09,402.42,1,21,false,2
HG_016,DBL,HB,ADL-1,2026-05-10,398.03,1,21,false,2
HG_016,DBL,HB,ADL-1,2026-05-11,396.94,1,21,false,2
HG_016,DBL,HB,ADL-1,2026-05-12,373.55,1,21,false,2
HG_016,DBL,HB,ADL-1,2026-05-13,361.15,1,21,false,2
HG_016,DBL,HB,ADL-1,2026-05-14,380.69,1,21,false,2
HG_016,DBL,HB,ADL-1,2026-05-15,366.43,1,21,false,2
HG_016,DBL,HB,ADL-1,2026-05-16,433.92,1,21,false,2
HG_016,DBL,HB,ADL-1,2026-05-17,389.91,1,21,false,2
HG_016,DBL,HB,ADL-1,2026-05-18,387.96,1,21,false,2
HG_016,DBL,HB,ADL-1,2026-05-19,402.70,1,21,false,2
HG_016,DBL,HB,ADL-1,2026-05-20,390.16,1,21,false,2
HG_016,DBL,HB,ADL-1,2026-05-21,376.27,1,21,false,2
HG_016,DBL,HB,ADL-1,2026-05-22,419.00,1,21,false,2
HG_016,DBL,HB,ADL-1,2026-05-23,406.43,1,21,false,2
HG_016,DBL,HB,ADL-1,2026-05-24,394.15,1,21,false,2
HG_016,DBL,HB,ADL-1,2026-05-25,365.00,1,21,false,2
HG_016,DBL,HB,ADL-1,2026-05-26,402.60,1,21,false,2
HG_016,DBL,HB,ADL-1,2026-05-27,412.54,1,21,false,2
HG_016,DBL,HB,ADL-1,2026-05-28,376.43,1,21,false,2
HG_016,DBL,HB,ADL-1,2026-05-29,414.09,1,21,false,2
HG_016,DBL,HB,ADL-1,2026-05-30,396.19,1,21,false,2
HG_016,DBL,HB,ADL-1,2026-05-31,408.89,1,21,false,2
HG_016,DBL,HB,ADL-1,2026-06-01,412.98,1,21,false,2
HG_016,DBL,HB,ADL-1,2026-06-02,420.95,1,21,false,2
HG_016,DBL,HB,ADL-1,2026-06-03,411.18,1,21,false,2
HG_016,DBL,HB,ADL-1,2026-06-04,385.14,1,21,false,2
HG_016,DBL,HB,ADL-1,2026-06-05,412.28,1,21,false,2
HG_016,DBL,HB,ADL-1,2026-06-06,403.67,1,21,false,2
HG_016,DBL,HB,ADL-1,2026-06-07,396.90,1,21,false,2
HG_016,DBL,HB,ADL-1,2026-06-08,383.70,1,21,false,2
HG_016,DBL,HB,ADL-1,2026-06-09,394.43,1,21,false,2
HG_016,DBL,HB,ADL-1,2026-06-10,379.30,1,21,false,2
HG_016,DBL,HB,ADL-1,2026-06-11,425.10,1,21,false,2
HG_016,DBL,HB,ADL-1,2026-06-12,387.63,1,21,false,2
HG_016,DBL,HB,ADL-1,2026-06-13,408.37,1,21,false,2
HG_016,DBL,HB,ADL-1,2026-06-14,401.97,1,21,false,2
HG_016,DBL,HB,ADL-1,2026-06-15,419.51,1,21,false,2
HG_016,DBL,HB,ADL-1,2026-06-16,390.55,1,21,false,2
HG_016,DBL,HB,ADL-1,2026-06-17,396.23,1,21,false,2
HG_016,DBL,HB,ADL-1,2026-06-18,415.23,1,21,false,2
HG_016,DBL,HB,ADL-1,2026-06-19,402.02,1,21,false,2
HG_016,DBL,HB,ADL-1,2026-06-20,452.21,1,21,false,2
HG_016,DBL,HB,ADL-1,2026-06-21,447.57,1,21,false,2
HG_016,DBL,HB,ADL-1,2026-06-22,395.75,1,21,false,2
HG_016,DBL,HB,ADL-1,2026-06-23,394.74,1,21,false,2
HG_016,DBL,HB,ADL-1,2026-06-24,398.27,1,21,false,2
HG_016,DBL,HB,ADL-1,2026-06-25,392.91,1,21,false,2
HG_016,DBL,HB,ADL-1,2026-06-26,417.54,1,21,false,2
HG_016,DBL,HB,ADL-1,2026-06-27,460.69,1,21,false,2
HG_016,DBL,HB,ADL-1,2026-06-28,460.23,1,21,false,2
HG_016,DBL,HB,ADL-1,2026-06-29,380.37,1,21,false,2
HG_016,DBL,HB,ADL-2,2026-05-01,386.31,1,21,false,2
HG_016,DBL,HB,ADL-2,2026-05-02,375.89,1,21,false,2
HG_016,DBL,HB,ADL-2,2026-05-03,418.41,1,21,false,2
HG_016,DBL,HB,ADL-2,2026-05-04,356.64,1,21,false,2
HG_016,DBL,HB,ADL-2,2026-05-05,381.13,1,21,false,2
HG_016,DBL,HB,ADL-2,2026-05-06,386.70,1,21,false,2
HG_016,DBL,HB,ADL-2,2026-05-07,379.28,1,21,false,2
HG_016,DBL,HB,ADL-2,2026-05-08,385.63,1,21,false,2
HG_016,DBL,HB,ADL-2,2026-05-09,400.22,1,21,false,2
HG_016,DBL,HB,ADL-2,2026-05-10,418.44,1,21,false,2
HG_016,DBL,HB,ADL-2,2026-05-11,357.78,1,21,false,2
HG_016,DBL,HB,ADL-2,2026-05-12,382.52,1,21,false,2
HG_016,DBL,HB,ADL-2,2026-05-13,387.35,1,21,false,2
HG_016,DBL,HB,ADL-2,2026-05-14,396.12,1,21,false,2
HG_016,DBL,HB,ADL-2,2026-05-15,352.37,1,21,false,2
HG_016,DBL,HB,ADL-2,2026-05-16,408.39,1,21,false,2
HG_016,DBL,HB,ADL-2,2026-05-17,392.00,1,21,false,2
HG_016,DBL,HB,ADL-2,2026-05-18,416.28,1,21,false,2
HG_016,DBL,HB,ADL-2,2026-05-19,373.19,1,21,false,2
HG_016,DBL,HB,ADL-2,2026-05-20,362.23,1,21,false,2
HG_016,DBL,HB,ADL-2,2026-05-21,394.33,1,21,false,2
HG_016,DBL,HB,ADL-2,2026-05-22,371.83,1,21,false,2
HG_016,DBL,HB,ADL-2,2026-05-23,418.77,1,21,false,2
HG_016,DBL,HB,ADL-2,2026-05-24,409.94,1,21,false,2
HG_016,DBL,HB,ADL-2,2026-05-25,407.83,1,21,false,2
HG_016,DBL,HB,ADL-2,2026-05-26,412.13,1,21,false,2
HG_016,DBL,HB,ADL-2,2026-05-27,376.62,1,21,false,2
HG_016,DBL,HB,ADL-2,2026-05-28,392.07,1,21,false,2
HG_016,DBL,HB,ADL-2,2026-05-29,378.96,1,21,false,2
HG_016,DBL,HB,ADL-2,2026-05-30,420.11,1,21,false,2
HG_016,DBL,HB,ADL-2,2026-05-31,390.07,1,21,false,2
HG_016,DBL,HB,ADL-2,2026-06-01,413.54,1,21,false,2
HG_016,DBL,HB,ADL-2,2026-06-02,391.59,1,21,false,2
HG_016,DBL,HB,ADL-2,2026-06-03,374.85,1,21,false,2
HG_016,DBL,HB,ADL-2,2026-06-04,397.78,1,21,false,2
HG_016,DBL,HB,ADL-2,2026-06-05,415.97,1,21,false,2
HG_016,DBL,HB,ADL-2,2026-06-06,426.32,1,21,false,2
HG_016,DBL,HB,ADL-2,2026-06-07,426.91,1,21,false,2
HG_016,DBL,HB,ADL-2,2026-06-08,380.02,1,21,false,2
HG_016,DBL,HB,ADL-2,2026-06-09,418.30,1,21,false,2
HG_016,DBL,HB,ADL-2,2026-06-10,381.44,1,21,false,2
HG_016,DBL,HB,ADL-2,2026-06-11,386.98,1,21,false,2
HG_016,DBL,HB,ADL-2,2026-06-12,405.42,1,21,false,2
HG_016,DBL,HB,ADL-2,2026-06-13,428.06,1,21,false,2
HG_016,DBL,HB,ADL-2,2026-06-14,422.56,1,21,false,2
HG_016,DBL,HB,ADL-2,2026-06-15,407.48,1,21,false,2
HG_016,DBL,HB,ADL-2,2026-06-16,413.14,1,21,false,2
HG_016,DBL,HB,ADL-2,2026-06-17,383.05,1,21,false,2
HG_016,DBL,HB,ADL-2,2026-06-18,425.40,1,21,false,2
HG_016,DBL,HB,ADL-2,2026-06-19,405.99,1,21,false,2
HG_016,DBL,HB,ADL-2,2026-06-20,409.75,1,21,false,2
HG_016,DBL,HB,ADL-2,2026-06-21,446.77,1,21,false,2
HG_016,DBL,HB,ADL-2,2026-06-22,436.50,1,21,false,2
HG_016,DBL,HB,ADL-2,2026-06-23,439.99,1,21,false,2
HG_016,DBL,HB,ADL-2,2026-06-24,429.49,1,21,false,2
HG_016,DBL,HB,ADL-2,2026-06-25,379.50,1,21,false,2
HG_016,DBL,HB,ADL-2,2026-06-26,420.18,1,21,false,2
HG_016,DBL,HB,ADL-2,2026-06-27,443.88,1,21,false,2
HG_016,DBL,HB,ADL-2,2026-06-28,421.51,1,21,false,2
HG_016,DBL,HB,ADL-2,2026-06-29,396.69,1,21,false,2
HG_016,DBL,FB,ADL-1,2026-05-01,366.99,1,21,false,2
HG_016,DBL,FB,ADL-1,2026-05-02,394.19,1,21,false,2
HG_016,DBL,FB,ADL-1,2026-05-03,445.53,1,21,false,2
HG_016,DBL,FB,ADL-1,2026-05-04,420.30,1,21,false,2
HG_016,DBL,FB,ADL-1,2026-05-05,407.18,1,21,false,2
HG_016,DBL,FB,ADL-1,2026-05-06,422.13,1,21,false,2
HG_016,DBL,FB,ADL-1,2026-05-07,367.82,1,21,false,2
HG_016,DBL,FB,ADL-1,2026-05-08,381.94,1,21,false,2
HG_016,DBL,FB,ADL-1,2026-05-09,436.15,1,21,false,2
HG_016,DBL,FB,ADL-1,2026-05-10,391.54,1,21,false,2
HG_016,DBL,FB,ADL-1,2026-05-11,401.78,1,21,false,2
HG_016,DBL,FB,ADL-1,2026-05-12,367.60,1,21,false,2
HG_016,DBL,FB,ADL-1,2026-05-13,412.50,1,21,false,2
HG_016,DBL,FB,ADL-1,2026-05-14,407.11,1,21,false,2
HG_016,DBL,FB,ADL-1,2026-05-15,374.27,1,21,false,2
HG_016,DBL,FB,ADL-1,2026-05-16,447.84,1,21,false,2
HG_016,DBL,FB,ADL-1,2026-05-17,397.33,1,21,false,2
HG_016,DBL,FB,ADL-1,2026-05-18,411.31,1,21,false,2
HG_016,DBL,FB,ADL-1,2026-05-19,381.32,1,21,false,2
HG_016,DBL,FB,ADL-1,2026-05-20,387.90,1,21,false,2
HG_016,DBL,FB,ADL-1,2026-05-21,388.31,1,21,false,2
HG_016,DBL,FB,ADL-1,2026-05-22,428.77,1,21,false,2
HG_016,DBL,FB,ADL-1,2026-05-23,399.32,1,21,false,2
HG_016,DBL,FB,ADL-1,2026-05-24,447.42,1,21,false,2
HG_016,DBL,FB,ADL-1,2026-05-25,415.35,1,21,false,2
HG_016,DBL,FB,ADL-1,2026-05-26,394.79,1,21,false,2
HG_016,DBL,FB,ADL-1,2026-05-27,395.93,1,21,false,2
HG_016,DBL,FB,ADL-1,2026-05-28,423.72,1,21,false,2
HG_016,DBL,FB,ADL-1,2026-05-29,377.69,1,21,false,2
HG_016,DBL,FB,ADL-1,2026-05-30,453.20,1,21,false,2
HG_016,DBL,FB,ADL-1,2026-05-31,458.50,1,21,false,2
HG_016,DBL,FB,ADL-1,2026-06-01,418.53,1,21,false,2
HG_016,DBL,FB,ADL-1,2026-06-02,419.88,1,21,false,2
HG_016,DBL,FB,ADL-1,2026-06-03,432.20,1,21,false,2
HG_016,DBL,FB,ADL-1,2026-06-04,418.82,1,21,false,2
HG_016,DBL,FB,ADL-1,2026-06-05,444.69,1,21,false,2
HG_016,DBL,FB,ADL-1,2026-06-06,447.27,1,21,false,2
HG_016,DBL,FB,ADL-1,2026-06-07,409.80,1,21,false,2
HG_016,DBL,FB,ADL-1,2026-06-08,428.62,1,21,false,2
HG_016,DBL,FB,ADL-1,2026-06-09,399.96,1,21,false,2
HG_016,DBL,FB,ADL-1,2026-06-10,424.22,1,21,false,2
HG_016,DBL,FB,ADL-1,2026-06-11,434.44,1,21,false,2
HG_016,DBL,FB,ADL-1,2026-06-12,389.88,1,21,false,2
HG_016,DBL,FB,ADL-1,2026-06-13,446.74,1,21,false,2
HG_016,DBL,FB,ADL-1,2026-06-14,410.32,1,21,false,2
HG_016,DBL,FB,ADL-1,2026-06-15,393.31,1,21,false,2
HG_016,DBL,FB,ADL-1,2026-06-16,424.20,1,21,false,2
HG_016,DBL,FB,ADL-1,2026-06-17,424.68,1,21,false,2
HG_016,DBL,FB,ADL-1,2026-06-18,439.83,1,21,false,2
HG_016,DBL,FB,ADL-1,2026-06-19,431.87,1,21,false,2
HG_016,DBL,FB,ADL-1,2026-06-20,472.14,1,21,false,2
HG_016,DBL,FB,ADL-1,2026-06-21,475.16,1,21,false,2
HG_016,DBL,FB,ADL-1,2026-06-22,443.59,1,21,false,2
HG_016,DBL,FB,ADL-1,2026-06-23,445.11,1,21,false,2
HG_016,DBL,FB,ADL-1,2026-06-24,406.80,1,21,false,2
HG_016,DBL,FB,ADL-1,2026-06-25,421.99,1,21,false,2
HG_016,DBL,FB,ADL-1,2026-06-26,441.50,1,21,false,2
HG_016,DBL,FB,ADL-1,2026-06-27,439.57,1,21,false,2
HG_016,DBL,FB,ADL-1,2026-06-28,425.66,1,21,false,2
HG_016,DBL,FB,ADL-1,2026-06-29,440.12,1,21,false,2
HG_016,DBL,FB,ADL-2,2026-05-01,370.17,1,21,false,2
HG_016,DBL,FB,ADL-2,2026-05-02,445.01,1,21,false,2
HG_016,DBL,FB,ADL-2,2026-05-03,401.73,1,21,false,2
HG_016,DBL,FB,ADL-2,2026-05-04,391.20,1,21,false,2
HG_016,DBL,FB,ADL-2,2026-05-05,414.66,1,21,false,2
HG_016,DBL,FB,ADL-2,2026-05-06,376.30,1,21,false,2
HG_016,DBL,FB,ADL-2,2026-05-07,373.42,1,21,false,2
HG_016,DBL,FB,ADL-2,2026-05-08,413.87,1,21,false,2
HG_016,DBL,FB,ADL-2,2026-05-09,405.20,1,21,false,2
HG_016,DBL,FB,ADL-2,2026-05-10,428.03,1,21,false,2
HG_016,DBL,FB,ADL-2,2026-05-11,371.08,1,21,false,2
HG_016,DBL,FB,ADL-2,2026-05-12,386.91,1,21,false,2
HG_016,DBL,FB,ADL-2,2026-05-13,375.40,1,21,false,2
HG_016,DBL,FB,ADL-2,2026-05-14,398.71,1,21,false,2
HG_016,DBL,FB,ADL-2,2026-05-15,388.55,1,21,false,2
HG_016,DBL,FB,ADL-2,2026-05-16,407.12,1,21,false,2
HG_016,DBL,FB,ADL-2,2026-05-17,452.78,1,21,false,2
HG_016,DBL,FB,ADL-2,2026-05-18,392.62,1,21,false,2
HG_016,DBL,FB,ADL-2,2026-05-19,384.71,1,21,false,2
HG_016,DBL,FB,ADL-2,2026-05-20,432.87,1,21,false,2
HG_016,DBL,FB,ADL-2,2026-05-21,433.05,1,21,false,2
HG_016,DBL,FB,ADL-2,2026-05-22,423.15,1,21,false,2
HG_016,DBL,FB,ADL-2,2026-05-23,406.43,1,21,false,2
HG_016,DBL,FB,ADL-2,2026-05-24,453.78,1,21,false,2
HG_016,DBL,FB,ADL-2,2026-05-25,398.45,1,21,false,2
HG_016,DBL,FB,ADL-2,2026-05-26,384.67,1,21,false,2
HG_016,DBL,FB,ADL-2,2026-05-27,394.16,1,21,false,2
HG_016,DBL,FB,ADL-2,2026-05-28,403.91,1,21,false,2
HG_016,DBL,FB,ADL-2,2026-05-29,404.63,1,21,false,2
HG_016,DBL,FB,ADL-2,2026-05-30,427.68,1,21,false,2
HG_016,DBL,FB,ADL-2,2026-05-31,411.33,1,21,false,2
HG_016,DBL,FB,ADL-2,2026-06-01,393.02,1,21,false,2
HG_016,DBL,FB,ADL-2,2026-06-02,399.05,1,21,false,2
HG_016,DBL,FB,ADL-2,2026-06-03,385.98,1,21,false,2
HG_016,DBL,FB,ADL-2,2026-06-04,419.28,1,21,false,2
HG_016,DBL,FB,ADL-2,2026-06-05,403.21,1,21,false,2
HG_016,DBL,FB,ADL-2,2026-06-06,450.39,1,21,false,2
HG_016,DBL,FB,ADL-2,2026-06-07,430.51,1,21,false,2
HG_016,DBL,FB,ADL-2,2026-06-08,390.15,1,21,false,2
HG_016,DBL,FB,ADL-2,2026-06-09,394.63,1,21,false,2
HG_016,DBL,FB,ADL-2,2026-06-10,385.99,1,21,false,2
HG_016,DBL,FB,ADL-2,2026-06-11,407.61,1,21,false,2
HG_016,DBL,FB,ADL-2,2026-06-12,434.89,1,21,false,2
HG_016,DBL,FB,ADL-2,2026-06-13,415.83,1,21,false,2
HG_016,DBL,FB,ADL-2,2026-06-14,423.93,1,21,false,2
HG_016,DBL,FB,ADL-2,2026-06-15,404.11,1,21,false,2
HG_016,DBL,FB,ADL-2,2026-06-16,396.19,1,21,false,2
HG_016,DBL,FB,ADL-2,2026-06-17,413.60,1,21,false,2
HG_016,DBL,FB,ADL-2,2026-06-18,432.20,1,21,false,2
HG_016,DBL,FB,ADL-2,2026-06-19,425.24,1,21,false,2
HG_016,DBL,FB,ADL-2,2026-06-20,450.49,1,21,false,2
HG_016,DBL,FB,ADL-2,2026-06-21,470.98,1,21,false,2
HG_016,DBL,FB,ADL-2,2026-06-22,421.24,1,21,false,2
HG_016,DBL,FB,ADL-2,2026-06-23,437.92,1,21,false,2
HG_016,DBL,FB,ADL-2,2026-06-24,445.46,1,21,false,2
HG_016,DBL,FB,ADL-2,2026-06-25,423.06,1,21,false,2
HG_016,DBL,FB,ADL-2,2026-06-26,448.79,1,21,false,2
HG_016,DBL,FB,ADL-2,2026-06-27,445.62,1,21,false,2
HG_016,DBL,FB,ADL-2,2026-06-28,443.65,1,21,false,2
HG_016,DBL,FB,ADL-2,2026-06-29,415.97,1,21,false,2
HG_016,SGL,RO,ADL-1,2026-05-01,391.72,1,21,false,2
HG_016,SGL,RO,ADL-1,2026-05-02,420.79,1,21,false,2
HG_016,SGL,RO,ADL-1,2026-05-03,386.79,1,21,false,2
HG_016,SGL,RO,ADL-1,2026-05-04,389.51,1,21,false,2
HG_016,SGL,RO,ADL-1,2026-05-05,360.41,1,21,false,2
HG_016,SGL,RO,ADL-1,2026-05-06,405.51,1,21,false,2
HG_016,SGL,RO,ADL-1,2026-05-07,380.32,1,21,false,2
HG_016,SGL,RO,ADL-1,2026-05-08,364.89,1,21,false,2
HG_016,SGL,RO,ADL-1,2026-05-09,428.63,1,21,false,2
HG_016,SGL,RO,ADL-1,2026-05-10,398.40,1,21,false,2
HG_016,SGL,RO,ADL-1,2026-05-11,364.44,1,21,false,2
HG_016,SGL,RO,ADL-1,2026-05-12,388.43,1,21,false,2
HG_016,SGL,RO,ADL-1,2026-05-13,400.59,1,21,false,2
HG_016,SGL,RO,ADL-1,2026-05-14,403.20,1,21,false,2
HG_016,SGL,RO,ADL-1,2026-05-15,367.97,1,21,false,2
HG_016,SGL,RO,ADL-1,2026-05-16,381.98,1,21,false,2
HG_016,SGL,RO,ADL-1,2026-05-17,391.86,1,21,false,2
HG_016,SGL,RO,ADL-1,2026-05-18,407.72,1,21,false,2
HG_016,SGL,RO,ADL-1,2026-05-19,400.16,1,21,false,2
HG_016,SGL,RO,ADL-1,2026-05-20,399.70,1,21,false,2
HG_016,SGL,RO,ADL-1,2026-05-21,378.48,1,21,false,2
HG_016,SGL,RO,ADL-1,2026-05-22,405.88,1,21,false,2
HG_016,SGL,RO,ADL-1,2026-05-23,392.29,1,21,false,2
HG_016,SGL,RO,ADL-1,2026-05-24,414.73,1,21,false,2
HG_016,SGL,RO,ADL-1,2026-05-25,414.87,1,21,false,2
HG_016,SGL,RO,ADL-1,2026-05-26,417.77,1,21,false,2
HG_016,SGL,RO,ADL-1,2026-05-27,388.30,1,21,false,2
HG_016,SGL,RO,ADL-1,2026-05-28,388.40,1,21,false,2
HG_016,SGL,RO,ADL-1,2026-05-29,387.00,1,21,false,2
HG_016,SGL,RO,ADL-1,2026-05-30,422.85,1,21,false,2
HG_016,SGL,RO,ADL-1,2026-05-31,444.38,1,21,false,2
HG_016,SGL,RO,ADL-1,2026-06-01,388.75,1,21,false,2
HG_016,SGL,RO,ADL-1,2026-06-02,418.59,1,21,false,2
HG_016,SGL,RO,ADL-1,2026-06-03,392.21,1,21,false,2
HG_016,SGL,RO,ADL-1,2026-06-04,379.68,1,21,false,2
HG_016,SGL,RO,ADL-1,2026-06-05,416.19,1,21,false,2
HG_016,SGL,RO,ADL-1,2026-06-06,408.91,1,21,false,2
HG_016,SGL,RO,ADL-1,2026-06-07,423.97,1,21,false,2
HG_016,SGL,RO,ADL-1,2026-06-08,372.53,1,21,false,2
HG_016,SGL,RO,ADL-1,2026-06-09,401.42,1,21,false,2
HG_016,SGL,RO,ADL-1,2026-06-10,373.54,1,21,false,2
HG_016,SGL,RO,ADL-1,2026-06-11,403.17,1,21,false,2
HG_016,SGL,RO,ADL-1,2026-06-12,380.31,1,21,false,2
HG_016,SGL,RO,ADL-1,2026-06-13,407.84,1,21,false,2
HG_016,SGL,RO,ADL-1,2026-06-14,394.32,1,21,false,2
HG_016,SGL,RO,ADL-1,2026-06-15,387.04,1,21,false,2
HG_016,SGL,RO,ADL-1,2026-06-16,398.06,1,21,false,2
HG_016,SGL,RO,ADL-1,2026-06-17,410.90,1,21,false,2
HG_016,SGL,RO,ADL-1,2026-06-18,409.00,1,21,false,2
HG_016,SGL,RO,ADL-1,2026-06-19,438.15,1,21,false,2
HG_016,SGL,RO,ADL-1,2026-06-20,406.41,1,21,false,2
HG_016,SGL,RO,ADL-1,2026-06-21,409.71,1,21,false,2
HG_016,SGL,RO,ADL-1,2026-06-22,389.19,1,21,false,2
HG_016,SGL,RO,ADL-1,2026-06-23,434.07,1,21,false,2
HG_016,SGL,RO,ADL-1,2026-06-24,394.83,1,21,false,2
HG_016,SGL,RO,ADL-1,2026-06-25,400.31,1,21,false,2
HG_016,SGL,RO,ADL-1,2026-06-26,397.05,1,21,false,2
HG_016,SGL,RO,ADL-1,2026-06-27,421.32,1,21,false,2
HG_016,SGL,RO,ADL-1,2026-06-28,438.48,1,21,false,2
HG_016,SGL,RO,ADL-1,2026-06-29,428.09,1,21,false,2
HG_016,SGL,RO,ADL-2,2026-05-01,404.48,1,21,false,2
HG_016,SGL,RO,ADL-2,2026-05-02,420.55,1,21,false,2
HG_016,SGL,RO,ADL-2,2026-05-03,392.87,1,21,false,2
HG_016,SGL,RO,ADL-2,2026-05-04,395.24,1,21,false,2
HG_016,SGL,RO,ADL-2,2026-05-05,393.25,1,21,false,2
HG_016,SGL,RO,ADL-2,2026-05-06,402.51,1,21,false,2
HG_016,SGL,RO,ADL-2,2026-05-07,404.82,1,21,false,2
HG_016,SGL,RO,ADL-2,2026-05-08,371.78,1,21,false,2
HG_016,SGL,RO,ADL-2,2026-05-09,389.94,1,21,false,2
HG_016,SGL,RO,ADL-2,2026-05-10,393.39,1,21,false,2
HG_016,SGL,RO,ADL-2,2026-05-11,359.81,1,21,false,2
HG_016,SGL,RO,ADL-2,2026-05-12,404.08,1,21,false,2
HG_016,SGL,RO,ADL-2,2026-05-13,403.65,1,21,false,2
HG_016,SGL,RO,ADL-2,2026-05-14,352.86,1,21,false,2
HG_016,SGL,RO,ADL-2,2026-05-15,400.36,1,21,false,2
HG_016,SGL,RO,ADL-2,2026-05-16,412.88,1,21,false,2
HG_016,SGL,RO,ADL-2,2026-05-17,406.60,1,21,false,2
HG_016,SGL,RO,ADL-2,2026-05-18,388.91,1,21,false,2
HG_016,SGL,RO,ADL-2,2026-05-19,397.14,1,21,false,2
HG_016,SGL,RO,ADL-2,2026-05-20,383.44,1,21,false,2
HG_016,SGL,RO,ADL-2,2026-05-21,386.26,1,21,false,2
HG_016,SGL,RO,ADL-2,2026-05-22,398.85,1,21,false,2
HG_016,SGL,RO,ADL-2,2026-05-23,431.98,1,21,false,2
HG_016,SGL,RO,ADL-2,2026-05-24,437.31,1,21,false,2
HG_016,SGL,RO,ADL-2,2026-05-25,401.19,1,21,false,2
HG_016,SGL,RO,ADL-2,2026-05-26,404.57,1,21,false,2
HG_016,SGL,RO,ADL-2,2026-05-27,385.80,1,21,false,2
HG_016,SGL,RO,ADL-2,2026-05-28,371.92,1,21,false,2
HG_016,SGL,RO,ADL-2,2026-05-29,376.19,1,21,false,2
HG_016,SGL,RO,ADL-2,2026-05-30,433.42,1,21,false,2
HG_016,SGL,RO,ADL-2,2026-05-31,435.96,1,21,false,2
HG_016,SGL,RO,ADL-2,2026-06-01,388.79,1,21,false,2
HG_016,SGL,RO,ADL-2,2026-06-02,412.50,1,21,false,2
HG_016,SGL,RO,ADL-2,2026-06-03,419.95,1,21,false,2
HG_016,SGL,RO,ADL-2,2026-06-04,394.83,1,21,false,2
HG_016,SGL,RO,ADL-2,2026-06-05,391.85,1,21,false,2
HG_016,SGL,RO,ADL-2,2026-06-06,434.93,1,21,false,2
HG_016,SGL,RO,ADL-2,2026-06-07,433.77,1,21,false,2
HG_016,SGL,RO,ADL-2,2026-06-08,372.73,1,21,false,2
HG_016,SGL,RO,ADL-2,2026-06-09,412.87,1,21,false,2
HG_016,SGL,RO,ADL-2,2026-06-10,397.10,1,21,false,2
HG_016,SGL,RO,ADL-2,2026-06-11,374.38,1,21,false,2
HG_016,SGL,RO,ADL-2,2026-06-12,384.41,1,21,false,2
HG_016,SGL,RO,ADL-2,2026-06-13,440.11,1,21,false,2
HG_016,SGL,RO,ADL-2,2026-06-14,436.78,1,21,false,2
HG_016,SGL,RO,ADL-2,2026-06-15,406.17,1,21,false,2
HG_016,SGL,RO,ADL-2,2026-06-16,384.77,1,21,false,2
HG_016,SGL,RO,ADL-2,2026-06-17,419.75,1,21,false,2
HG_016,SGL,RO,ADL-2,2026-06-18,383.92,1,21,false,2
HG_016,SGL,RO,ADL-2,2026-06-19,393.50,1,21,false,2
HG_016,SGL,RO,ADL-2,2026-06-20,446.23,1,21,false,2
HG_016,SGL,RO,ADL-2,2026-06-21,415.15,1,21,false,2
HG_016,SGL,RO,ADL-2,2026-06-22,402.97,1,21,false,2
HG_016,SGL,RO,ADL-2,2026-06-23,389.19,1,21,false,2
HG_016,SGL,RO,ADL-2,2026-06-24,406.72,1,21,false,2
HG_016,SGL,RO,ADL-2,2026-06-25,412.95,1,21,false,2
HG_016,SGL,RO,ADL-2,2026-06-26,432.01,1,21,false,2
HG_016,SGL,RO,ADL-2,2026-06-27,456.83,1,21,false,2
HG_016,SGL,RO,ADL-2,2026-06-28,451.77,1,21,false,2
HG_016,SGL,RO,ADL-2,2026-06-29,396.70,1,21,false,2
HG_016,SGL,BB,ADL-1,2026-05-01,405.33,1,21,false,2
HG_016,SGL,BB,ADL-1,2026-05-02,395.30,1,21,false,2
HG_016,SGL,BB,ADL-1,2026-05-03,430.92,1,21,false,2
HG_016,SGL,BB,ADL-1,2026-05-04,382.23,1,21,false,2
HG_016,SGL,BB,ADL-1,2026-05-05,391.13,1,21,false,2
HG_016,SGL,BB,ADL-1,2026-05-06,392.00,1,21,false,2
HG_016,SGL,BB,ADL-1,2026-05-07,413.86,1,21,false,2
HG_016,SGL,BB,ADL-1,2026-05-08,374.02,1,21,false,2
HG_016,SGL,BB,ADL-1,2026-05-09,442.25,1,21,false,2
HG_016,SGL,BB,ADL-1,2026-05-10,389.86,1,21,false,2
HG_016,SGL,BB,ADL-1,2026-05-11,403.77,1,21,false,2
HG_016,SGL,BB,ADL-1,2026-05-12,395.21,1,21,false,2
HG_016,SGL,BB,ADL-1,2026-05-13,389.41,1,21,false,2
HG_016,SGL,BB,ADL-1,2026-05-14,414.05,1,21,false,2
HG_016,SGL,BB,ADL-1,2026-05-15,368.28,1,21,false,2
HG_016,SGL,BB,ADL-1,2026-05-16,418.12,1,21,false,2
HG_016,SGL,BB,ADL-1,2026-05-17,437.23,1,21,false,2
HG_016,SGL,BB,ADL-1,2026-05-18,415.87,1,21,false,2
HG_016,SGL,BB,ADL-1,2026-05-19,384.06,1,21,false,2
HG_016,SGL,BB,ADL-1,2026-05-20,390.19,1,21,false,2
HG_016,SGL,BB,ADL-1,2026-05-21,426.26,1,21,false,2
HG_016,SGL,BB,ADL-1,2026-05-22,385.68,1,21,false,2
HG_016,SGL,BB,ADL-1,2026-05-23,419.98,1,21,false,2
HG_016,SGL,BB,ADL-1,2026-05-24,455.94,1,21,false,2
HG_016,SGL,BB,ADL-1,2026-05-25,392.70,1,21,false,2
HG_016,SGL,BB,ADL-1,2026-05-26,425.63,1,21,false,2
HG_016,SGL,BB,ADL-1,2026-05-27,394.95,1,21,false,2
HG_016,SGL,BB,ADL-1,2026-05-28,389.46,1,21,false,2
HG_016,SGL,BB,ADL-1,2026-05-29,403.29,1,21,false,2
HG_016,SGL,BB,ADL-1,2026-05-30,400.34,1,21,false,2
HG_016,SGL,BB,ADL-1,2026-05-31,422.27,1,21,false,2
HG_016,SGL,BB,ADL-1,2026-06-01,388.46,1,21,false,2
HG_016,SGL,BB,ADL-1,2026-06-02,406.99,1,21,false,2
HG_016,SGL,BB,ADL-1,2026-06-03,435.60,1,21,false,2
HG_016,SGL,BB,ADL-1,2026-06-04,405.93,1,21,false,2
HG_016,SGL,BB,ADL-1,2026-06-05,400.83,1,21,false,2
HG_016,SGL,BB,ADL-1,2026-06-06,464.70,1,21,false,2
HG_016,SGL,BB,ADL-1,2026-06-07,439.28,1,21,false,2
HG_016,SGL,BB,ADL-1,2026-06-08,403.45,1,21,false,2
HG_016,SGL,BB,ADL-1,2026-06-09,427.01,1,21,false,2
HG_016,SGL,BB,ADL-1,2026-06-10,387.64,1,21,false,2
HG_016,SGL,BB,ADL-1,2026-06-11,396.52,1,21,false,2
HG_016,SGL,BB,ADL-1,2026-06-12,413.52,1,21,false,2
HG_016,SGL,BB,ADL-1,2026-06-13,420.80,1,21,false,2
HG_016,SGL,BB,ADL-1,2026-06-14,451.28,1,21,false,2
HG_016,SGL,BB,ADL-1,2026-06-15,420.36,1,21,false,2
HG_016,SGL,BB,ADL-1,2026-06-16,436.92,1,21,false,2
HG_016,SGL,BB,ADL-1,2026-06-17,411.10,1,21,false,2
HG_016,SGL,BB,ADL-1,2026-06-18,394.06,1,21,false,2
HG_016,SGL,BB,ADL-1,2026-06-19,429.48,1,21,false,2
HG_016,SGL,BB,ADL-1,2026-06-20,424.65,1,21,false,2
HG_016,SGL,BB,ADL-1,2026-06-21,426.17,1,21,false,2
HG_016,SGL,BB,ADL-1,2026-06-22,410.79,1,21,false,2
HG_016,SGL,BB,ADL-1,2026-06-23,399.22,1,21,false,2
HG_016,SGL,BB,ADL-1,2026-06-24,453.01,1,21,false,2
HG_016,SGL,BB,ADL-1,2026-06-25,403.55,1,21,false,2
HG_016,SGL,BB,ADL-1,2026-06-26,432.34,1,21,false,2
HG_016,SGL,BB,ADL-1,2026-06-27,460.26,1,21,false,2
HG_016,SGL,BB,ADL-1,2026-06-28,411.88,1,21,false,2
HG_016,SGL,BB,ADL-1,2026-06-29,438.29,1,21,false,2
HG_016,SGL,BB,ADL-2,2026-05-01,365.41,1,21,false,2
HG_016,SGL,BB,ADL-2,2026-05-02,394.26,1,21,false,2
HG_016,SGL,BB,ADL-2,2026-05-03,434.04,1,21,false,2
HG_016,SGL,BB,ADL-2,2026-05-04,388.25,1,21,false,2
HG_016,SGL,BB,ADL-2,2026-05-05,396.91,1,21,false,2
HG_016,SGL,BB,ADL-2,2026-05-06,403.33,1,21,false,2
HG_016,SGL,BB,ADL-2,2026-05-07,393.07,1,21,false,2
HG_016,SGL,BB,ADL-2,2026-05-08,405.39,1,21,false,2
HG_016,SGL,BB,ADL-2,2026-05-09,408.03,1,21,false,2
HG_016,SGL,BB,ADL-2,2026-05-10,445.85,1,21,false,2
HG_016,SGL,BB,ADL-2,2026-05-11,405.84,1,21,false,2
HG_016,SGL,BB,ADL-2,2026-05-12,400.21,1,21,false,2
HG_016,SGL,BB,ADL-2,2026-05-13,420.47,1,21,false,2
HG_016,SGL,BB,ADL-2,2026-05-14,374.16,1,21,false,2
HG_016,SGL,BB,ADL-2,2026-05-15,375.53,1,21,false,2
HG_016,SGL,BB,ADL-2,2026-05-16,395.31,1,21,false,2
HG_016,SGL,BB,ADL-2,2026-05-17,446.33,1,21,false,2
HG_016,SGL,BB,ADL-2,2026-05-18,378.64,1,21,false,2
HG_016,SGL,BB,ADL-2,2026-05-19,417.82,1,21,false,2
HG_016,SGL,BB,ADL-2,2026-05-20,415.22,1,21,false,2
HG_016,SGL,BB,ADL-2,2026-05-21,425.23,1,21,false,2
HG_016,SGL,BB,ADL-2,2026-05-22,430.38,1,21,false,2
HG_016,SGL,BB,ADL-2,2026-05-23,399.21,1,21,false,2
HG_016,SGL,BB,ADL-2,2026-05-24,435.75,1,21,false,2
HG_016,SGL,BB,ADL-2,2026-05-25,395.41,1,21,false,2
HG_016,SGL,BB,ADL-2,2026-05-26,431.76,1,21,false,2
HG_016,SGL,BB,ADL-2,2026-05-27,421.36,1,21,false,2
HG_016,SGL,BB,ADL-2,2026-05-28,377.29,1,21,false,2
HG_016,SGL,BB,ADL-2,2026-05-29,433.33,1,21,false,2
HG_016,SGL,BB,ADL-2,2026-05-30,456.21,1,21,false,2
HG_016,SGL,BB,ADL-2,2026-05-31,460.11,1,21,false,2
HG_016,SGL,BB,ADL-2,2026-06-01,393.97,1,21,false,2
HG_016,SGL,BB,ADL-2,2026-06-02,386.92,1,21,false,2
HG_016,SGL,BB,ADL-2,2026-06-03,416.50,1,21,false,2
HG_016,SGL,BB,ADL-2,2026-06-04,442.90,1,21,false,2
HG_016,SGL,BB,ADL-2,2026-06-05,417.46,1,21,false,2
HG_016,SGL,BB,ADL-2,2026-06-06,448.41,1,21,false,2
HG_016,SGL,BB,ADL-2,2026-06-07,460.63,1,21,false,2
HG_016,SGL,BB,ADL-2,2026-06-08,403.44,1,21,false,2
HG_016,SGL,BB,ADL-2,2026-06-09,431.55,1,21,false,2
HG_016,SGL,BB,ADL-2,2026-06-10,443.50,1,21,false,2
HG_016,SGL,BB,ADL-2,2026-06-11,408.75,1,21,false,2
HG_016,SGL,BB,ADL-2,2026-06-12,425.58,1,21,false,2
HG_016,SGL,BB,ADL-2,2026-06-13,450.92,1,21,false,2
HG_016,SGL,BB,ADL-2,2026-06-14,414.87,1,21,false,2
HG_016,SGL,BB,ADL-2,2026-06-15,434.36,1,21,false,2
HG_016,SGL,BB,ADL-2,2026-06-16,396.35,1,21,false,2
HG_016,SGL,BB,ADL-2,2026-06-17,438.97,1,21,false,2
HG_016,SGL,BB,ADL-2,2026-06-18,426.27,1,21,false,2
HG_016,SGL,BB,ADL-2,2026-06-19,444.31,1,21,false,2
HG_016,SGL,BB,ADL-2,2026-06-20,445.14,1,21,false,2
HG_016,SGL,BB,ADL-2,2026-06-21,456.65,1,21,false,2
HG_016,SGL,BB,ADL-2,2026-06-22,434.45,1,21,false,2
HG_016,SGL,BB,ADL-2,2026-06-23,406.82,1,21,false,2
HG_016,SGL,BB,ADL-2,2026-06-24,438.65,1,21,false,2
HG_016,SGL,BB,ADL-2,2026-06-25,431.60,1,21,false,2
HG_016,SGL,BB,ADL-2,2026-06-26,432.60,1,21,false,2
HG_016,SGL,BB,ADL-2,2026-06-27,444.16,1,21,false,2
HG_016,SGL,BB,ADL-2,2026-06-28,463.93,1,21,false,2
HG_016,SGL,BB,ADL-2,2026-06-29,408.83,1,21,false,2
HG_016,SGL,HB,ADL-1,2026-05-01,412.18,1,21,false,2
HG_016,SGL,HB,ADL-1,2026-05-02,408.90,1,21,false,2
HG_016,SGL,HB,ADL-1,2026-05-03,452.80,1,21,false,2
HG_016,SGL,HB,ADL-1,2026-05-04,398.94,1,21,false,2
HG_016,SGL,HB,ADL-1,2026-05-05,427.56,1,21,false,2
HG_016,SGL,HB,ADL-1,2026-05-06,439.24,1,21,false,2
HG_016,SGL,HB,ADL-1,2026-05-07,425.93,1,21,false,2
HG_016,SGL,HB,ADL-1,2026-05-08,386.97,1,21,false,2
HG_016,SGL,HB,ADL-1,2026-05-09,414.16,1,21,false,2
HG_016,SGL,HB,ADL-1,2026-05-10,415.64,1,21,false,2
HG_016,SGL,HB,ADL-1,2026-05-11,387.91,1,21,false,2
HG_016,SGL,HB,ADL-1,2026-05-12,423.24,1,21,false,2
HG_016,SGL,HB,ADL-1,2026-05-13,407.97,1,21,false,2
HG_016,SGL,HB,ADL-1,2026-05-14,391.48,1,21,false,2
HG_016,SGL,HB,ADL-1,2026-05-15,404.71,1,21,false,2
HG_016,SGL,HB,ADL-1,2026-05-16,464.94,1,21,false,2
HG_016,SGL,HB,ADL-1,2026-05-17,443.81,1,21,false,2
HG_016,SGL,HB,ADL-1,2026-05-18,410.48,1,21,false,2
HG_016,SGL,HB,ADL-1,2026-05-19,430.20,1,21,false,2
HG_016,SGL,HB,ADL-1,2026-05-20,412.09,1,21,false,2
HG_016,SGL,HB,ADL-1,2026-05-21,440.83,1,21,false,2
HG_016,SGL,HB,ADL-1,2026-05-22,428.64,1,21,false,2
HG_016,SGL,HB,ADL-1,2026-05-23,415.96,1,21,false,2
HG_016,SGL,HB,ADL-1,2026-05-24,451.92,1,21,false,2
HG_016,SGL,HB,ADL-1,2026-05-25,411.76,1,21,false,2
HG_016,SGL,HB,ADL-1,2026-05-26,437.15,1,21,false,2
HG_016,SGL,HB,ADL-1,2026-05-27,441.51,1,21,false,2
HG_016,SGL,HB,ADL-1,2026-05-28,393.78,1,21,false,2
HG_016,SGL,HB,ADL-1,2026-05-29,436.53,1,21,false,2
HG_016,SGL,HB,ADL-1,2026-05-30,445.79,1,21,false,2
HG_016,SGL,HB,ADL-1,2026-05-31,447.26,1,21,false,2
HG_016,SGL,HB,ADL-1,2026-06-01,401.41,1,21,false,2
HG_016,SGL,HB,ADL-1,2026-06-02,454.43,1,21,false,2
HG_016,SGL,HB,ADL-1,2026-06-03,408.00,1,21,false,2
HG_016,SGL,HB,ADL-1,2026-06-04,455.78,1,21,false,2
HG_016,SGL,HB,ADL-1,2026-06-05,432.38,1,21,false,2
HG_016,SGL,HB,ADL-1,2026-06-06,464.66,1,21,false,2
HG_016,SGL,HB,ADL-1,2026-06-07,420.09,1,21,false,2
HG_016,SGL,HB,ADL-1,2026-06-08,414.72,1,21,false,2
HG_016,SGL,HB,ADL-1,2026-06-09,450.74,1,21,false,2
HG_016,SGL,HB,ADL-1,2026-06-10,448.68,1,21,false,2
HG_016,SGL,HB,ADL-1,2026-06-11,453.75,1,21,false,2
HG_016,SGL,HB,ADL-1,2026-06-12,425.18,1,21,false,2
HG_016,SGL,HB,ADL-1,2026-06-13,433.18,1,21,false,2
HG_016,SGL,HB,ADL-1,2026-06-14,441.30,1,21,false,2
HG_016,SGL,HB,ADL-1,2026-06-15,469.96,1,21,false,2
HG_016,SGL,HB,ADL-1,2026-06-16,456.62,1,21,false,2
HG_016,SGL,HB,ADL-1,2026-06-17,439.23,1,21,false,2
HG_016,SGL,HB,ADL-1,2026-06-18,469.10,1,21,false,2
HG_016,SGL,HB,ADL-1,2026-06-19,409.21,1,21,false,2
HG_016,SGL,HB,ADL-1,2026-06-20,459.19,1,21,false,2
HG_016,SGL,HB,ADL-1,2026-06-21,453.87,1,21,false,2
HG_016,SGL,HB,ADL-1,2026-06-22,440.29,1,21,false,2
HG_016,SGL,HB,ADL-1,2026-06-23,448.78,1,21,false,2
HG_016,SGL,HB,ADL-1,2026-06-24,421.51,1,21,false,2
HG_016,SGL,HB,ADL-1,2026-06-25,426.41,1,21,false,2
HG_016,SGL,HB,ADL-1,2026-06-26,411.86,1,21,false,2
HG_016,SGL,HB,ADL-1,2026-06-27,465.96,1,21,false,2
HG_016,SGL,HB,ADL-1,2026-06-28,450.99,1,21,false,2
HG_016,SGL,HB,ADL-1,2026-06-29,451.39,1,21,false,2
HG_016,SGL,HB,ADL-2,2026-05-01,394.91,1,21,false,2
HG_016,SGL,HB,ADL-2,2026-05-02,451.42,1,21,false,2
HG_016,SGL,HB,ADL-2,2026-05-03,434.97,1,21,false,2
HG_016,SGL,HB,ADL-2,2026-05-04,423.17,1,21,false,2
HG_016,SGL,HB,ADL-2,2026-05-05,385.50,1,21,false,2
HG_016,SGL,HB,ADL-2,2026-05-06,385.92,1,21,false,2
HG_016,SGL,HB,ADL-2,2026-05-07,389.87,1,21,false,2
HG_016,SGL,HB,ADL-2,2026-05-08,386.29,1,21,false,2
HG_016,SGL,HB,ADL-2,2026-05-09,411.45,1,21,false,2
HG_016,SGL,HB,ADL-2,2026-05-10,402.25,1,21,false,2
HG_016,SGL,HB,ADL-2,2026-05-11,411.56,1,21,false,2
HG_016,SGL,HB,ADL-2,2026-05-12,398.89,1,21,false,2
HG_016,SGL,HB,ADL-2,2026-05-13,426.25,1,21,false,2
HG_016,SGL,HB,ADL-2,2026-05-14,397.42,1,21,false,2
HG_016,SGL,HB,ADL-2,2026-05-15,431.80,1,21,false,2
HG_016,SGL,HB,ADL-2,2026-05-16,455.83,1,21,false,2
HG_016,SGL,HB,ADL-2,2026-05-17,437.01,1,21,false,2
HG_016,SGL,HB,ADL-2,2026-05-18,424.32,1,21,false,2
HG_016,SGL,HB,ADL-2,2026-05-19,421.18,1,21,false,2
HG_016,SGL,HB,ADL-2,2026-05-20,424.36,1,21,false,2
HG_016,SGL,HB,ADL-2,2026-05-21,438.50,1,21,false,2
HG_016,SGL,HB,ADL-2,2026-05-22,414.08,1,21,false,2
HG_016,SGL,HB,ADL-2,2026-05-23,465.71,1,21,false,2
HG_016,SGL,HB,ADL-2,2026-05-24,449.54,1,21,false,2
HG_016,SGL,HB,ADL-2,2026-05-25,431.71,1,21,false,2
HG_016,SGL,HB,ADL-2,2026-05-26,407.80,1,21,false,2
HG_016,SGL,HB,ADL-2,2026-05-27,414.85,1,21,false,2
HG_016,SGL,HB,ADL-2,2026-05-28,424.23,1,21,false,2
HG_016,SGL,HB,ADL-2,2026-05-29,417.84,1,21,false,2
HG_016,SGL,HB,ADL-2,2026-05-30,462.54,1,21,false,2
HG_016,SGL,HB,ADL-2,2026-05-31,478.02,1,21,false,2
HG_016,SGL,HB,ADL-2,2026-06-01,423.80,1,21,false,2
HG_016,SGL,HB,ADL-2,2026-06-02,410.34,1,21,false,2
HG_016,SGL,HB,ADL-2,2026-06-03,442.48,1,21,false,2
HG_016,SGL,HB,ADL-2,2026-06-04,452.78,1,21,false,2
HG_016,SGL,HB,ADL-2,2026-06-05,423.99,1,21,false,2
HG_016,SGL,HB,ADL-2,2026-06-06,470.54,1,21,false,2
HG_016,SGL,HB,ADL-2,2026-06-07,436.25,1,21,false,2
HG_016,SGL,HB,ADL-2,2026-06-08,420.84,1,21,false,2
HG_016,SGL,HB,ADL-2,2026-06-09,439.35,1,21,false,2
HG_016,SGL,HB,ADL-2,2026-06-10,428.18,1,21,false,2
HG_016,SGL,HB,ADL-2,2026-06-11,460.16,1,21,false,2
HG_016,SGL,HB,ADL-2,2026-06-12,452.36,1,21,false,2
HG_016,SGL,HB,ADL-2,2026-06-13,470.86,1,21,false,2
HG_016,SGL,HB,ADL-2,2026-06-14,482.51,1,21,false,2
HG_016,SGL,HB,ADL-2,2026-06-15,440.62,1,21,false,2
HG_016,SGL,HB,ADL-2,2026-06-16,450.67,1,21,false,2
HG_016,SGL,HB,ADL-2,2026-06-17,424.17,1,21,false,2
HG_016,SGL,HB,ADL-2,2026-06-18,436.04,1,21,false,2
HG_016,SGL,HB,ADL-2,2026-06-19,416.50,1,21,false,2
HG_016,SGL,HB,ADL-2,2026-06-20,469.31,1,21,false,2
HG_016,SGL,HB,ADL-2,2026-06-21,448.82,1,21,false,2
HG_016,SGL,HB,ADL-2,2026-06-22,415.47,1,21,false,2
HG_016,SGL,HB,ADL-2,2026-06-23,426.15,1,21,false,2
HG_016,SGL,HB,ADL-2,2026-06-24,451.82,1,21,false,2
HG_016,SGL,HB,ADL-2,2026-06-25,469.15,1,21,false,2
HG_016,SGL,HB,ADL-2,2026-06-26,446.08,1,21,false,2
HG_016,SGL,HB,ADL-2,2026-06-27,479.36,1,21,false,2
HG_016,SGL,HB,ADL-2,2026-06-28,478.42,1,21,false,2
HG_016,SGL,HB,ADL-2,2026-06-29,469.98,1,21,false,2
HG_016,SGL,FB,ADL-1,2026-05-01,398.44,1,21,false,2
HG_016,SGL,FB,ADL-1,2026-05-02,453.55,1,21,false,2
HG_016,SGL,FB,ADL-1,2026-05-03,451.10,1,21,false,2
HG_016,SGL,FB,ADL-1,2026-05-04,419.16,1,21,false,2
HG_016,SGL,FB,ADL-1,2026-05-05,430.05,1,21,false,2
HG_016,SGL,FB,ADL-1,2026-05-06,396.93,1,21,false,2
HG_016,SGL,FB,ADL-1,2026-05-07,404.21,1,21,false,2
HG_016,SGL,FB,ADL-1,2026-05-08,432.47,1,21,false,2
HG_016,SGL,FB,ADL-1,2026-05-09,429.27,1,21,false,2
HG_016,SGL,FB,ADL-1,2026-05-10,443.43,1,21,false,2
HG_016,SGL,FB,ADL-1,2026-05-11,435.66,1,21,false,2
HG_016,SGL,FB,ADL-1,2026-05-12,432.78,1,21,false,2
HG_016,SGL,FB,ADL-1,2026-05-13,397.52,1,21,false,2
HG_016,SGL,FB,ADL-1,2026-05-14,440.38,1,21,false,2
HG_016,SGL,FB,ADL-1,2026-05-15,414.59,1,21,false,2
HG_016,SGL,FB,ADL-1,2026-05-16,475.29,1,21,false,2
HG_016,SGL,FB,ADL-1,2026-05-17,444.94,1,21,false,2
HG_016,SGL,FB,ADL-1,2026-05-18,442.16,1,21,false,2
HG_016,SGL,FB,ADL-1,2026-05-19,421.67,1,21,false,2
HG_016,SGL,FB,ADL-1,2026-05-20,449.54,1,21,false,2
HG_016,SGL,FB,ADL-1,2026-05-21,426.75,1,21,false,2
HG_016,SGL,FB,ADL-1,2026-05-22,418.46,1,21,false,2
HG_016,SGL,FB,ADL-1,2026-05-23,486.38,1,21,false,2
HG_016,SGL,FB,ADL-1,2026-05-24,448.83,1,21,false,2
HG_016,SGL,FB,ADL-1,2026-05-25,433.23,1,21,false,2
HG_016,SGL,FB,ADL-1,2026-05-26,439.07,1,21,false,2
HG_016,SGL,FB,ADL-1,2026-05-27,422.63,1,21,false,2
HG_016,SGL,FB,ADL-1,2026-05-28,409.05,1,21,false,2
HG_016,SGL,FB,ADL-1,2026-05-29,441.88,1,21,false,2
HG_016,SGL,FB,ADL-1,2026-05-30,469.50,1,21,false,2
HG_016,SGL,FB,ADL-1,2026-05-31,485.61,1,21,false,2
HG_016,SGL,FB,ADL-1,2026-06-01,441.19,1,21,false,2
HG_016,SGL,FB,ADL-1,2026-06-02,432.00,1,21,false,2
HG_016,SGL,FB,ADL-1,2026-06-03,421.34,1,21,false,2
HG_016,SGL,FB,ADL-1,2026-06-04,417.88,1,21,false,2
HG_016,SGL,FB,ADL-1,2026-06-05,437.61,1,21,false,2
HG_016,SGL,FB,ADL-1,2026-06-06,444.22,1,21,false,2
HG_016,SGL,FB,ADL-1,2026-06-07,493.97,1,21,false,2
HG_016,SGL,FB,ADL-1,2026-06-08,425.14,1,21,false,2
HG_016,SGL,FB,ADL-1,2026-06-09,451.75,1,21,false,2
HG_016,SGL,FB,ADL-1,2026-06-10,435.29,1,21,false,2
HG_016,SGL,FB,ADL-1,2026-06-11,439.62,1,21,false,2
HG_016,SGL,FB,ADL-1,2026-06-12,468.09,1,21,false,2
HG_016,SGL,FB,ADL-1,2026-06-13,468.13,1,21,false,2
HG_016,SGL,FB,ADL-1,2026-06-14,484.24,1,21,false,2
HG_016,SGL,FB,ADL-1,2026-06-15,479.06,1,21,false,2
HG_016,SGL,FB,ADL-1,2026-06-16,460.02,1,21,false,2
HG_016,SGL,FB,ADL-1,2026-06-17,467.11,1,21,false,2
HG_016,SGL,FB,ADL-1,2026-06-18,465.45,1,21,false,2
HG_016,SGL,FB,ADL-1,2026-06-19,430.76,1,21,false,2
HG_016,SGL,FB,ADL-1,2026-06-20,447.71,1,21,false,2
HG_016,SGL,FB,ADL-1,2026-06-21,483.53,1,21,false,2
HG_016,SGL,FB,ADL-1,2026-06-22,439.16,1,21,false,2
HG_016,SGL,FB,ADL-1,2026-06-23,421.52,1,21,false,2
HG_016,SGL,FB,ADL-1,2026-06-24,475.23,1,21,false,2
HG_016,SGL,FB,ADL-1,2026-06-25,425.05,1,21,false,2
HG_016,SGL,FB,ADL-1,2026-06-26,453.46,1,21,false,2
HG_016,SGL,FB,ADL-1,2026-06-27,460.67,1,21,false,2
HG_016,SGL,FB,ADL-1,2026-06-28,445.67,1,21,false,2
HG_016,SGL,FB,ADL-1,2026-06-29,449.17,1,21,false,2
HG_016,SGL,FB,ADL-2,2026-05-01,429.81,1,21,false,2
HG_016,SGL,FB,ADL-2,2026-05-02,444.14,1,21,false,2
HG_016,SGL,FB,ADL-2,2026-05-03,426.81,1,21,false,2
HG_016,SGL,FB,ADL-2,2026-05-04,411.57,1,21,false,2
HG_016,SGL,FB,ADL-2,2026-05-05,406.42,1,21,false,2
HG_016,SGL,FB,ADL-2,2026-05-06,425.44,1,21,false,2
HG_016,SGL,FB,ADL-2,2026-05-07,440.36,1,21,false,2
HG_016,SGL,FB,ADL-2,2026-05-08,414.74,1,21,false,2
HG_016,SGL,FB,ADL-2,2026-05-09,448.27,1,21,false,2
HG_016,SGL,FB,ADL-2,2026-05-10,474.95,1,21,false,2
HG_016,SGL,FB,ADL-2,2026-05-11,413.98,1,21,false,2
HG_016,SGL,FB,ADL-2,2026-05-12,454.09,1,21,false,2
HG_016,SGL,FB,ADL-2,2026-05-13,439.31,1,21,false,2
HG_016,SGL,FB,ADL-2,2026-05-14,431.47,1,21,false,2
HG_016,SGL,FB,ADL-2,2026-05-15,435.40,1,21,false,2
HG_016,SGL,FB,ADL-2,2026-05-16,436.50,1,21,false,2
HG_016,SGL,FB,ADL-2,2026-05-17,478.16,1,21,false,2
HG_016,SGL,FB,ADL-2,2026-05-18,431.29,1,21,false,2
HG_016,SGL,FB,ADL-2,2026-05-19,452.32,1,21,false,2
HG_016,SGL,FB,ADL-2,2026-05-20,450.91,1,21,false,2
HG_016,SGL,FB,ADL-2,2026-05-21,449.01,1,21,false,2
HG_016,SGL,FB,ADL-2,2026-05-22,420.87,1,21,false,2
HG_016,SGL,FB,ADL-2,2026-05-23,446.68,1,21,false,2
HG_016,SGL,FB,ADL-2,2026-05-24,463.41,1,21,false,2
HG_016,SGL,FB,ADL-2,2026-05-25,417.20,1,21,false,2
HG_016,SGL,FB,ADL-2,2026-05-26,413.47,1,21,false,2
HG_016,SGL,FB,ADL-2,2026-05-27,413.56,1,21,false,2
HG_016,SGL,FB,ADL-2,2026-05-28,414.98,1,21,false,2
HG_016,SGL,FB,ADL-2,2026-05-29,413.08,1,21,false,2
HG_016,SGL,FB,ADL-2,2026-05-30,432.10,1,21,false,2
HG_016,SGL,FB,ADL-2,2026-05-31,437.81,1,21,false,2
HG_016,SGL,FB,ADL-2,2026-06-01,476.07,1,21,false,2
HG_016,SGL,FB,ADL-2,2026-06-02,469.88,1,21,false,2
HG_016,SGL,FB,ADL-2,2026-06-03,436.59,1,21,false,2
HG_016,SGL,FB,ADL-2,2026-06-04,456.27,1,21,false,2
HG_016,SGL,FB,ADL-2,2026-06-05,444.49,1,21,false,2
HG_016,SGL,FB,ADL-2,2026-06-06,447.06,1,21,false,2
HG_016,SGL,FB,ADL-2,2026-06-07,430.93,1,21,false,2
HG_016,SGL,FB,ADL-2,2026-06-08,449.58,1,21,false,2
HG_016,SGL,FB,ADL-2,2026-06-09,461.29,1,21,false,2
HG_016,SGL,FB,ADL-2,2026-06-10,475.28,1,21,false,2
HG_016,SGL,FB,ADL-2,2026-06-11,420.53,1,21,false,2
HG_016,SGL,FB,ADL-2,2026-06-12,471.71,1,21,false,2
HG_016,SGL,FB,ADL-2,2026-06-13,443.57,1,21,false,2
HG_016,SGL,FB,ADL-2,2026-06-14,440.31,1,21,false,2
HG_016,SGL,FB,ADL-2,2026-06-15,483.69,1,21,false,2
HG_016,SGL,FB,ADL-2,2026-06-16,484.23,1,21,false,2
HG_016,SGL,FB,ADL-2,2026-06-17,470.95,1,21,false,2
HG_016,SGL,FB,ADL-2,2026-06-18,489.07,1,21,false,2
HG_016,SGL,FB,ADL-2,2026-06-19,421.15,1,21,false,2
HG_016,SGL,FB,ADL-2,2026-06-20,505.95,1,21,false,2
HG_016,SGL,FB,ADL-2,2026-06-21,446.82,1,21,false,2
HG_016,SGL,FB,ADL-2,2026-06-22,444.15,1,21,false,2
HG_016,SGL,FB,ADL-2,2026-06-23,461.37,1,21,false,2
HG_016,SGL,FB,ADL-2,2026-06-24,435.79,1,21,false,2
HG_016,SGL,FB,ADL-2,2026-06-25,429.50,1,21,false,2
HG_016,SGL,FB,ADL-2,2026-06-26,436.15,1,21,false,2
HG_016,SGL,FB,ADL-2,2026-06-27,491.17,1,21,false,2
HG_016,SGL,FB,ADL-2,2026-06-28,447.47,1,21,false,2
HG_016,SGL,FB,ADL-2,2026-06-29,464.71,1,21,false,2
HG_017,DBL,RO,ADL-1,2026-05-01,360.38,2,21,false,3
HG_017,DBL,RO,ADL-1,2026-05-02,390.35,2,21,false,3
HG_017,DBL,RO,ADL-1,2026-05-03,413.33,2,21,false,3
HG_017,DBL,RO,ADL-1,2026-05-04,373.47,2,21,false,3
HG_017,DBL,RO,ADL-1,2026-05-05,363.29,2,21,false,3
HG_017,DBL,RO,ADL-1,2026-05-06,387.57,2,21,false,3
HG_017,DBL,RO,ADL-1,2026-05-07,369.32,2,21,false,3
HG_017,DBL,RO,ADL-1,2026-05-08,349.75,2,21,false,3
HG_017,DBL,RO,ADL-1,2026-05-09,402.12,2,21,false,3
HG_017,DBL,RO,ADL-1,2026-05-10,362.14,2,21,false,3
HG_017,DBL,RO,ADL-1,2026-05-11,370.51,2,21,false,3
HG_017,DBL,RO,ADL-1,2026-05-12,363.85,2,21,false,3
HG_017,DBL,RO,ADL-1,2026-05-13,394.57,2,21,false,3
HG_017,DBL,RO,ADL-1,2026-05-14,400.79,2,21,false,3
HG_017,DBL,RO,ADL-1,2026-05-15,379.78,2,21,false,3
HG_017,DBL,RO,ADL-1,2026-05-16,367.15,1,21,false,3
HG_017,DBL,RO,ADL-1,2026-05-17,394.34,1,21,false,3
HG_017,DBL,RO,ADL-1,2026-05-18,397.26,1,21,false,3
HG_017,DBL,RO,ADL-1,2026-05-19,371.19,1,21,false,3
HG_017,DBL,RO,ADL-1,2026-05-20,358.25,1,21,false,3
HG_017,DBL,RO,ADL-1,2026-05-21,371.04,1,21,false,3
HG_017,DBL,RO,ADL-1,2026-05-22,377.26,1,21,false,3
HG_017,DBL,RO,ADL-1,2026-05-23,419.55,1,21,false,3
HG_017,DBL,RO,ADL-1,2026-05-24,428.78,1,21,false,3
HG_017,DBL,RO,ADL-1,2026-05-25,410.36,1,21,false,3
HG_017,DBL,RO,ADL-1,2026-05-26,396.43,1,21,false,3
HG_017,DBL,RO,ADL-1,2026-05-27,373.51,1,21,false,3
HG_017,DBL,RO,ADL-1,2026-05-28,400.33,1,21,false,3
HG_017,DBL,RO,ADL-1,2026-05-29,410.75,1,21,false,3
HG_017,DBL,RO,ADL-1,2026-05-30,394.79,1,21,false,3
HG_017,DBL,RO,ADL-1,2026-05-31,436.71,2,21,false,3
HG_017,DBL,RO,ADL-1,2026-06-01,418.09,2,21,false,3
HG_017,DBL,RO,ADL-1,2026-06-02,403.04,2,21,false,3
HG_017,DBL,RO,ADL-1,2026-06-03,381.10,2,21,false,3
HG_017,DBL,RO,ADL-1,2026-06-04,381.36,2,21,false,3
HG_017,DBL,RO,ADL-1,2026-06-05,360.94,2,21,false,3
HG_017,DBL,RO,ADL-1,2026-06-06,437.32,2,21,false,3
HG_017,DBL,RO,ADL-1,2026-06-07,414.41,2,21,false,3
HG_017,DBL,RO,ADL-1,2026-06-08,373.65,2,21,false,3
HG_017,DBL,RO,ADL-1,2026-06-09,371.16,2,21,false,3
HG_017,DBL,RO,ADL-1,2026-06-10,391.15,2,21,false,3
HG_017,DBL,RO,ADL-1,2026-06-11,401.98,2,21,false,3
HG_017,DBL,RO,ADL-1,2026-06-12,384.68,2,21,false,3
HG_017,DBL,RO,ADL-1,2026-06-13,391.78,2,21,false,3
HG_017,DBL,RO,ADL-1,2026-06-14,389.31,2,21,false,3
HG_017,DBL,RO,ADL-1,2026-06-15,423.67,1,21,false,3
HG_017,DBL,RO,ADL-1,2026-06-16,430.57,1,21,false,3
HG_017,DBL,RO,ADL-1,2026-06-17,398.86,1,21,false,3
HG_017,DBL,RO,ADL-1,2026-06-18,402.80,1,21,false,3
HG_017,DBL,RO,ADL-1,2026-06-19,424.69,1,21,false,3
HG_017,DBL,RO,ADL-1,2026-06-20,391.69,1,21,false,3
HG_017,DBL,RO,ADL-1,2026-06-21,397.86,1,21,false,3
HG_017,DBL,RO,ADL-1,2026-06-22,389.69,1,21,false,3
HG_017,DBL,RO,ADL-1,2026-06-23,427.43,1,21,false,3
HG_017,DBL,RO,ADL-1,2026-06-24,432.47,1,21,false,3
HG_017,DBL,RO,ADL-1,2026-06-25,415.79,1,21,false,3
HG_017,DBL,RO,ADL-1,2026-06-26,391.69,1,21,false,3
HG_017,DBL,RO,ADL-1,2026-06-27,438.36,1,21,false,3
HG_017,DBL,RO,ADL-1,2026-06-28,443.18,1,21,false,3
HG_017,DBL,RO,ADL-1,2026-06-29,395.43,1,21,false,3
HG_017,SGL,RO,ADL-1,2026-05-01,429.27,2,21,false,3
HG_017,SGL,RO,ADL-1,2026-05-02,444.23,2,21,false,3
HG_017,SGL,RO,ADL-1,2026-05-03,404.31,2,21,false,3
HG_017,SGL,RO,ADL-1,2026-05-04,398.42,2,21,false,3
HG_017,SGL,RO,ADL-1,2026-05-05,433.53,2,21,false,3
HG_017,SGL,RO,ADL-1,2026-05-06,410.53,2,21,false,3
HG_017,SGL,RO,ADL-1,2026-05-07,429.53,2,21,false,3
HG_017,SGL,RO,ADL-1,2026-05-08,382.46,2,21,false,3
HG_017,SGL,RO,ADL-1,2026-05-09,408.64,2,21,false,3
HG_017,SGL,RO,ADL-1,2026-05-10,430.00,2,21,false,3
HG_017,SGL,RO,ADL-1,2026-05-11,393.29,2,21,false,3
HG_017,SGL,RO,ADL-1,2026-05-12,407.80,2,21,false,3
HG_017,SGL,RO,ADL-1,2026-05-13,415.27,2,21,false,3
HG_017,SGL,RO,ADL-1,2026-05-14,383.09,2,21,false,3
HG_017,SGL,RO,ADL-1,2026-05-15,404.49,2,21,false,3
HG_017,SGL,RO,ADL-1,2026-05-16,451.81,1,21,false,3
HG_017,SGL,RO,ADL-1,2026-05-17,416.84,1,21,false,3
HG_017,SGL,RO,ADL-1,2026-05-18,375.38,1,21,false,3
HG_017,SGL,RO,ADL-1,2026-05-19,411.37,1,21,false,3
HG_017,SGL,RO,ADL-1,2026-05-20,404.75,1,21,false,3
HG_017,SGL,RO,ADL-1,2026-05-21,403.70,1,21,false,3
HG_017,SGL,RO,ADL-1,2026-05-22,433.70,1,21,false,3
HG_017,SGL,RO,ADL-1,2026-05-23,396.51,1,21,false,3
HG_017,SGL,RO,ADL-1,2026-05-24,453.40,1,21,false,3
HG_017,SGL,RO,ADL-1,2026-05-25,379.92,1,21,false,3
HG_017,SGL,RO,ADL-1,2026-05-26,375.77,1,21,false,3
HG_017,SGL,RO,ADL-1,2026-05-27,387.38,1,21,false,3
HG_017,SGL,RO,ADL-1,2026-05-28,404.98,1,21,false,3
HG_017,SGL,RO,ADL-1,2026-05-29,377.50,1,21,false,3
HG_017,SGL,RO,ADL-1,2026-05-30,415.15,1,21,false,3
HG_017,SGL,RO,ADL-1,2026-05-31,429.93,2,21,false,3
HG_017,SGL,RO,ADL-1,2026-06-01,447.83,2,21,false,3
HG_017,SGL,RO,ADL-1,2026-06-02,430.51,2,21,false,3
HG_017,SGL,RO,ADL-1,2026-06-03,394.87,2,21,false,3
HG_017,SGL,RO,ADL-1,2026-06-04,437.31,2,21,false,3
HG_017,SGL,RO,ADL-1,2026-06-05,443.62,2,21,false,3
HG_017,SGL,RO,ADL-1,2026-06-06,417.88,2,21,false,3
HG_017,SGL,RO,ADL-1,2026-06-07,425.52,2,21,false,3
HG_017,SGL,RO,ADL-1,2026-06-08,454.51,2,21,false,3
HG_017,SGL,RO,ADL-1,2026-06-09,439.39,2,21,false,3
HG_017,SGL,RO,ADL-1,2026-06-10,430.60,2,21,false,3
HG_017,SGL,RO,ADL-1,2026-06-11,386.04,2,21,false,3
HG_017,SGL,RO,ADL-1,2026-06-12,453.56,2,21,false,3
HG_017,SGL,RO,ADL-1,2026-06-13,473.32,2,21,false,3
HG_017,SGL,RO,ADL-1,2026-06-14,446.10,2,21,false,3
HG_017,SGL,RO,ADL-1,2026-06-15,429.09,1,21,false,3
HG_017,SGL,RO,ADL-1,2026-06-16,466.28,1,21,false,3
HG_017,SGL,RO,ADL-1,2026-06-17,450.40,1,21,false,3
HG_017,SGL,RO,ADL-1,2026-06-18,454.25,1,21,false,3
HG_017,SGL,RO,ADL-1,2026-06-19,447.56,1,21,false,3
HG_017,SGL,RO,ADL-1,2026-06-20,421.63,1,21,false,3
HG_017,SGL,RO,ADL-1,2026-06-21,440.72,1,21,false,3
HG_017,SGL,RO,ADL-1,2026-06-22,430.80,1,21,false,3
HG_017,SGL,RO,ADL-1,2026-06-23,432.43,1,21,false,3
HG_017,SGL,RO,ADL-1,2026-06-24,462.81,1,21,false,3
HG_017,SGL,RO,ADL-1,2026-06-25,406.52,1,21,false,3
HG_017,SGL,RO,ADL-1,2026-06-26,430.91,1,21,false,3
HG_017,SGL,RO,ADL-1,2026-06-27,427.32,1,21,false,3
HG_017,SGL,RO,ADL-1,2026-06-28,469.88,1,21,false,3
HG_017,SGL,RO,ADL-1,2026-06-29,441.36,1,21,false,3
HG_017,FAM,RO,ADL-1,2026-05-01,451.97,2,21,false,3
HG_017,FAM,RO,ADL-1,2026-05-02,477.70,2,21,false,3
HG_017,FAM,RO,ADL-1,2026-05-03,482.01,2,21,false,3
HG_017,FAM,RO,ADL-1,2026-05-04,422.51,2,21,false,3
HG_017,FAM,RO,ADL-1,2026-05-05,395.71,2,21,false,3
HG_017,FAM,RO,ADL-1,2026-05-06,410.23,2,21,false,3
HG_017,FAM,RO,ADL-1,2026-05-07,439.72,2,21,false,3
HG_017,FAM,RO,ADL-1,2026-05-08,421.73,2,21,false,3
HG_017,FAM,RO,ADL-1,2026-05-09,430.19,2,21,false,3
HG_017,FAM,RO,ADL-1,2026-05-10,422.39,2,21,false,3
HG_017,FAM,RO,ADL-1,2026-05-11,410.26,2,21,false,3
HG_017,FAM,RO,ADL-1,2026-05-12,431.91,2,21,false,3
HG_017,FAM,RO,ADL-1,2026-05-13,462.18,2,21,false,3
HG_017,FAM,RO,ADL-1,2026-05-14,414.90,2,21,false,3
HG_017,FAM,RO,ADL-1,2026-05-15,403.43,2,21,false,3
HG_017,FAM,RO,ADL-1,2026-05-16,448.56,1,21,false,3
HG_017,FAM,RO,ADL-1,2026-05-17,444.94,1,21,false,3
HG_017,FAM,RO,ADL-1,2026-05-18,426.60,1,21,false,3
HG_017,FAM,RO,ADL-1,2026-05-19,406.49,1,21,false,3
HG_017,FAM,RO,ADL-1,2026-05-20,411.41,1,21,false,3
HG_017,FAM,RO,ADL-1,2026-05-21,444.26,1,21,false,3
HG_017,FAM,RO,ADL-1,2026-05-22,466.73,1,21,false,3
HG_017,FAM,RO,ADL-1,2026-05-23,468.81,1,21,false,3
HG_017,FAM,RO,ADL-1,2026-05-24,483.38,1,21,false,3
HG_017,FAM,RO,ADL-1,2026-05-25,411.10,1,21,false,3
HG_017,FAM,RO,ADL-1,2026-05-26,418.57,1,21,false,3
HG_017,FAM,RO,ADL-1,2026-05-27,445.46,1,21,false,3
HG_017,FAM,RO,ADL-1,2026-05-28,463.71,1,21,false,3
HG_017,FAM,RO,ADL-1,2026-05-29,440.01,1,21,false,3
HG_017,FAM,RO,ADL-1,2026-05-30,437.15,1,21,false,3
HG_017,FAM,RO,ADL-1,2026-05-31,446.68,2,21,false,3
HG_017,FAM,RO,ADL-1,2026-06-01,470.38,2,21,false,3
HG_017,FAM,RO,ADL-1,2026-06-02,462.92,2,21,false,3
HG_017,FAM,RO,ADL-1,2026-06-03,412.68,2,21,false,3
HG_017,FAM,RO,ADL-1,2026-06-04,483.61,2,21,false,3
HG_017,FAM,RO,ADL-1,2026-06-05,414.14,2,21,false,3
HG_017,FAM,RO,ADL-1,2026-06-06,441.55,2,21,false,3
HG_017,FAM,RO,ADL-1,2026-06-07,476.96,2,21,false,3
HG_017,FAM,RO,ADL-1,2026-06-08,413.17,2,21,false,3
HG_017,FAM,RO,ADL-1,2026-06-09,448.28,2,21,false,3
HG_017,FAM,RO,ADL-1,2026-06-10,476.13,2,21,false,3
HG_017,FAM,RO,ADL-1,2026-06-11,477.23,2,21,false,3
HG_017,FAM,RO,ADL-1,2026-06-12,472.40,2,21,false,3
HG_017,FAM,RO,ADL-1,2026-06-13,431.04,2,21,false,3
HG_017,FAM,RO,ADL-1,2026-06-14,444.62,2,21,false,3
HG_017,FAM,RO,ADL-1,2026-06-15,475.12,1,21,false,3
HG_017,FAM,RO,ADL-1,2026-06-16,452.29,1,21,false,3
HG_017,FAM,RO,ADL-1,2026-06-17,435.76,1,21,false,3
HG_017,FAM,RO,ADL-1,2026-06-18,490.19,1,21,false,3
HG_017,FAM,RO,ADL-1,2026-06-19,457.22,1,21,false,3
HG_017,FAM,RO,ADL-1,2026-06-20,483.93,1,21,false,3
HG_017,FAM,RO,ADL-1,2026-06-21,457.80,1,21,false,3
HG_017,FAM,RO,ADL-1,2026-06-22,484.31,1,21,false,3
HG_017,FAM,RO,ADL-1,2026-06-23,428.53,1,21,false,3
HG_017,FAM,RO,ADL-1,2026-06-24,478.22,1,21,false,3
HG_017,FAM,RO,ADL-1,2026-06-25,451.47,1,21,false,3
HG_017,FAM,RO,ADL-1,2026-06-26,432.38,1,21,false,3
HG_017,FAM,RO,ADL-1,2026-06-27,459.49,1,21,false,3
HG_017,FAM,RO,ADL-1,2026-06-28,455.50,1,21,false,3
HG_017,FAM,RO,ADL-1,2026-06-29,457.54,1,21,false,3
HG_018,DBL,RO,ADL-1,2026-05-01,388.64,3,21,false,4
HG_018,DBL,RO,ADL-1,2026-05-02,405.33,3,21,false,4
HG_018,DBL,RO,ADL-1,2026-05-03,392.93,3,21,false,4
HG_018,DBL,RO,ADL-1,2026-05-04,411.88,3,21,false,4
HG_018,DBL,RO,ADL-1,2026-05-05,366.89,3,21,false,4
HG_018,DBL,RO,ADL-1,2026-05-06,376.08,3,21,false,4
HG_018,DBL,RO,ADL-1,2026-05-07,378.00,3,21,false,4
HG_018,DBL,RO,ADL-1,2026-05-08,380.22,3,21,false,4
HG_018,DBL,RO,ADL-1,2026-05-09,396.86,3,21,false,4
HG_018,DBL,RO,ADL-1,2026-05-10,417.93,3,21,false,4
HG_018,DBL,RO,ADL-1,2026-05-11,395.92,3,21,false,4
HG_018,DBL,RO,ADL-1,2026-05-12,353.83,3,21,false,4
HG_018,DBL,RO,ADL-1,2026-05-13,395.44,3,21,false,4
HG_018,DBL,RO,ADL-1,2026-05-14,401.35,3,21,false,4
HG_018,DBL,RO,ADL-1,2026-05-15,366.43,3,21,false,4
HG_018,DBL,RO,ADL-1,2026-05-16,445.34,1,21,false,4
HG_018,DBL,RO,ADL-1,2026-05-17,457.81,1,21,false,4
HG_018,DBL,RO,ADL-1,2026-05-18,398.03,1,21,false,4
HG_018,DBL,RO,ADL-1,2026-05-19,385.73,1,21,false,4
HG_018,DBL,RO,ADL-1,2026-05-20,409.84,1,21,false,4
HG_018,DBL,RO,ADL-1,2026-05-21,369.59,1,21,false,4
HG_018,DBL,RO,ADL-1,2026-05-22,373.19,1,21,false,4
HG_018,DBL,RO,ADL-1,2026-05-23,432.01,1,21,false,4
HG_018,DBL,RO,ADL-1,2026-05-24,453.47,1,21,false,4
HG_018,DBL,RO,ADL-1,2026-05-25,425.93,1,21,false,4
HG_018,DBL,RO,ADL-1,2026-05-26,425.79,1,21,false,4
HG_018,DBL,RO,ADL-1,2026-05-27,371.76,1,21,false,4
HG_018,DBL,RO,ADL-1,2026-05-28,376.21,1,21,false,4
HG_018,DBL,RO,ADL-1,2026-05-29,384.22,1,21,false,4
HG_018,DBL,RO,ADL-1,2026-05-30,443.33,1,21,false,4
HG_018,DBL,RO,ADL-1,2026-05-31,459.99,3,21,false,4
HG_018,DBL,RO,ADL-1,2026-06-01,436.54,3,21,false,4
HG_018,DBL,RO,ADL-1,2026-06-02,387.16,3,21,false,4
HG_018,DBL,RO,ADL-1,2026-06-03,422.46,3,21,false,4
HG_018,DBL,RO,ADL-1,2026-06-04,431.37,3,21,false,4
HG_018,DBL,RO,ADL-1,2026-06-05,382.71,3,21,false,4
HG_018,DBL,RO,ADL-1,2026-06-06,443.90,3,21,false,4
HG_018,DBL,RO,ADL-1,2026-06-07,407.64,3,21,false,4
HG_018,DBL,RO,ADL-1,2026-06-08,435.11,3,21,false,4
HG_018,DBL,RO,ADL-1,2026-06-09,429.07,3,21,false,4
HG_018,DBL,RO,ADL-1,2026-06-10,429.72,3,21,false,4
HG_018,DBL,RO,ADL-1,2026-06-11,375.75,3,21,false,4
HG_018,DBL,RO,ADL-1,2026-06-12,384.15,3,21,false,4
HG_018,DBL,RO,ADL-1,2026-06-13,419.66,3,21,false,4
HG_018,DBL,RO,ADL-1,2026-06-14,430.17,3,21,false,4
HG_018,DBL,RO,ADL-1,2026-06-15,450.31,1,21,false,4
HG_018,DBL,RO,ADL-1,2026-06-16,426.32,1,21,false,4
HG_018,DBL,RO,ADL-1,2026-06-17,399.27,1,21,false,4
HG_018,DBL,RO,ADL-1,2026-06-18,398.34,1,21,false,4
HG_018,DBL,RO,ADL-1,2026-06-19,412.53,1,21,false,4
HG_018,DBL,RO,ADL-1,2026-06-20,460.08,1,21,false,4
HG_018,DBL,RO,ADL-1,2026-06-21,430.11,1,21,false,4
HG_018,DBL,RO,ADL-1,2026-06-22,419.30,1,21,false,4
HG_018,DBL,RO,ADL-1,2026-06-23,422.81,1,21,false,4
HG_018,DBL,RO,ADL-1,2026-06-24,416.74,1,21,false,4
HG_018,DBL,RO,ADL-1,2026-06-25,388.66,1,21,false,4
HG_018,DBL,RO,ADL-1,2026-06-26,394.71,1,21,false,4
HG_018,DBL,RO,ADL-1,2026-06-27,444.00,1,21,false,4
HG_018,DBL,RO,ADL-1,2026-06-28,460.22,1,21,false,4
HG_018,DBL,RO,ADL-1,2026-06-29,401.51,1,21,false,4
HG_018,DBL,RO,ADL-2,2026-05-01,371.26,3,21,false,4
HG_018,DBL,RO,ADL-2,2026-05-02,399.21,3,21,false,4
HG_018,DBL,RO,ADL-2,2026-05-03,421.00,3,21,false,4
HG_018,DBL,RO,ADL-2,2026-05-04,355.01,3,21,false,4
HG_018,DBL,RO,ADL-2,2026-05-05,410.39,3,21,false,4
HG_018,DBL,RO,ADL-2,2026-05-06,398.74,3,21,false,4
HG_018,DBL,RO,ADL-2,2026-05-07,424.46,3,21,false,4
HG_018,DBL,RO,ADL-2,2026-05-08,361.81,3,21,false,4
HG_018,DBL,RO,ADL-2,2026-05-09,419.95,3,21,false,4
HG_018,DBL,RO,ADL-2,2026-05-10,435.52,3,21,false,4
HG_018,DBL,RO,ADL-2,2026-05-11,361.46,3,21,false,4
HG_018,DBL,RO,ADL-2,2026-05-12,384.29,3,21,false,4
HG_018,DBL,RO,ADL-2,2026-05-13,424.68,3,21,false,4
HG_018,DBL,RO,ADL-2,2026-05-14,413.64,3,21,false,4
HG_018,DBL,RO,ADL-2,2026-05-15,422.88,3,21,false,4
HG_018,DBL,RO,ADL-2,2026-05-16,394.66,1,21,false,4
HG_018,DBL,RO,ADL-2,2026-05-17,458.58,1,21,false,4
HG_018,DBL,RO,ADL-2,2026-05-18,368.17,1,21,false,4
HG_018,DBL,RO,ADL-2,2026-05-19,387.98,1,21,false,4
HG_018,DBL,RO,ADL-2,2026-05-20,423.44,1,21,false,4
HG_018,DBL,RO,ADL-2,2026-05-21,362.57,1,21,false,4
HG_018,DBL,RO,ADL-2,2026-05-22,416.19,1,21,false,4
HG_018,DBL,RO,ADL-2,2026-05-23,456.24,1,21,false,4
HG_018,DBL,RO,ADL-2,2026-05-24,407.78,1,21,false,4
HG_018,DBL,RO,ADL-2,2026-05-25,417.70,1,21,false,4
HG_018,DBL,RO,ADL-2,2026-05-26,429.75,1,21,false,4
HG_018,DBL,RO,ADL-2,2026-05-27,413.42,1,21,false,4
HG_018,DBL,RO,ADL-2,2026-05-28,371.42,1,21,false,4
HG_018,DBL,RO,ADL-2,2026-05-29,430.96,1,21,false,4
HG_018,DBL,RO,ADL-2,2026-05-30,402.44,1,21,false,4
HG_018,DBL,RO,ADL-2,2026-05-31,395.43,3,21,false,4
HG_018,DBL,RO,ADL-2,2026-06-01,440.64,3,21,false,4
HG_018,DBL,RO,ADL-2,2026-06-02,431.38,3,21,false,4
HG_018,DBL,RO,ADL-2,2026-06-03,425.96,3,21,false,4
HG_018,DBL,RO,ADL-2,2026-06-04,408.08,3,21,false,4
HG_018,DBL,RO,ADL-2,2026-06-05,388.47,3,21,false,4
HG_018,DBL,RO,ADL-2,2026-06-06,411.77,3,21,false,4
HG_018,DBL,RO,ADL-2,2026-06-07,446.99,3,21,false,4
HG_018,DBL,RO,ADL-2,2026-06-08,406.61,3,21,false,4
HG_018,DBL,RO,ADL-2,2026-06-09,425.25,3,21,false,4
HG_018,DBL,RO,ADL-2,2026-06-10,398.56,3,21,false,4
HG_018,DBL,RO,ADL-2,2026-06-11,406.33,3,21,false,4
HG_018,DBL,RO,ADL-2,2026-06-12,421.29,3,21,false,4
HG_018,DBL,RO,ADL-2,2026-06-13,429.29,3,21,false,4
HG_018,DBL,RO,ADL-2,2026-06-14,444.13,3,21,false,4
HG_018,DBL,RO,ADL-2,2026-06-15,439.65,1,21,false,4
HG_018,DBL,RO,ADL-2,2026-06-16,447.39,1,21,false,4
HG_018,DBL,RO,ADL-2,2026-06-17,423.18,1,21,false,4
HG_018,DBL,RO,ADL-2,2026-06-18,433.30,1,21,false,4
HG_018,DBL,RO,ADL-2,2026-06-19,416.34,1,21,false,4
HG_018,DBL,RO,ADL-2,2026-06-20,451.40,1,21,false,4
HG_018,DBL,RO,ADL-2,2026-06-21,405.48,1,21,false,4
HG_018,DBL,RO,ADL-2,2026-06-22,386.32,1,21,false,4
HG_018,DBL,RO,ADL-2,2026-06-23,443.19,1,21,false,4
HG_018,DBL,RO,ADL-2,2026-06-24,456.50,1,21,false,4
HG_018,DBL,RO,ADL-2,2026-06-25,387.12,1,21,false,4
HG_018,DBL,RO,ADL-2,2026-06-26,400.05,1,21,false,4
HG_018,DBL,RO,ADL-2,2026-06-27,424.58,1,21,false,4
HG_018,DBL,RO,ADL-2,2026-06-28,423.29,1,21,false,4
HG_018,DBL,RO,ADL-2,2026-06-29,442.19,1,21,false,4
HG_018,DBL,BB,ADL-1,2026-05-01,400.75,3,21,false,4
HG_018,DBL,BB,ADL-1,2026-05-02,400.37,3,21,false,4
HG_018,DBL,BB,ADL-1,2026-05-03,391.83,3,21,false,4
HG_018,DBL,BB,ADL-1,2026-05-04,409.39,3,21,false,4
HG_018,DBL,BB,ADL-1,2026-05-05,377.50,3,21,false,4
HG_018,DBL,BB,ADL-1,2026-05-06,423.10,3,21,false,4
HG_018,DBL,BB,ADL-1,2026-05-07,412.64,3,21,false,4
HG_018,DBL,BB,ADL-1,2026-05-08,421.65,3,21,false,4
HG_018,DBL,BB,ADL-1,2026-05-09,407.61,3,21,false,4
HG_018,DBL,BB,ADL-1,2026-05-10,385.39,3,21,false,4
HG_018,DBL,BB,ADL-1,2026-05-11,381.90,3,21,false,4
HG_018,DBL,BB,ADL-1,2026-05-12,407.03,3,21,false,4
HG_018,DBL,BB,ADL-1,2026-05-13,420.92,3,21,false,4
HG_018,DBL,BB,ADL-1,2026-05-14,391.29,3,21,false,4
HG_018,DBL,BB,ADL-1,2026-05-15,424.94,3,21,false,4
HG_018,DBL,BB,ADL-1,2026-05-16,427.88,1,21,false,4
HG_018,DBL,BB,ADL-1,2026-05-17,440.16,1,21,false,4
HG_018,DBL,BB,ADL-1,2026-05-18,392.20,1,21,false,4
HG_018,DBL,BB,ADL-1,2026-05-19,434.16,1,21,false,4
HG_018,DBL,BB,ADL-1,2026-05-20,437.11,1,21,false,4
HG_018,DBL,BB,ADL-1,2026-05-21,389.30,1,21,false,4
HG_018,DBL,BB,ADL-1,2026-05-22,414.75,1,21,false,4
HG_018,DBL,BB,ADL-1,2026-05-23,430.94,1,21,false,4
HG_018,DBL,BB,ADL-1,2026-05-24,396.38,1,21,false,4
HG_018,DBL,BB,ADL-1,2026-05-25,408.55,1,21,false,4
HG_018,DBL,BB,ADL-1,2026-05-26,428.89,1,21,false,4
HG_018,DBL,BB,ADL-1,2026-05-27,449.46,1,21,false,4
HG_018,DBL,BB,ADL-1,2026-05-28,398.53,1,21,false,4
HG_018,DBL,BB,ADL-1,2026-05-29,398.08,1,21,false,4
HG_018,DBL,BB,ADL-1,2026-05-30,434.19,1,21,false,4
HG_018,DBL,BB,ADL-1,2026-05-31,409.46,3,21,false,4
HG_018,DBL,BB,ADL-1,2026-06-01,458.60,3,21,false,4
HG_018,DBL,BB,ADL-1,2026-06-02,406.70,3,21,false,4
HG_018,DBL,BB,ADL-1,2026-06-03,396.99,3,21,false,4
HG_018,DBL,BB,ADL-1,2026-06-04,392.02,3,21,false,4
HG_018,DBL,BB,ADL-1,2026-06-05,445.87,3,21,false,4
HG_018,DBL,BB,ADL-1,2026-06-06,415.22,3,21,false,4
HG_018,DBL,BB,ADL-1,2026-06-07,484.44,3,21,false,4
HG_018,DBL,BB,ADL-1,2026-06-08,449.90,3,21,false,4
HG_018,DBL,BB,ADL-1,2026-06-09,441.21,3,21,false,4
HG_018,DBL,BB,ADL-1,2026-06-10,439.27,3,21,false,4
HG_018,DBL,BB,ADL-1,2026-06-11,396.07,3,21,false,4
HG_018,DBL,BB,ADL-1,2026-06-12,415.24,3,21,false,4
HG_018,DBL,BB,ADL-1,2026-06-13,440.48,3,21,false,4
HG_018,DBL,BB,ADL-1,2026-06-14,424.71,3,21,false,4
HG_018,DBL,BB,ADL-1,2026-06-15,416.74,1,21,false,4
HG_018,DBL,BB,ADL-1,2026-06-16,466.02,1,21,false,4
HG_018,DBL,BB,ADL-1,2026-06-17,443.64,1,21,false,4
HG_018,DBL,BB,ADL-1,2026-06-18,439.37,1,21,false,4
HG_018,DBL,BB,ADL-1,2026-06-19,450.42,1,21,false,4
HG_018,DBL,BB,ADL-1,2026-06-20,420.70,1,21,false,4
HG_018,DBL,BB,ADL-1,2026-06-21,426.75,1,21,false,4
HG_018,DBL,BB,ADL-1,2026-06-22,469.56,1,21,false,4
HG_018,DBL,BB,ADL-1,2026-06-23,475.48,1,21,false,4
HG_018,DBL,BB,ADL-1,2026-06-24,414.05,1,21,false,4
HG_018,DBL,BB,ADL-1,2026-06-25,410.00,1,21,false,4
HG_018,DBL,BB,ADL-1,2026-06-26,418.03,1,21,false,4
HG_018,DBL,BB,ADL-1,2026-06-27,414.51,1,21,false,4
HG_018,DBL,BB,ADL-1,2026-06-28,453.30,1,21,false,4
HG_018,DBL,BB,ADL-1,2026-06-29,473.16,1,21,false,4
HG_018,DBL,BB,ADL-2,2026-05-01,432.14,3,21,false,4
HG_018,DBL,BB,ADL-2,2026-05-02,457.78,3,21,false,4
HG_018,DBL,BB,ADL-2,2026-05-03,438.48,3,21,false,4
HG_018,DBL,BB,ADL-2,2026-05-04,422.04,3,21,false,4
HG_018,DBL,BB,ADL-2,2026-05-05,377.98,3,21,false,4
HG_018,DBL,BB,ADL-2,2026-05-06,385.74,3,21,false,4
HG_018,DBL,BB,ADL-2,2026-05-07,391.62,3,21,false,4
HG_018,DBL,BB,ADL-2,2026-05-08,413.32,3,21,false,4
HG_018,DBL,BB,ADL-2,2026-05-09,409.96,3,21,false,4
HG_018,DBL,BB,ADL-2,2026-05-10,431.74,3,21,false,4
HG_018,DBL,BB,ADL-2,2026-05-11,385.76,3,21,false,4
HG_018,DBL,BB,ADL-2,2026-05-12,369.84,3,21,false,4
HG_018,DBL,BB,ADL-2,2026-05-13,419.33,3,21,false,4
HG_018,DBL,BB,ADL-2,2026-05-14,435.59,3,21,false,4
HG_018,DBL,BB,ADL-2,2026-05-15,421.77,3,21,false,4
HG_018,DBL,BB,ADL-2,2026-05-16,443.20,1,21,false,4
HG_018,DBL,BB,ADL-2,2026-05-17,455.85,1,21,false,4
HG_018,DBL,BB,ADL-2,2026-05-18,402.04,1,21,false,4
HG_018,DBL,BB,ADL-2,2026-05-19,378.42,1,21,false,4
HG_018,DBL,BB,ADL-2,2026-05-20,412.10,1,21,false,4
HG_018,DBL,BB,ADL-2,2026-05-21,453.19,1,21,false,4
HG_018,DBL,BB,ADL-2,2026-05-22,436.06,1,21,false,4
HG_018,DBL,BB,ADL-2,2026-05-23,447.36,1,21,false,4
HG_018,DBL,BB,ADL-2,2026-05-24,407.68,1,21,false,4
HG_018,DBL,BB,ADL-2,2026-05-25,453.25,1,21,false,4
HG_018,DBL,BB,ADL-2,2026-05-26,393.87,1,21,false,4
HG_018,DBL,BB,ADL-2,2026-05-27,376.41,1,21,false,4
HG_018,DBL,BB,ADL-2,2026-05-28,425.58,1,21,false,4
HG_018,DBL,BB,ADL-2,2026-05-29,439.68,1,21,false,4
HG_018,DBL,BB,ADL-2,2026-05-30,455.59,1,21,false,4
HG_018,DBL,BB,ADL-2,2026-05-31,424.58,3,21,false,4
HG_018,DBL,BB,ADL-2,2026-06-01,453.23,3,21,false,4
HG_018,DBL,BB,ADL-2,2026-06-02,441.10,3,21,false,4
HG_018,DBL,BB,ADL-2,2026-06-03,419.86,3,21,false,4
HG_018,DBL,BB,ADL-2,2026-06-04,385.09,3,21,false,4
HG_018,DBL,BB,ADL-2,2026-06-05,435.60,3,21,false,4
HG_018,DBL,BB,ADL-2,2026-06-06,420.40,3,21,false,4
HG_018,DBL,BB,ADL-2,2026-06-07,434.06,3,21,false,4
HG_018,DBL,BB,ADL-2,2026-06-08,431.86,3,21,false,4
HG_018,DBL,BB,ADL-2,2026-06-09,434.52,3,21,false,4
HG_018,DBL,BB,ADL-2,2026-06-10,416.75,3,21,false,4
HG_018,DBL,BB,ADL-2,2026-06-11,386.59,3,21,false,4
HG_018,DBL,BB,ADL-2,2026-06-12,453.52,3,21,false,4
HG_018,DBL,BB,ADL-2,2026-06-13,424.49,3,21,false,4
HG_018,DBL,BB,ADL-2,2026-06-14,417.10,3,21,false,4
HG_018,DBL,BB,ADL-2,2026-06-15,437.63,1,21,false,4
HG_018,DBL,BB,ADL-2,2026-06-16,465.25,1,21,false,4
HG_018,DBL,BB,ADL-2,2026-06-17,420.03,1,21,false,4
HG_018,DBL,BB,ADL-2,2026-06-18,468.52,1,21,false,4
HG_018,DBL,BB,ADL-2,2026-06-19,471.44,1,21,false,4
HG_018,DBL,BB,ADL-2,2026-06-20,467.63,1,21,false,4
HG_018,DBL,BB,ADL-2,2026-06-21,441.31,1,21,false,4
HG_018,DBL,BB,ADL-2,2026-06-22,452.81,1,21,false,4
HG_018,DBL,BB,ADL-2,2026-06-23,460.67,1,21,false,4
HG_018,DBL,BB,ADL-2,2026-06-24,447.83,1,21,false,4
HG_018,DBL,BB,ADL-2,2026-06-25,404.23,1,21,false,4
HG_018,DBL,BB,ADL-2,2026-06-26,467.77,1,21,false,4
HG_018,DBL,BB,ADL-2,2026-06-27,411.94,1,21,false,4
HG_018,DBL,BB,ADL-2,2026-06-28,480.20,1,21,false,4
HG_018,DBL,BB,ADL-2,2026-06-29,466.97,1,21,false,4
HG_018,SGL,RO,ADL-1,2026-05-01,434.82,3,21,false,4
HG_018,SGL,RO,ADL-1,2026-05-02,442.22,3,21,false,4
HG_018,SGL,RO,ADL-1,2026-05-03,414.71,3,21,false,4
HG_018,SGL,RO,ADL-1,2026-05-04,414.52,3,21,false,4
HG_018,SGL,RO,ADL-1,2026-05-05,385.32,3,21,false,4
HG_018,SGL,RO,ADL-1,2026-05-06,447.11,3,21,false,4
HG_018,SGL,RO,ADL-1,2026-05-07,399.30,3,21,false,4
HG_018,SGL,RO,ADL-1,2026-05-08,430.94,3,21,false,4
HG_018,SGL,RO,ADL-1,2026-05-09,449.48,3,21,false,4
HG_018,SGL,RO,ADL-1,2026-05-10,456.82,3,21,false,4
HG_018,SGL,RO,ADL-1,2026-05-11,449.74,3,21,false,4
HG_018,SGL,RO,ADL-1,2026-05-12,434.61,3,21,false,4
HG_018,SGL,RO,ADL-1,2026-05-13,380.18,3,21,false,4
HG_018,SGL,RO,ADL-1,2026-05-14,442.91,3,21,false,4
HG_018,SGL,RO,ADL-1,2026-05-15,425.86,3,21,false,4
HG_018,SGL,RO,ADL-1,2026-05-16,448.31,1,21,false,4
HG_018,SGL,RO,ADL-1,2026-05-17,409.29,1,21,false,4
HG_018,SGL,RO,ADL-1,2026-05-18,389.82,1,21,false,4
HG_018,SGL,RO,ADL-1,2026-05-19,391.90,1,21,false,4
HG_018,SGL,RO,ADL-1,2026-05-20,445.06,1,21,false,4
HG_018,SGL,RO,ADL-1,2026-05-21,416.66,1,21,false,4
HG_018,SGL,RO,ADL-1,2026-05-22,407.02,1,21,false,4
HG_018,SGL,RO,ADL-1,2026-05-23,432.60,1,21,false,4
HG_018,SGL,RO,ADL-1,2026-05-24,431.04,1,21,false,4
HG_018,SGL,RO,ADL-1,2026-05-25,423.63,1,21,false,4
HG_018,SGL,RO,ADL-1,2026-05-26,468.66,1,21,false,4
HG_018,SGL,RO,ADL-1,2026-05-27,399.91,1,21,false,4
HG_018,SGL,RO,ADL-1,2026-05-28,433.23,1,21,false,4
HG_018,SGL,RO,ADL-1,2026-05-29,400.31,1,21,false,4
HG_018,SGL,RO,ADL-1,2026-05-30,456.51,1,21,false,4
HG_018,SGL,RO,ADL-1,2026-05-31,434.87,3,21,false,4
HG_018,SGL,RO,ADL-1,2026-06-01,420.94,3,21,false,4
HG_018,SGL,RO,ADL-1,2026-06-02,411.73,3,21,false,4
HG_018,SGL,RO,ADL-1,2026-06-03,425.62,3,21,false,4
HG_018,SGL,RO,ADL-1,2026-06-04,480.30,3,21,false,4
HG_018,SGL,RO,ADL-1,2026-06-05,400.45,3,21,false,4
HG_018,SGL,RO,ADL-1,2026-06-06,449.36,3,21,false,4
HG_018,SGL,RO,ADL-1,2026-06-07,453.82,3,21,false,4
HG_018,SGL,RO,ADL-1,2026-06-08,463.63,3,21,false,4
HG_018,SGL,RO,ADL-1,2026-06-09,400.78,3,21,false,4
HG_018,SGL,RO,ADL-1,2026-06-10,426.61,3,21,false,4
HG_018,SGL,RO,ADL-1,2026-06-11,476.31,3,21,false,4
HG_018,SGL,RO,ADL-1,2026-06-12,450.96,3,21,false,4
HG_018,SGL,RO,ADL-1,2026-06-13,436.72,3,21,false,4
HG_018,SGL,RO,ADL-1,2026-06-14,456.57,3,21,false,4
HG_018,SGL,RO,ADL-1,2026-06-15,468.91,1,21,false,4
HG_018,SGL,RO,ADL-1,2026-06-16,426.79,1,21,false,4
HG_018,SGL,RO,ADL-1,2026-06-17,408.81,1,21,false,4
HG_018,SGL,RO,ADL-1,2026-06-18,419.46,1,21,false,4
HG_018,SGL,RO,ADL-1,2026-06-19,419.88,1,21,false,4
HG_018,SGL,RO,ADL-1,2026-06-20,503.65,1,21,false,4
HG_018,SGL,RO,ADL-1,2026-06-21,456.23,1,21,false,4
HG_018,SGL,RO,ADL-1,2026-06-22,438.13,1,21,false,4
HG_018,SGL,RO,ADL-1,2026-06-23,465.31,1,21,false,4
HG_018,SGL,RO,ADL-1,2026-06-24,429.78,1,21,false,4
HG_018,SGL,RO,ADL-1,2026-06-25,478.85,1,21,false,4
HG_018,SGL,RO,ADL-1,2026-06-26,450.42,1,21,false,4
HG_018,SGL,RO,ADL-1,2026-06-27,464.89,1,21,false,4
HG_018,SGL,RO,ADL-1,2026-06-28,483.34,1,21,false,4
HG_018,SGL,RO,ADL-1,2026-06-29,426.22,1,21,false,4
HG_018,SGL,RO,ADL-2,2026-05-01,449.13,3,21,false,4
HG_018,SGL,RO,ADL-2,2026-05-02,401.63,3,21,false,4
HG_018,SGL,RO,ADL-2,2026-05-03,451.20,3,21,false,4
HG_018,SGL,RO,ADL-2,2026-05-04,432.69,3,21,false,4
HG_018,SGL,RO,ADL-2,2026-05-05,382.35,3,21,false,4
HG_018,SGL,RO,ADL-2,2026-05-06,449.62,3,21,false,4
HG_018,SGL,RO,ADL-2,2026-05-07,416.03,3,21,false,4
HG_018,SGL,RO,ADL-2,2026-05-08,431.84,3,21,false,4
HG_018,SGL,RO,ADL-2,2026-05-09,415.00,3,21,false,4
HG_018,SGL,RO,ADL-2,2026-05-10,423.93,3,21,false,4
HG_018,SGL,RO,ADL-2,2026-05-11,441.81,3,21,false,4
HG_018,SGL,RO,ADL-2,2026-05-12,402.94,3,21,false,4
HG_018,SGL,RO,ADL-2,2026-05-13,447.20,3,21,false,4
HG_018,SGL,RO,ADL-2,2026-05-14,456.62,3,21,false,4
HG_018,SGL,RO,ADL-2,2026-05-15,406.13,3,21,false,4
HG_018,SGL,RO,ADL-2,2026-05-16,457.09,1,21,false,4
HG_018,SGL,RO,ADL-2,2026-05-17,472.33,1,21,false,4
HG_018,SGL,RO,ADL-2,2026-05-18,457.66,1,21,false,4
HG_018,SGL,RO,ADL-2,2026-05-19,415.69,1,21,false,4
HG_018,SGL,RO,ADL-2,2026-05-20,451.86,1,21,false,4
HG_018,SGL,RO,ADL-2,2026-05-21,400.89,1,21,false,4
HG_018,SGL,RO,ADL-2,2026-05-22,400.90,1,21,false,4
HG_018,SGL,RO,ADL-2,2026-05-23,425.41,1,21,false,4
HG_018,SGL,RO,ADL-2,2026-05-24,491.00,1,21,false,4
HG_018,SGL,RO,ADL-2,2026-05-25,396.76,1,21,false,4
HG_018,SGL,RO,ADL-2,2026-05-26,451.39,1,21,false,4
HG_018,SGL,RO,ADL-2,2026-05-27,444.41,1,21,false,4
HG_018,SGL,RO,ADL-2,2026-05-28,429.02,1,21,false,4
HG_018,SGL,RO,ADL-2,2026-05-29,453.21,1,21,false,4
HG_018,SGL,RO,ADL-2,2026-05-30,459.70,1,21,false,4
HG_018,SGL,RO,ADL-2,2026-05-31,471.82,3,21,false,4
HG_018,SGL,RO,ADL-2,2026-06-01,408.00,3,21,false,4
HG_018,SGL,RO,ADL-2,2026-06-02,440.63,3,21,false,4
HG_018,SGL,RO,ADL-2,2026-06-03,423.04,3,21,false,4
HG_018,SGL,RO,ADL-2,2026-06-04,406.89,3,21,false,4
HG_018,SGL,RO,ADL-2,2026-06-05,419.97,3,21,false,4
HG_018,SGL,RO,ADL-2,2026-06-06,447.81,3,21,false,4
HG_018,SGL,RO,ADL-2,2026-06-07,418.04,3,21,false,4
HG_018,SGL,RO,ADL-2,2026-06-08,454.40,3,21,false,4
HG_018,SGL,RO,ADL-2,2026-06-09,409.65,3,21,false,4
HG_018,SGL,RO,ADL-2,2026-06-10,456.84,3,21,false,4
HG_018,SGL,RO,ADL-2,2026-06-11,409.08,3,21,false,4
HG_018,SGL,RO,ADL-2,2026-06-12,409.96,3,21,false,4
HG_018,SGL,RO,ADL-2,2026-06-13,426.07,3,21,false,4
HG_018,SGL,RO,ADL-2,2026-06-14,449.13,3,21,false,4
HG_018,SGL,RO,ADL-2,2026-06-15,449.14,1,21,false,4
HG_018,SGL,RO,ADL-2,2026-06-16,416.33,1,21,false,4
HG_018,SGL,RO,ADL-2,2026-06-17,410.91,1,21,false,4
HG_018,SGL,RO,ADL-2,2026-06-18,487.32,1,21,false,4
HG_018,SGL,RO,ADL-2,2026-06-19,466.45,1,21,false,4
HG_018,SGL,RO,ADL-2,2026-06-20,474.48,1,21,false,4
HG_018,SGL,RO,ADL-2,2026-06-21,506.06,1,21,false,4
HG_018,SGL,RO,ADL-2,2026-06-22,472.05,1,21,false,4
HG_018,SGL,RO,ADL-2,2026-06-23,407.51,1,21,false,4
HG_018,SGL,RO,ADL-2,2026-06-24,422.87,1,21,false,4
HG_018,SGL,RO,ADL-2,2026-06-25,427.36,1,21,false,4
HG_018,SGL,RO,ADL-2,2026-06-26,439.02,1,21,false,4
HG_018,SGL,RO,ADL-2,2026-06-27,508.42,1,21,false,4
HG_018,SGL,RO,ADL-2,2026-06-28,453.69,1,21,false,4
HG_018,SGL,RO,ADL-2,2026-06-29,463.61,1,21,false,4
HG_018,SGL,BB,ADL-1,2026-05-01,433.05,3,21,false,4
HG_018,SGL,BB,ADL-1,2026-05-02,485.45,3,21,false,4
HG_018,SGL,BB,ADL-1,2026-05-03,488.98,3,21,false,4
HG_018,SGL,BB,ADL-1,2026-05-04,398.96,3,21,false,4
HG_018,SGL,BB,ADL-1,2026-05-05,463.99,3,21,false,4
HG_018,SGL,BB,ADL-1,2026-05-06,411.21,3,21,false,4
HG_018,SGL,BB,ADL-1,2026-05-07,404.26,3,21,false,4
HG_018,SGL,BB,ADL-1,2026-05-08,460.50,3,21,false,4
HG_018,SGL,BB,ADL-1,2026-05-09,480.71,3,21,false,4
HG_018,SGL,BB,ADL-1,2026-05-10,489.47,3,21,false,4
HG_018,SGL,BB,ADL-1,2026-05-11,437.50,3,21,false,4
HG_018,SGL,BB,ADL-1,2026-05-12,433.08,3,21,false,4
HG_018,SGL,BB,ADL-1,2026-05-13,461.57,3,21,false,4
HG_018,SGL,BB,ADL-1,2026-05-14,461.43,3,21,false,4
HG_018,SGL,BB,ADL-1,2026-05-15,424.89,3,21,false,4
HG_018,SGL,BB,ADL-1,2026-05-16,492.35,1,21,false,4
HG_018,SGL,BB,ADL-1,2026-05-17,455.51,1,21,false,4
HG_018,SGL,BB,ADL-1,2026-05-18,433.84,1,21,false,4
HG_018,SGL,BB,ADL-1,2026-05-19,448.72,1,21,false,4
HG_018,SGL,BB,ADL-1,2026-05-20,453.00,1,21,false,4
HG_018,SGL,BB,ADL-1,2026-05-21,464.19,1,21,false,4
HG_018,SGL,BB,ADL-1,2026-05-22,448.43,1,21,false,4
HG_018,SGL,BB,ADL-1,2026-05-23,493.91,1,21,false,4
HG_018,SGL,BB,ADL-1,2026-05-24,494.98,1,21,false,4
HG_018,SGL,BB,ADL-1,2026-05-25,430.09,1,21,false,4
HG_018,SGL,BB,ADL-1,2026-05-26,443.15,1,21,false,4
HG_018,SGL,BB,ADL-1,2026-05-27,422.16,1,21,false,4
HG_018,SGL,BB,ADL-1,2026-05-28,458.12,1,21,false,4
HG_018,SGL,BB,ADL-1,2026-05-29,417.11,1,21,false,4
HG_018,SGL,BB,ADL-1,2026-05-30,442.25,1,21,false,4
HG_018,SGL,BB,ADL-1,2026-05-31,457.90,3,21,false,4
HG_018,SGL,BB,ADL-1,2026-06-01,420.95,3,21,false,4
HG_018,SGL,BB,ADL-1,2026-06-02,460.06,3,21,false,4
HG_018,SGL,BB,ADL-1,2026-06-03,416.18,3,21,false,4
HG_018,SGL,BB,ADL-1,2026-06-04,464.82,3,21,false,4
HG_018,SGL,BB,ADL-1,2026-06-05,467.47,3,21,false,4
HG_018,SGL,BB,ADL-1,2026-06-06,464.66,3,21,false,4
HG_018,SGL,BB,ADL-1,2026-06-07,442.70,3,21,false,4
HG_018,SGL,BB,ADL-1,2026-06-08,474.28,3,21,false,4
HG_018,SGL,BB,ADL-1,2026-06-09,489.73,3,21,false,4
HG_018,SGL,BB,ADL-1,2026-06-10,446.35,3,21,false,4
HG_018,SGL,BB,ADL-1,2026-06-11,465.26,3,21,false,4
HG_018,SGL,BB,ADL-1,2026-06-12,482.27,3,21,false,4
HG_018,SGL,BB,ADL-1,2026-06-13,515.73,3,21,false,4
HG_018,SGL,BB,ADL-1,2026-06-14,470.23,3,21,false,4
HG_018,SGL,BB,ADL-1,2026-06-15,483.67,1,21,false,4
HG_018,SGL,BB,ADL-1,2026-06-16,421.22,1,21,false,4
HG_018,SGL,BB,ADL-1,2026-06-17,452.47,1,21,false,4
HG_018,SGL,BB,ADL-1,2026-06-18,467.04,1,21,false,4
HG_018,SGL,BB,ADL-1,2026-06-19,506.44,1,21,false,4
HG_018,SGL,BB,ADL-1,2026-06-20,512.78,1,21,false,4
HG_018,SGL,BB,ADL-1,2026-06-21,503.39,1,21,false,4
HG_018,SGL,BB,ADL-1,2026-06-22,464.43,1,21,false,4
HG_018,SGL,BB,ADL-1,2026-06-23,483.54,1,21,false,4
HG_018,SGL,BB,ADL-1,2026-06-24,482.41,1,21,false,4
HG_018,SGL,BB,ADL-1,2026-06-25,467.48,1,21,false,4
HG_018,SGL,BB,ADL-1,2026-06-26,437.28,1,21,false,4
HG_018,SGL,BB,ADL-1,2026-06-27,467.42,1,21,false,4
HG_018,SGL,BB,ADL-1,2026-06-28,512.05,1,21,false,4
HG_018,SGL,BB,ADL-1,2026-06-29,469.94,1,21,false,4
HG_018,SGL,BB,ADL-2,2026-05-01,400.98,3,21,false,4
HG_018,SGL,BB,ADL-2,2026-05-02,444.04,3,21,false,4
HG_018,SGL,BB,ADL-2,2026-05-03,448.19,3,21,false,4
HG_018,SGL,BB,ADL-2,2026-05-04,439.63,3,21,false,4
HG_018,SGL,BB,ADL-2,2026-05-05,475.23,3,21,false,4
HG_018,SGL,BB,ADL-2,2026-05-06,452.90,3,21,false,4
HG_018,SGL,BB,ADL-2,2026-05-07,406.96,3,21,false,4
HG_018,SGL,BB,ADL-2,2026-05-08,449.79,3,21,false,4
HG_018,SGL,BB,ADL-2,2026-05-09,480.35,3,21,false,4
HG_018,SGL,BB,ADL-2,2026-05-10,443.95,3,21,false,4
HG_018,SGL,BB,ADL-2,2026-05-11,450.18,3,21,false,4
HG_018,SGL,BB,ADL-2,2026-05-12,423.63,3,21,false,4
HG_018,SGL,BB,ADL-2,2026-05-13,473.63,3,21,false,4
HG_018,SGL,BB,ADL-2,2026-05-14,455.34,3,21,false,4
HG_018,SGL,BB,ADL-2,2026-05-15,423.62,3,21,false,4
HG_018,SGL,BB,ADL-2,2026-05-16,480.05,1,21,false,4
HG_018,SGL,BB,ADL-2,2026-05-17,437.09,1,21,false,4
HG_018,SGL,BB,ADL-2,2026-05-18,403.48,1,21,false,4
HG_018,SGL,BB,ADL-2,2026-05-19,421.55,1,21,false,4
HG_018,SGL,BB,ADL-2,2026-05-20,448.57,1,21,false,4
HG_018,SGL,BB,ADL-2,2026-05-21,407.30,1,21,false,4
HG_018,SGL,BB,ADL-2,2026-05-22,449.78,1,21,false,4
HG_018,SGL,BB,ADL-2,2026-05-23,481.37,1,21,false,4
HG_018,SGL,BB,ADL-2,2026-05-24,441.69,1,21,false,4
HG_018,SGL,BB,ADL-2,2026-05-25,465.96,1,21,false,4
HG_018,SGL,BB,ADL-2,2026-05-26,402.76,1,21,false,4
HG_018,SGL,BB,ADL-2,2026-05-27,436.42,1,21,false,4
HG_018,SGL,BB,ADL-2,2026-05-28,403.40,1,21,false,4
HG_018,SGL,BB,ADL-2,2026-05-29,465.19,1,21,false,4
HG_018,SGL,BB,ADL-2,2026-05-30,427.49,1,21,false,4
HG_018,SGL,BB,ADL-2,2026-05-31,511.77,3,21,false,4
HG_018,SGL,BB,ADL-2,2026-06-01,475.54,3,21,false,4
HG_018,SGL,BB,ADL-2,2026-06-02,413.94,3,21,false,4
HG_018,SGL,BB,ADL-2,2026-06-03,429.89,3,21,false,4
HG_018,SGL,BB,ADL-2,2026-06-04,439.26,3,21,false,4
HG_018,SGL,BB,ADL-2,2026-06-05,458.29,3,21,false,4
HG_018,SGL,BB,ADL-2,2026-06-06,460.65,3,21,false,4
HG_018,SGL,BB,ADL-2,2026-06-07,512.33,3,21,false,4
HG_018,SGL,BB,ADL-2,2026-06-08,464.04,3,21,false,4
HG_018,SGL,BB,ADL-2,2026-06-09,436.36,3,21,false,4
HG_018,SGL,BB,ADL-2,2026-06-10,466.91,3,21,false,4
HG_018,SGL,BB,ADL-2,2026-06-11,452.99,3,21,false,4
HG_018,SGL,BB,ADL-2,2026-06-12,483.43,3,21,false,4
HG_018,SGL,BB,ADL-2,2026-06-13,465.41,3,21,false,4
HG_018,SGL,BB,ADL-2,2026-06-14,493.89,3,21,false,4
HG_018,SGL,BB,ADL-2,2026-06-15,459.13,1,21,false,4
HG_018,SGL,BB,ADL-2,2026-06-16,485.83,1,21,false,4
HG_018,SGL,BB,ADL-2,2026-06-17,468.71,1,21,false,4
HG_018,SGL,BB,ADL-2,2026-06-18,443.63,1,21,false,4
HG_018,SGL,BB,ADL-2,2026-06-19,499.13,1,21,false,4
HG_018,SGL,BB,ADL-2,2026-06-20,458.72,1,21,false,4
HG_018,SGL,BB,ADL-2,2026-06-21,506.58,1,21,false,4
HG_018,SGL,BB,ADL-2,2026-06-22,506.95,1,21,false,4
HG_018,SGL,BB,ADL-2,2026-06-23,498.69,1,21,false,4
HG_018,SGL,BB,ADL-2,2026-06-24,493.76,1,21,false,4
HG_018,SGL,BB,ADL-2,2026-06-25,426.95,1,21,false,4
HG_018,SGL,BB,ADL-2,2026-06-26,493.13,1,21,false,4
HG_018,SGL,BB,ADL-2,2026-06-27,469.98,1,21,false,4
HG_018,SGL,BB,ADL-2,2026-06-28,465.48,1,21,false,4
HG_018,SGL,BB,ADL-2,2026-06-29,473.14,1,21,false,4
HG_018,FAM,RO,ADL-1,2026-05-01,455.57,3,21,false,4
HG_018,FAM,RO,ADL-1,2026-05-02,430.02,3,21,false,4
HG_018,FAM,RO,ADL-1,2026-05-03,472.63,3,21,false,4
HG_018,FAM,RO,ADL-1,2026-05-04,435.84,3,21,false,4
HG_018,FAM,RO,ADL-1,2026-05-05,413.34,3,21,false,4
HG_018,FAM,RO,ADL-1,2026-05-06,447.24,3,21,false,4
HG_018,FAM,RO,ADL-1,2026-05-07,444.42,3,21,false,4
HG_018,FAM,RO,ADL-1,2026-05-08,460.48,3,21,false,4
HG_018,FAM,RO,ADL-1,2026-05-09,433.14,3,21,false,4
HG_018,FAM,RO,ADL-1,2026-05-10,461.49,3,21,false,4
HG_018,FAM,RO,ADL-1,2026-05-11,421.75,3,21,false,4
HG_018,FAM,RO,ADL-1,2026-05-12,434.63,3,21,false,4
HG_018,FAM,RO,ADL-1,2026-05-13,412.89,3,21,false,4
HG_018,FAM,RO,ADL-1,2026-05-14,456.19,3,21,false,4
HG_018,FAM,RO,ADL-1,2026-05-15,428.28,3,21,false,4
HG_018,FAM,RO,ADL-1,2026-05-16,476.37,1,21,false,4
HG_018,FAM,RO,ADL-1,2026-05-17,495.34,1,21,false,4
HG_018,FAM,RO,ADL-1,2026-05-18,417.65,1,21,false,4
HG_018,FAM,RO,ADL-1,2026-05-19,429.33,1,21,false,4
HG_018,FAM,RO,ADL-1,2026-05-20,442.34,1,21,false,4
HG_018,FAM,RO,ADL-1,2026-05-21,468.87,1,21,false,4
HG_018,FAM,RO,ADL-1,2026-05-22,462.11,1,21,false,4
HG_018,FAM,RO,ADL-1,2026-05-23,495.53,1,21,false,4
HG_018,FAM,RO,ADL-1,2026-05-24,448.97,1,21,false,4
HG_018,FAM,RO,ADL-1,2026-05-25,489.34,1,21,false,4
HG_018,FAM,RO,ADL-1,2026-05-26,448.61,1,21,false,4
HG_018,FAM,RO,ADL-1,2026-05-27,496.97,1,21,false,4
HG_018,FAM,RO,ADL-1,2026-05-28,419.75,1,21,false,4
HG_018,FAM,RO,ADL-1,2026-05-29,474.91,1,21,false,4
HG_018,FAM,RO,ADL-1,2026-05-30,515.59,1,21,false,4
HG_018,FAM,RO,ADL-1,2026-05-31,491.36,3,21,false,4
HG_018,FAM,RO,ADL-1,2026-06-01,485.56,3,21,false,4
HG_018,FAM,RO,ADL-1,2026-06-02,493.10,3,21,false,4
HG_018,FAM,RO,ADL-1,2026-06-03,454.74,3,21,false,4
HG_018,FAM,RO,ADL-1,2026-06-04,443.28,3,21,false,4
HG_018,FAM,RO,ADL-1,2026-06-05,437.48,3,21,false,4
HG_018,FAM,RO,ADL-1,2026-06-06,494.02,3,21,false,4
HG_018,FAM,RO,ADL-1,2026-06-07,500.03,3,21,false,4
HG_018,FAM,RO,ADL-1,2026-06-08,444.98,3,21,false,4
HG_018,FAM,RO,ADL-1,2026-06-09,443.42,3,21,false,4
HG_018,FAM,RO,ADL-1,2026-06-10,501.66,3,21,false,4
HG_018,FAM,RO,ADL-1,2026-06-11,431.30,3,21,false,4
HG_018,FAM,RO,ADL-1,2026-06-12,498.81,3,21,false,4
HG_018,FAM,RO,ADL-1,2026-06-13,514.12,3,21,false,4
HG_018,FAM,RO,ADL-1,2026-06-14,451.51,3,21,false,4
HG_018,FAM,RO,ADL-1,2026-06-15,462.71,1,21,false,4
HG_018,FAM,RO,ADL-1,2026-06-16,488.06,1,21,false,4
HG_018,FAM,RO,ADL-1,2026-06-17,434.41,1,21,false,4
HG_018,FAM,RO,ADL-1,2026-06-18,501.87,1,21,false,4
HG_018,FAM,RO,ADL-1,2026-06-19,519.84,1,21,false,4
HG_018,FAM,RO,ADL-1,2026-06-20,543.58,1,21,false,4
HG_018,FAM,RO,ADL-1,2026-06-21,543.51,1,21,false,4
HG_018,FAM,RO,ADL-1,2026-06-22,463.53,1,21,false,4
HG_018,FAM,RO,ADL-1,2026-06-23,451.85,1,21,false,4
HG_018,FAM,RO,ADL-1,2026-06-24,503.36,1,21,false,4
HG_018,FAM,RO,ADL-1,2026-06-25,520.50,1,21,false,4
HG_018,FAM,RO,ADL-1,2026-06-26,467.82,1,21,false,4
HG_018,FAM,RO,ADL-1,2026-06-27,466.57,1,21,false,4
HG_018,FAM,RO,ADL-1,2026-06-28,541.94,1,21,false,4
HG_018,FAM,RO,ADL-1,2026-06-29,501.44,1,21,false,4
HG_018,FAM,RO,ADL-2,2026-05-01,482.85,3,21,false,4
HG_018,FAM,RO,ADL-2,2026-05-02,505.04,3,21,false,4
HG_018,FAM,RO,ADL-2,2026-05-03,428.44,3,21,false,4
HG_018,FAM,RO,ADL-2,2026-05-04,486.87,3,21,false,4
HG_018,FAM,RO,ADL-2,2026-05-05,487.37,3,21,false,4
HG_018,FAM,RO,ADL-2,2026-05-06,441.96,3,21,false,4
HG_018,FAM,RO,ADL-2,2026-05-07,489.21,3,21,false,4
HG_018,FAM,RO,ADL-2,2026-05-08,478.80,3,21,false,4
HG_018,FAM,RO,ADL-2,2026-05-09,466.74,3,21,false,4
HG_018,FAM,RO,ADL-2,2026-05-10,459.49,3,21,false,4
HG_018,FAM,RO,ADL-2,2026-05-11,455.39,3,21,false,4
HG_018,FAM,RO,ADL-2,2026-05-12,469.17,3,21,false,4
HG_018,FAM,RO,ADL-2,2026-05-13,454.57,3,21,false,4
HG_018,FAM,RO,ADL-2,2026-05-14,429.79,3,21,false,4
HG_018,FAM,RO,ADL-2,2026-05-15,442.02,3,21,false,4
HG_018,FAM,RO,ADL-2,2026-05-16,442.71,1,21,false,4
HG_018,FAM,RO,ADL-2,2026-05-17,488.55,1,21,false,4
HG_018,FAM,RO,ADL-2,2026-05-18,429.50,1,21,false,4
HG_018,FAM,RO,ADL-2,2026-05-19,500.07,1,21,false,4
HG_018,FAM,RO,ADL-2,2026-05-20,422.19,1,21,false,4
HG_018,FAM,RO,ADL-2,2026-05-21,472.28,1,21,false,4
HG_018,FAM,RO,ADL-2,2026-05-22,457.72,1,21,false,4
HG_018,FAM,RO,ADL-2,2026-05-23,451.04,1,21,false,4
HG_018,FAM,RO,ADL-2,2026-05-24,444.24,1,21,false,4
HG_018,FAM,RO,ADL-2,2026-05-25,441.66,1,21,false,4
HG_018,FAM,RO,ADL-2,2026-05-26,476.58,1,21,false,4
HG_018,FAM,RO,ADL-2,2026-05-27,501.15,1,21,false,4
HG_018,FAM,RO,ADL-2,2026-05-28,420.21,1,21,false,4
HG_018,FAM,RO,ADL-2,2026-05-29,417.59,1,21,false,4
HG_018,FAM,RO,ADL-2,2026-05-30,513.17,1,21,false,4
HG_018,FAM,RO,ADL-2,2026-05-31,474.16,3,21,false,4
HG_018,FAM,RO,ADL-2,2026-06-01,430.74,3,21,false,4
HG_018,FAM,RO,ADL-2,2026-06-02,432.61,3,21,false,4
HG_018,FAM,RO,ADL-2,2026-06-03,442.03,3,21,false,4
HG_018,FAM,RO,ADL-2,2026-06-04,487.70,3,21,false,4
HG_018,FAM,RO,ADL-2,2026-06-05,507.47,3,21,false,4
HG_018,FAM,RO,ADL-2,2026-06-06,444.69,3,21,false,4
HG_018,FAM,RO,ADL-2,2026-06-07,498.73,3,21,false,4
HG_018,FAM,RO,ADL-2,2026-06-08,469.05,3,21,false,4
HG_018,FAM,RO,ADL-2,2026-06-09,444.66,3,21,false,4
HG_018,FAM,RO,ADL-2,2026-06-10,437.44,3,21,false,4
HG_018,FAM,RO,ADL-2,2026-06-11,475.43,3,21,false,4
HG_018,FAM,RO,ADL-2,2026-06-12,425.75,3,21,false,4
HG_018,FAM,RO,ADL-2,2026-06-13,480.92,3,21,false,4
HG_018,FAM,RO,ADL-2,2026-06-14,500.91,3,21,false,4
HG_018,FAM,RO,ADL-2,2026-06-15,496.43,1,21,false,4
HG_018,FAM,RO,ADL-2,2026-06-16,484.79,1,21,false,4
HG_018,FAM,RO,ADL-2,2026-06-17,512.06,1,21,false,4
HG_018,FAM,RO,ADL-2,2026-06-18,434.42,1,21,false,4
HG_018,FAM,RO,ADL-2,2026-06-19,515.48,1,21,false,4
HG_018,FAM,RO,ADL-2,2026-06-20,523.34,1,21,false,4
HG_018,FAM,RO,ADL-2,2026-06-21,472.91,1,21,false,4
HG_018,FAM,RO,ADL-2,2026-06-22,512.88,1,21,false,4
HG_018,FAM,RO,ADL-2,2026-06-23,447.66,1,21,false,4
HG_018,FAM,RO,ADL-2,2026-06-24,510.73,1,21,false,4
HG_018,FAM,RO,ADL-2,2026-06-25,518.92,1,21,false,4
HG_018,FAM,RO,ADL-2,2026-06-26,484.51,1,21,false,4
HG_018,FAM,RO,ADL-2,2026-06-27,471.42,1,21,false,4
HG_018,FAM,RO,ADL-2,2026-06-28,526.29,1,21,false,4
HG_018,FAM,RO,ADL-2,2026-06-29,449.60,1,21,false,4
HG_018,FAM,BB,ADL-1,2026-05-01,467.78,3,21,false,4
HG_018,FAM,BB,ADL-1,2026-05-02,506.24,3,21,false,4
HG_018,FAM,BB,ADL-1,2026-05-03,500.18,3,21,false,4
HG_018,FAM,BB,ADL-1,2026-05-04,465.19,3,21,false,4
HG_018,FAM,BB,ADL-1,2026-05-05,467.53,3,21,false,4
HG_018,FAM,BB,ADL-1,2026-05-06,500.51,3,21,false,4
HG_018,FAM,BB,ADL-1,2026-05-07,480.22,3,21,false,4
HG_018,FAM,BB,ADL-1,2026-05-08,465.42,3,21,false,4
HG_018,FAM,BB,ADL-1,2026-05-09,505.42,3,21,false,4
HG_018,FAM,BB,ADL-1,2026-05-10,452.27,3,21,false,4
HG_018,FAM,BB,ADL-1,2026-05-11,460.42,3,21,false,4
HG_018,FAM,BB,ADL-1,2026-05-12,477.29,3,21,false,4
HG_018,FAM,BB,ADL-1,2026-05-13,437.90,3,21,false,4
HG_018,FAM,BB,ADL-1,2026-05-14,487.97,3,21,false,4
HG_018,FAM,BB,ADL-1,2026-05-15,488.98,3,21,false,4
HG_018,FAM,BB,ADL-1,2026-05-16,520.09,1,21,false,4
HG_018,FAM,BB,ADL-1,2026-05-17,497.43,1,21,false,4
HG_018,FAM,BB,ADL-1,2026-05-18,497.46,1,21,false,4
HG_018,FAM,BB,ADL-1,2026-05-19,437.56,1,21,false,4
HG_018,FAM,BB,ADL-1,2026-05-20,499.02,1,21,false,4
HG_018,FAM,BB,ADL-1,2026-05-21,449.25,1,21,false,4
HG_018,FAM,BB,ADL-1,2026-05-22,437.11,1,21,false,4
HG_018,FAM,BB,ADL-1,2026-05-23,473.18,1,21,false,4
HG_018,FAM,BB,ADL-1,2026-05-24,499.73,1,21,false,4
HG_018,FAM,BB,ADL-1,2026-05-25,458.20,1,21,false,4
HG_018,FAM,BB,ADL-1,2026-05-26,516.83,1,21,false,4
HG_018,FAM,BB,ADL-1,2026-05-27,443.56,1,21,false,4
HG_018,FAM,BB,ADL-1,2026-05-28,493.72,1,21,false,4
HG_018,FAM,BB,ADL-1,2026-05-29,442.01,1,21,false,4
HG_018,FAM,BB,ADL-1,2026-05-30,537.47,1,21,false,4
HG_018,FAM,BB,ADL-1,2026-05-31,488.88,3,21,false,4
HG_018,FAM,BB,ADL-1,2026-06-01,520.07,3,21,false,4
HG_018,FAM,BB,ADL-1,2026-06-02,515.44,3,21,false,4
HG_018,FAM,BB,ADL-1,2026-06-03,466.66,3,21,false,4
HG_018,FAM,BB,ADL-1,2026-06-04,457.30,3,21,false,4
HG_018,FAM,BB,ADL-1,2026-06-05,454.53,3,21,false,4
HG_018,FAM,BB,ADL-1,2026-06-06,534.75,3,21,false,4
HG_018,FAM,BB,ADL-1,2026-06-07,491.49,3,21,false,4
HG_018,FAM,BB,ADL-1,2026-06-08,461.78,3,21,false,4
HG_018,FAM,BB,ADL-1,2026-06-09,501.12,3,21,false,4
HG_018,FAM,BB,ADL-1,2026-06-10,468.26,3,21,false,4
HG_018,FAM,BB,ADL-1,2026-06-11,517.76,3,21,false,4
HG_018,FAM,BB,ADL-1,2026-06-12,488.52,3,21,false,4
HG_018,FAM,BB,ADL-1,2026-06-13,468.45,3,21,false,4
HG_018,FAM,BB,ADL-1,2026-06-14,461.29,3,21,false,4
HG_018,FAM,BB,ADL-1,2026-06-15,535.25,1,21,false,4
HG_018,FAM,BB,ADL-1,2026-06-16,507.77,1,21,false,4
HG_018,FAM,BB,ADL-1,2026-06-17,536.19,1,21,false,4
HG_018,FAM,BB,ADL-1,2026-06-18,473.78,1,21,false,4
HG_018,FAM,BB,ADL-1,2026-06-19,473.25,1,21,false,4
HG_018,FAM,BB,ADL-1,2026-06-20,551.47,1,21,false,4
HG_018,FAM,BB,ADL-1,2026-06-21,474.95,1,21,false,4
HG_018,FAM,BB,ADL-1,2026-06-22,478.17,1,21,false,4
HG_018,FAM,BB,ADL-1,2026-06-23,535.30,1,21,false,4
HG_018,FAM,BB,ADL-1,2026-06-24,495.67,1,21,false,4
HG_018,FAM,BB,ADL-1,2026-06-25,451.58,1,21,false,4
HG_018,FAM,BB,ADL-1,2026-06-26,516.10,1,21,false,4
HG_018,FAM,BB,ADL-1,2026-06-27,475.93,1,21,false,4
HG_018,FAM,BB,ADL-1,2026-06-28,491.50,1,21,false,4
HG_018,FAM,BB,ADL-1,2026-06-29,522.84,1,21,false,4
HG_018,FAM,BB,ADL-2,2026-05-01,441.39,3,21,false,4
HG_018,FAM,BB,ADL-2,2026-05-02,491.29,3,21,false,4
HG_018,FAM,BB,ADL-2,2026-05-03,493.51,3,21,false,4
HG_018,FAM,BB,ADL-2,2026-05-04,456.28,3,21,false,4
HG_018,FAM,BB,ADL-2,2026-05-05,428.28,3,21,false,4
HG_018,FAM,BB,ADL-2,2026-05-06,447.87,3,21,false,4
HG_018,FAM,BB,ADL-2,2026-05-07,485.70,3,21,false,4
HG_018,FAM,BB,ADL-2,2026-05-08,462.14,3,21,false,4
HG_018,FAM,BB,ADL-2,2026-05-09,501.79,3,21,false,4
HG_018,FAM,BB,ADL-2,2026-05-10,511.37,3,21,false,4
HG_018,FAM,BB,ADL-2,2026-05-11,425.08,3,21,false,4
HG_018,FAM,BB,ADL-2,2026-05-12,501.51,3,21,false,4
HG_018,FAM,BB,ADL-2,2026-05-13,454.67,3,21,false,4
HG_018,FAM,BB,ADL-2,2026-05-14,487.18,3,21,false,4
HG_018,FAM,BB,ADL-2,2026-05-15,448.04,3,21,false,4
HG_018,FAM,BB,ADL-2,2026-05-16,535.39,1,21,false,4
HG_018,FAM,BB,ADL-2,2026-05-17,526.48,1,21,false,4
HG_018,FAM,BB,ADL-2,2026-05-18,472.40,1,21,false,4
HG_018,FAM,BB,ADL-2,2026-05-19,451.23,1,21,false,4
HG_018,FAM,BB,ADL-2,2026-05-20,503.53,1,21,false,4
HG_018,FAM,BB,ADL-2,2026-05-21,440.68,1,21,false,4
HG_018,FAM,BB,ADL-2,2026-05-22,430.61,1,21,false,4
HG_018,FAM,BB,ADL-2,2026-05-23,467.65,1,21,false,4
HG_018,FAM,BB,ADL-2,2026-05-24,528.23,1,21,false,4
HG_018,FAM,BB,ADL-2,2026-05-25,473.05,1,21,false,4
HG_018,FAM,BB,ADL-2,2026-05-26,495.80,1,21,false,4
HG_018,FAM,BB,ADL-2,2026-05-27,471.31,1,21,false,4
HG_018,FAM,BB,ADL-2,2026-05-28,439.35,1,21,false,4
HG_018,FAM,BB,ADL-2,2026-05-29,444.49,1,21,false,4
HG_018,FAM,BB,ADL-2,2026-05-30,536.10,1,21,false,4
HG_018,FAM,BB,ADL-2,2026-05-31,486.54,3,21,false,4
HG_018,FAM,BB,ADL-2,2026-06-01,499.84,3,21,false,4
HG_018,FAM,BB,ADL-2,2026-06-02,455.46,3,21,false,4
HG_018,FAM,BB,ADL-2,2026-06-03,512.54,3,21,false,4
HG_018,FAM,BB,ADL-2,2026-06-04,504.40,3,21,false,4
HG_018,FAM,BB,ADL-2,2026-06-05,495.18,3,21,false,4
HG_018,FAM,BB,ADL-2,2026-06-06,459.53,3,21,false,4
HG_018,FAM,BB,ADL-2,2026-06-07,549.84,3,21,false,4
HG_018,FAM,BB,ADL-2,2026-06-08,459.47,3,21,false,4
HG_018,FAM,BB,ADL-2,2026-06-09,502.09,3,21,false,4
HG_018,FAM,BB,ADL-2,2026-06-10,460.02,3,21,false,4
HG_018,FAM,BB,ADL-2,2026-06-11,499.08,3,21,false,4
HG_018,FAM,BB,ADL-2,2026-06-12,487.42,3,21,false,4
HG_018,FAM,BB,ADL-2,2026-06-13,521.28,3,21,false,4
HG_018,FAM,BB,ADL-2,2026-06-14,520.94,3,21,false,4
HG_018,FAM,BB,ADL-2,2026-06-15,505.02,1,21,false,4
HG_018,FAM,BB,ADL-2,2026-06-16,481.02,1,21,false,4
HG_018,FAM,BB,ADL-2,2026-06-17,526.37,1,21,false,4
HG_018,FAM,BB,ADL-2,2026-06-18,529.57,1,21,false,4
HG_018,FAM,BB,ADL-2,2026-06-19,523.21,1,21,false,4
HG_018,FAM,BB,ADL-2,2026-06-20,537.66,1,21,false,4
HG_018,FAM,BB,ADL-2,2026-06-21,472.09,1,21,false,4
HG_018,FAM,BB,ADL-2,2026-06-22,515.66,1,21,false,4
HG_018,FAM,BB,ADL-2,2026-06-23,493.56,1,21,false,4
HG_018,FAM,BB,ADL-2,2026-06-24,513.32,1,21,false,4
HG_018,FAM,BB,ADL-2,2026-06-25,489.98,1,21,false,4
HG_018,FAM,BB,ADL-2,2026-06-26,515.65,1,21,false,4
HG_018,FAM,BB,ADL-2,2026-06-27,475.20,1,21,false,4
HG_018,FAM,BB,ADL-2,2026-06-28,547.56,1,21,false,4
HG_018,FAM,BB,ADL-2,2026-06-29,516.83,1,21,false,4
HG_018,JS,RO,ADL-1,2026-05-01,468.46,3,21,false,4
HG_018,JS,RO,ADL-1,2026-05-02,524.46,3,21,false,4
HG_018,JS,RO,ADL-1,2026-05-03,486.06,3,21,false,4
HG_018,JS,RO,ADL-1,2026-05-04,522.60,3,21,false,4
HG_018,JS,RO,ADL-1,2026-05-05,470.91,3,21,false,4
HG_018,JS,RO,ADL-1,2026-05-06,446.83,3,21,false,4
HG_018,JS,RO,ADL-1,2026-05-07,491.43,3,21,false,4
HG_018,JS,RO,ADL-1,2026-05-08,453.73,3,21,false,4
HG_018,JS,RO,ADL-1,2026-05-09,461.33,3,21,false,4
HG_018,JS,RO,ADL-1,2026-05-10,539.29,3,21,false,4
HG_018,JS,RO,ADL-1,2026-05-11,503.42,3,21,false,4
HG_018,JS,RO,ADL-1,2026-05-12,449.42,3,21,false,4
HG_018,JS,RO,ADL-1,2026-05-13,448.19,3,21,false,4
HG_018,JS,RO,ADL-1,2026-05-14,438.10,3,21,false,4
HG_018,JS,RO,ADL-1,2026-05-15,462.78,3,21,false,4
HG_018,JS,RO,ADL-1,2026-05-16,534.96,1,21,false,4
HG_018,JS,RO,ADL-1,2026-05-17,534.59,1,21,false,4
HG_018,JS,RO,ADL-1,2026-05-18,463.84,1,21,false,4
HG_018,JS,RO,ADL-1,2026-05-19,444.82,1,21,false,4
HG_018,JS,RO,ADL-1,2026-05-20,532.15,1,21,false,4
HG_018,JS,RO,ADL-1,2026-05-21,477.16,1,21,false,4
HG_018,JS,RO,ADL-1,2026-05-22,526.17,1,21,false,4
HG_018,JS,RO,ADL-1,2026-05-23,496.29,1,21,false,4
HG_018,JS,RO,ADL-1,2026-05-24,463.17,1,21,false,4
HG_018,JS,RO,ADL-1,2026-05-25,468.85,1,21,false,4
HG_018,JS,RO,ADL-1,2026-05-26,478.14,1,21,false,4
HG_018,JS,RO,ADL-1,2026-05-27,494.63,1,21,false,4
HG_018,JS,RO,ADL-1,2026-05-28,465.03,1,21,false,4
HG_018,JS,RO,ADL-1,2026-05-29,527.18,1,21,false,4
HG_018,JS,RO,ADL-1,2026-05-30,508.31,1,21,false,4
HG_018,JS,RO,ADL-1,2026-05-31,525.66,3,21,false,4
HG_018,JS,RO,ADL-1,2026-06-01,478.87,3,21,false,4
HG_018,JS,RO,ADL-1,2026-06-02,532.59,3,21,false,4
HG_018,JS,RO,ADL-1,2026-06-03,457.96,3,21,false,4
HG_018,JS,RO,ADL-1,2026-06-04,491.66,3,21,false,4
HG_018,JS,RO,ADL-1,2026-06-05,517.90,3,21,false,4
HG_018,JS,RO,ADL-1,2026-06-06,497.37,3,21,false,4
HG_018,JS,RO,ADL-1,2026-06-07,569.20,3,21,false,4
HG_018,JS,RO,ADL-1,2026-06-08,522.15,3,21,false,4
HG_018,JS,RO,ADL-1,2026-06-09,524.82,3,21,false,4
HG_018,JS,RO,ADL-1,2026-06-10,543.75,3,21,false,4
HG_018,JS,RO,ADL-1,2026-06-11,488.16,3,21,false,4
HG_018,JS,RO,ADL-1,2026-06-12,528.83,3,21,false,4
HG_018,JS,RO,ADL-1,2026-06-13,483.64,3,21,false,4
HG_018,JS,RO,ADL-1,2026-06-14,550.38,3,21,false,4
HG_018,JS,RO,ADL-1,2026-06-15,477.77,1,21,false,4
HG_018,JS,RO,ADL-1,2026-06-16,486.65,1,21,false,4
HG_018,JS,RO,ADL-1,2026-06-17,554.93,1,21,false,4
HG_018,JS,RO,ADL-1,2026-06-18,474.94,1,21,false,4
HG_018,JS,RO,ADL-1,2026-06-19,543.33,1,21,false,4
HG_018,JS,RO,ADL-1,2026-06-20,487.75,1,21,false,4
HG_018,JS,RO,ADL-1,2026-06-21,488.80,1,21,false,4
HG_018,JS,RO,ADL-1,2026-06-22,505.88,1,21,false,4
HG_018,JS,RO,ADL-1,2026-06-23,464.28,1,21,false,4
HG_018,JS,RO,ADL-1,2026-06-24,523.71,1,21,false,4
HG_018,JS,RO,ADL-1,2026-06-25,533.11,1,21,false,4
HG_018,JS,RO,ADL-1,2026-06-26,524.65,1,21,false,4
HG_018,JS,RO,ADL-1,2026-06-27,536.16,1,21,false,4
HG_018,JS,RO,ADL-1,2026-06-28,482.83,1,21,false,4
HG_018,JS,RO,ADL-1,2026-06-29,539.12,1,21,false,4
HG_018,JS,RO,ADL-2,2026-05-01,506.06,3,21,false,4
HG_018,JS,RO,ADL-2,2026-05-02,544.68,3,21,false,4
HG_018,JS,RO,ADL-2,2026-05-03,501.01,3,21,false,4
HG_018,JS,RO,ADL-2,2026-05-04,455.34,3,21,false,4
HG_018,JS,RO,ADL-2,2026-05-05,441.92,3,21,false,4
HG_018,JS,RO,ADL-2,2026-05-06,499.00,3,21,false,4
HG_018,JS,RO,ADL-2,2026-05-07,502.28,3,21,false,4
HG_018,JS,RO,ADL-2,2026-05-08,484.65,3,21,false,4
HG_018,JS,RO,ADL-2,2026-05-09,538.91,3,21,false,4
HG_018,JS,RO,ADL-2,2026-05-10,459.27,3,21,false,4
HG_018,JS,RO,ADL-2,2026-05-11,459.57,3,21,false,4
HG_018,JS,RO,ADL-2,2026-05-12,512.58,3,21,false,4
HG_018,JS,RO,ADL-2,2026-05-13,510.95,3,21,false,4
HG_018,JS,RO,ADL-2,2026-05-14,472.98,3,21,false,4
HG_018,JS,RO,ADL-2,2026-05-15,518.35,3,21,false,4
HG_018,JS,RO,ADL-2,2026-05-16,490.42,1,21,false,4
HG_018,JS,RO,ADL-2,2026-05-17,521.28,1,21,false,4
HG_018,JS,RO,ADL-2,2026-05-18,481.56,1,21,false,4
HG_018,JS,RO,ADL-2,2026-05-19,479.14,1,21,false,4
HG_018,JS,RO,ADL-2,2026-05-20,455.11,1,21,false,4
HG_018,JS,RO,ADL-2,2026-05-21,477.52,1,21,false,4
HG_018,JS,RO,ADL-2,2026-05-22,500.59,1,21,false,4
HG_018,JS,RO,ADL-2,2026-05-23,520.53,1,21,false,4
HG_018,JS,RO,ADL-2,2026-05-24,467.39,1,21,false,4
HG_018,JS,RO,ADL-2,2026-05-25,492.15,1,21,false,4
HG_018,JS,RO,ADL-2,2026-05-26,512.42,1,21,false,4
HG_018,JS,RO,ADL-2,2026-05-27,514.62,1,21,false,4
HG_018,JS,RO,ADL-2,2026-05-28,520.78,1,21,false,4
HG_018,JS,RO,ADL-2,2026-05-29,464.88,1,21,false,4
HG_018,JS,RO,ADL-2,2026-05-30,468.71,1,21,false,4
HG_018,JS,RO,ADL-2,2026-05-31,536.79,3,21,false,4
HG_018,JS,RO,ADL-2,2026-06-01,469.23,3,21,false,4
HG_018,JS,RO,ADL-2,2026-06-02,511.97,3,21,false,4
HG_018,JS,RO,ADL-2,2026-06-03,499.48,3,21,false,4
HG_018,JS,RO,ADL-2,2026-06-04,492.16,3,21,false,4
HG_018,JS,RO,ADL-2,2026-06-05,494.35,3,21,false,4
HG_018,JS,RO,ADL-2,2026-06-06,562.80,3,21,false,4
HG_018,JS,RO,ADL-2,2026-06-07,543.94,3,21,false,4
HG_018,JS,RO,ADL-2,2026-06-08,498.92,3,21,false,4
HG_018,JS,RO,ADL-2,2026-06-09,544.02,3,21,false,4
HG_018,JS,RO,ADL-2,2026-06-10,500.20,3,21,false,4
HG_018,JS,RO,ADL-2,2026-06-11,453.66,3,21,false,4
HG_018,JS,RO,ADL-2,2026-06-12,478.35,3,21,false,4
HG_018,JS,RO,ADL-2,2026-06-13,510.35,3,21,false,4
HG_018,JS,RO,ADL-2,2026-06-14,475.98,3,21,false,4
HG_018,JS,RO,ADL-2,2026-06-15,469.46,1,21,false,4
HG_018,JS,RO,ADL-2,2026-06-16,547.27,1,21,false,4
HG_018,JS,RO,ADL-2,2026-06-17,493.70,1,21,false,4
HG_018,JS,RO,ADL-2,2026-06-18,540.20,1,21,false,4
HG_018,JS,RO,ADL-2,2026-06-19,496.42,1,21,false,4
HG_018,JS,RO,ADL-2,2026-06-20,566.67,1,21,false,4
HG_018,JS,RO,ADL-2,2026-06-21,547.45,1,21,false,4
HG_018,JS,RO,ADL-2,2026-06-22,500.00,1,21,false,4
HG_018,JS,RO,ADL-2,2026-06-23,499.53,1,21,false,4
HG_018,JS,RO,ADL-2,2026-06-24,542.58,1,21,false,4
HG_018,JS,RO,ADL-2,2026-06-25,467.17,1,21,false,4
HG_018,JS,RO,ADL-2,2026-06-26,535.79,1,21,false,4
HG_018,JS,RO,ADL-2,2026-06-27,492.62,1,21,false,4
HG_018,JS,RO,ADL-2,2026-06-28,522.40,1,21,false,4
HG_018,JS,RO,ADL-2,2026-06-29,467.61,1,21,false,4
HG_018,JS,BB,ADL-1,2026-05-01,471.24,3,21,false,4
HG_018,JS,BB,ADL-1,2026-05-02,487.61,3,21,false,4
HG_018,JS,BB,ADL-1,2026-05-03,526.37,3,21,false,4
HG_018,JS,BB,ADL-1,2026-05-04,512.59,3,21,false,4
HG_018,JS,BB,ADL-1,2026-05-05,465.20,3,21,false,4
HG_018,JS,BB,ADL-1,2026-05-06,518.55,3,21,false,4
HG_018,JS,BB,ADL-1,2026-05-07,539.22,3,21,false,4
HG_018,JS,BB,ADL-1,2026-05-08,532.91,3,21,false,4
HG_018,JS,BB,ADL-1,2026-05-09,488.94,3,21,false,4
HG_018,JS,BB,ADL-1,2026-05-10,534.20,3,21,false,4
HG_018,JS,BB,ADL-1,2026-05-11,514.29,3,21,false,4
HG_018,JS,BB,ADL-1,2026-05-12,459.15,3,21,false,4
HG_018,JS,BB,ADL-1,2026-05-13,499.00,3,21,false,4
HG_018,JS,BB,ADL-1,2026-05-14,522.46,3,21,false,4
HG_018,JS,BB,ADL-1,2026-05-15,466.26,3,21,false,4
HG_018,JS,BB,ADL-1,2026-05-16,558.97,1,21,false,4
HG_018,JS,BB,ADL-1,2026-05-17,552.98,1,21,false,4
HG_018,JS,BB,ADL-1,2026-05-18,535.98,1,21,false,4
HG_018,JS,BB,ADL-1,2026-05-19,535.31,1,21,false,4
HG_018,JS,BB,ADL-1,2026-05-20,536.91,1,21,false,4
HG_018,JS,BB,ADL-1,2026-05-21,482.23,1,21,false,4
HG_018,JS,BB,ADL-1,2026-05-22,505.24,1,21,false,4
HG_018,JS,BB,ADL-1,2026-05-23,498.79,1,21,false,4
HG_018,JS,BB,ADL-1,2026-05-24,514.59,1,21,false,4
HG_018,JS,BB,ADL-1,2026-05-25,499.10,1,21,false,4
HG_018,JS,BB,ADL-1,2026-05-26,467.93,1,21,false,4
HG_018,JS,BB,ADL-1,2026-05-27,466.88,1,21,false,4
HG_018,JS,BB,ADL-1,2026-05-28,530.41,1,21,false,4
HG_018,JS,BB,ADL-1,2026-05-29,536.89,1,21,false,4
HG_018,JS,BB,ADL-1,2026-05-30,537.15,1,21,false,4
HG_018,JS,BB,ADL-1,2026-05-31,491.16,3,21,false,4
HG_018,JS,BB,ADL-1,2026-06-01,467.34,3,21,false,4
HG_018,JS,BB,ADL-1,2026-06-02,511.46,3,21,false,4
HG_018,JS,BB,ADL-1,2026-06-03,514.77,3,21,false,4
HG_018,JS,BB,ADL-1,2026-06-04,515.90,3,21,false,4
HG_018,JS,BB,ADL-1,2026-06-05,466.92,3,21,false,4
HG_018,JS,BB,ADL-1,2026-06-06,539.95,3,21,false,4
HG_018,JS,BB,ADL-1,2026-06-07,540.21,3,21,false,4
HG_018,JS,BB,ADL-1,2026-06-08,544.72,3,21,false,4
HG_018,JS,BB,ADL-1,2026-06-09,502.22,3,21,false,4
HG_018,JS,BB,ADL-1,2026-06-10,541.37,3,21,false,4
HG_018,JS,BB,ADL-1,2026-06-11,513.63,3,21,false,4
HG_018,JS,BB,ADL-1,2026-06-12,518.11,3,21,false,4
HG_018,JS,BB,ADL-1,2026-06-13,495.44,3,21,false,4
HG_018,JS,BB,ADL-1,2026-06-14,509.76,3,21,false,4
HG_018,JS,BB,ADL-1,2026-06-15,572.14,1,21,false,4
HG_018,JS,BB,ADL-1,2026-06-16,558.03,1,21,false,4
HG_018,JS,BB,ADL-1,2026-06-17,556.39,1,21,false,4
HG_018,JS,BB,ADL-1,2026-06-18,573.93,1,21,false,4
HG_018,JS,BB,ADL-1,2026-06-19,564.21,1,21,false,4
HG_018,JS,BB,ADL-1,2026-06-20,588.88,1,21,false,4
HG_018,JS,BB,ADL-1,2026-06-21,532.05,1,21,false,4
HG_018,JS,BB,ADL-1,2026-06-22,481.95,1,21,false,4
HG_018,JS,BB,ADL-1,2026-06-23,486.83,1,21,false,4
HG_018,JS,BB,ADL-1,2026-06-24,554.09,1,21,false,4
HG_018,JS,BB,ADL-1,2026-06-25,571.22,1,21,false,4
HG_018,JS,BB,ADL-1,2026-06-26,519.11,1,21,false,4
HG_018,JS,BB,ADL-1,2026-06-27,595.13,1,21,false,4
HG_018,JS,BB,ADL-1,2026-06-28,553.14,1,21,false,4
HG_018,JS,BB,ADL-1,2026-06-29,499.95,1,21,false,4
HG_018,JS,BB,ADL-2,2026-05-01,487.35,3,21,false,4
HG_018,JS,BB,ADL-2,2026-05-02,531.25,3,21,false,4
HG_018,JS,BB,ADL-2,2026-05-03,508.04,3,21,false,4
HG_018,JS,BB,ADL-2,2026-05-04,481.14,3,21,false,4
HG_018,JS,BB,ADL-2,2026-05-05,479.03,3,21,false,4
HG_018,JS,BB,ADL-2,2026-05-06,468.89,3,21,false,4
HG_018,JS,BB,ADL-2,2026-05-07,488.60,3,21,false,4
HG_018,JS,BB,ADL-2,2026-05-08,474.97,3,21,false,4
HG_018,JS,BB,ADL-2,2026-05-09,512.60,3,21,false,4
HG_018,JS,BB,ADL-2,2026-05-10,563.56,3,21,false,4
HG_018,JS,BB,ADL-2,2026-05-11,469.09,3,21,false,4
HG_018,JS,BB,ADL-2,2026-05-12,518.62,3,21,false,4
HG_018,JS,BB,ADL-2,2026-05-13,452.89,3,21,false,4
HG_018,JS,BB,ADL-2,2026-05-14,520.62,3,21,false,4
HG_018,JS,BB,ADL-2,2026-05-15,490.13,3,21,false,4
HG_018,JS,BB,ADL-2,2026-05-16,524.78,1,21,false,4
HG_018,JS,BB,ADL-2,2026-05-17,481.11,1,21,false,4
HG_018,JS,BB,ADL-2,2026-05-18,484.63,1,21,false,4
HG_018,JS,BB,ADL-2,2026-05-19,480.72,1,21,false,4
HG_018,JS,BB,ADL-2,2026-05-20,539.44,1,21,false,4
HG_018,JS,BB,ADL-2,2026-05-21,531.27,1,21,false,4
HG_018,JS,BB,ADL-2,2026-05-22,533.38,1,21,false,4
HG_018,JS,BB,ADL-2,2026-05-23,478.55,1,21,false,4
HG_018,JS,BB,ADL-2,2026-05-24,545.54,1,21,false,4
HG_018,JS,BB,ADL-2,2026-05-25,531.01,1,21,false,4
HG_018,JS,BB,ADL-2,2026-05-26,506.47,1,21,false,4
HG_018,JS,BB,ADL-2,2026-05-27,465.55,1,21,false,4
HG_018,JS,BB,ADL-2,2026-05-28,473.02,1,21,false,4
HG_018,JS,BB,ADL-2,2026-05-29,479.69,1,21,false,4
HG_018,JS,BB,ADL-2,2026-05-30,565.95,1,21,false,4
HG_018,JS,BB,ADL-2,2026-05-31,514.48,3,21,false,4
HG_018,JS,BB,ADL-2,2026-06-01,542.40,3,21,false,4
HG_018,JS,BB,ADL-2,2026-06-02,541.58,3,21,false,4
HG_018,JS,BB,ADL-2,2026-06-03,545.30,3,21,false,4
HG_018,JS,BB,ADL-2,2026-06-04,554.06,3,21,false,4
HG_018,JS,BB,ADL-2,2026-06-05,560.32,3,21,false,4
HG_018,JS,BB,ADL-2,2026-06-06,540.60,3,21,false,4
HG_018,JS,BB,ADL-2,2026-06-07,486.99,3,21,false,4
HG_018,JS,BB,ADL-2,2026-06-08,491.12,3,21,false,4
HG_018,JS,BB,ADL-2,2026-06-09,481.82,3,21,false,4
HG_018,JS,BB,ADL-2,2026-06-10,483.40,3,21,false,4
HG_018,JS,BB,ADL-2,2026-06-11,535.73,3,21,false,4
HG_018,JS,BB,ADL-2,2026-06-12,498.50,3,21,false,4
HG_018,JS,BB,ADL-2,2026-06-13,530.19,3,21,false,4
HG_018,JS,BB,ADL-2,2026-06-14,574.65,3,21,false,4
HG_018,JS,BB,ADL-2,2026-06-15,559.76,1,21,false,4
HG_018,JS,BB,ADL-2,2026-06-16,529.07,1,21,false,4
HG_018,JS,BB,ADL-2,2026-06-17,534.69,1,21,false,4
HG_018,JS,BB,ADL-2,2026-06-18,482.37,1,21,false,4
HG_018,JS,BB,ADL-2,2026-06-19,475.32,1,21,false,4
HG_018,JS,BB,ADL-2,2026-06-20,509.91,1,21,false,4
HG_018,JS,BB,ADL-2,2026-06-21,499.37,1,21,false,4
HG_018,JS,BB,ADL-2,2026-06-22,525.87,1,21,false,4
HG_018,JS,BB,ADL-2,2026-06-23,507.63,1,21,false,4
HG_018,JS,BB,ADL-2,2026-06-24,485.98,1,21,false,4
HG_018,JS,BB,ADL-2,2026-06-25,547.84,1,21,false,4
HG_018,JS,BB,ADL-2,2026-06-26,522.13,1,21,false,4
HG_018,JS,BB,ADL-2,2026-06-27,536.43,1,21,false,4
HG_018,JS,BB,ADL-2,2026-06-28,498.05,1,21,false,4
HG_018,JS,BB,ADL-2,2026-06-29,502.20,1,21,false,4
HG_019,DBL,RO,ADL-1,2026-05-01,450.11,1,21,false,5
HG_019,DBL,RO,ADL-1,2026-05-02,424.84,1,21,false,5
HG_019,DBL,RO,ADL-1,2026-05-03,406.97,1,21,false,5
HG_019,DBL,RO,ADL-1,2026-05-04,373.60,1,21,false,5
HG_019,DBL,RO,ADL-1,2026-05-05,393.42,1,21,false,5
HG_019,DBL,RO,ADL-1,2026-05-06,400.25,1,21,false,5
HG_019,DBL,RO,ADL-1,2026-05-07,433.95,1,21,false,5
HG_019,DBL,RO,ADL-1,2026-05-08,388.67,1,21,false,5
HG_019,DBL,RO,ADL-1,2026-05-09,410.22,1,21,false,5
HG_019,DBL,RO,ADL-1,2026-05-10,420.18,1,21,false,5
HG_019,DBL,RO,ADL-1,2026-05-11,384.79,1,21,false,5
HG_019,DBL,RO,ADL-1,2026-05-12,369.04,1,21,false,5
HG_019,DBL,RO,ADL-1,2026-05-13,369.21,1,21,false,5
HG_019,DBL,RO,ADL-1,2026-05-14,381.62,1,21,false,5
HG_019,DBL,RO,ADL-1,2026-05-15,433.74,1,21,false,5
HG_019,DBL,RO,ADL-1,2026-05-16,444.16,1,21,false,5
HG_019,DBL,RO,ADL-1,2026-05-17,459.71,1,21,false,5
HG_019,DBL,RO,ADL-1,2026-05-18,430.13,1,21,false,5
HG_019,DBL,RO,ADL-1,2026-05-19,458.75,1,21,false,5
HG_019,DBL,RO,ADL-1,2026-05-20,407.29,1,21,false,5
HG_019,DBL,RO,ADL-1,2026-05-21,454.11,1,21,false,5
HG_019,DBL,RO,ADL-1,2026-05-22,412.34,1,21,false,5
HG_019,DBL,RO,ADL-1,2026-05-23,472.54,1,21,false,5
HG_019,DBL,RO,ADL-1,2026-05-24,422.18,1,21,false,5
HG_019,DBL,RO,ADL-1,2026-05-25,438.68,1,21,false,5
HG_019,DBL,RO,ADL-1,2026-05-26,441.17,1,21,false,5
HG_019,DBL,RO,ADL-1,2026-05-27,440.40,1,21,false,5
HG_019,DBL,RO,ADL-1,2026-05-28,398.19,1,21,false,5
HG_019,DBL,RO,ADL-1,2026-05-29,437.81,1,21,false,5
HG_019,DBL,RO,ADL-1,2026-05-30,403.50,1,21,false,5
HG_019,DBL,RO,ADL-1,2026-05-31,482.51,1,21,false,5
HG_019,DBL,RO,ADL-1,2026-06-01,463.63,1,21,false,5
HG_019,DBL,RO,ADL-1,2026-06-02,456.79,1,21,false,5
HG_019,DBL,RO,ADL-1,2026-06-03,468.78,1,21,false,5
HG_019,DBL,RO,ADL-1,2026-06-04,385.34,1,21,false,5
HG_019,DBL,RO,ADL-1,2026-06-05,408.11,1,21,false,5
HG_019,DBL,RO,ADL-1,2026-06-06,427.99,1,21,false,5
HG_019,DBL,RO,ADL-1,2026-06-07,450.24,1,21,false,5
HG_019,DBL,RO,ADL-1,2026-06-08,466.07,1,21,false,5
HG_019,DBL,RO,ADL-1,2026-06-09,422.96,1,21,false,5
HG_019,DBL,RO,ADL-1,2026-06-10,439.36,1,21,false,5
HG_019,DBL,RO,ADL-1,2026-06-11,474.70,1,21,false,5
HG_019,DBL,RO,ADL-1,2026-06-12,388.89,1,21,false,5
HG_019,DBL,RO,ADL-1,2026-06-13,483.74,1,21,false,5
HG_019,DBL,RO,ADL-1,2026-06-14,495.04,1,21,false,5
HG_019,DBL,RO,ADL-1,2026-06-15,396.99,1,21,false,5
HG_019,DBL,RO,ADL-1,2026-06-16,412.71,1,21,false,5
HG_019,DBL,RO,ADL-1,2026-06-17,446.01,1,21,false,5
HG_019,DBL,RO,ADL-1,2026-06-18,402.28,1,21,false,5
HG_019,DBL,RO,ADL-1,2026-06-19,468.06,1,21,false,5
HG_019,DBL,RO,ADL-1,2026-06-20,500.16,1,21,false,5
HG_019,DBL,RO,ADL-1,2026-06-21,486.38,1,21,false,5
HG_019,DBL,RO,ADL-1,2026-06-22,423.51,1,21,false,5
HG_019,DBL,RO,ADL-1,2026-06-23,460.62,1,21,false,5
HG_019,DBL,RO,ADL-1,2026-06-24,396.35,1,21,false,5
HG_019,DBL,RO,ADL-1,2026-06-25,448.30,1,21,false,5
HG_019,DBL,RO,ADL-1,2026-06-26,416.97,1,21,false,5
HG_019,DBL,RO,ADL-1,2026-06-27,444.58,1,21,false,5
HG_019,DBL,RO,ADL-1,2026-06-28,430.69,1,21,false,5
HG_019,DBL,RO,ADL-1,2026-06-29,451.37,1,21,false,5
HG_019,DBL,BB,ADL-1,2026-05-01,450.66,1,21,false,5
HG_019,DBL,BB,ADL-1,2026-05-02,400.07,1,21,false,5
HG_019,DBL,BB,ADL-1,2026-05-03,448.87,1,21,false,5
HG_019,DBL,BB,ADL-1,2026-05-04,404.74,1,21,false,5
HG_019,DBL,BB,ADL-1,2026-05-05,396.74,1,21,false,5
HG_019,DBL,BB,ADL-1,2026-05-06,418.42,1,21,false,5
HG_019,DBL,BB,ADL-1,2026-05-07,382.55,1,21,false,5
HG_019,DBL,BB,ADL-1,2026-05-08,453.16,1,21,false,5
HG_019,DBL,BB,ADL-1,2026-05-09,445.46,1,21,false,5
HG_019,DBL,BB,ADL-1,2026-05-10,455.96,1,21,false,5
HG_019,DBL,BB,ADL-1,2026-05-11,410.88,1,21,false,5
HG_019,DBL,BB,ADL-1,2026-05-12,424.06,1,21,false,5
HG_019,DBL,BB,ADL-1,2026-05-13,438.20,1,21,false,5
HG_019,DBL,BB,ADL-1,2026-05-14,429.90,1,21,false,5
HG_019,DBL,BB,ADL-1,2026-05-15,386.16,1,21,false,5
HG_019,DBL,BB,ADL-1,2026-05-16,465.66,1,21,false,5
HG_019,DBL,BB,ADL-1,2026-05-17,458.11,1,21,false,5
HG_019,DBL,BB,ADL-1,2026-05-18,432.17,1,21,false,5
HG_019,DBL,BB,ADL-1,2026-05-19,407.59,1,21,false,5
HG_019,DBL,BB,ADL-1,2026-05-20,437.18,1,21,false,5
HG_019,DBL,BB,ADL-1,2026-05-21,468.42,1,21,false,5
HG_019,DBL,BB,ADL-1,2026-05-22,449.54,1,21,false,5
HG_019,DBL,BB,ADL-1,2026-05-23,493.48,1,21,false,5
HG_019,DBL,BB,ADL-1,2026-05-24,453.61,1,21,false,5
HG_019,DBL,BB,ADL-1,2026-05-25,445.53,1,21,false,5
HG_019,DBL,BB,ADL-1,2026-05-26,427.19,1,21,false,5
HG_019,DBL,BB,ADL-1,2026-05-27,460.96,1,21,false,5
HG_019,DBL,BB,ADL-1,2026-05-28,395.54,1,21,false,5
HG_019,DBL,BB,ADL-1,2026-05-29,409.66,1,21,false,5
HG_019,DBL,BB,ADL-1,2026-05-30,451.80,1,21,false,5
HG_019,DBL,BB,ADL-1,2026-05-31,448.74,1,21,false,5
HG_019,DBL,BB,ADL-1,2026-06-01,466.21,1,21,false,5
HG_019,DBL,BB,ADL-1,2026-06-02,409.65,1,21,false,5
HG_019,DBL,BB,ADL-1,2026-06-03,474.65,1,21,false,5
HG_019,DBL,BB,ADL-1,2026-06-04,488.55,1,21,false,5
HG_019,DBL,BB,ADL-1,2026-06-05,400.28,1,21,false,5
HG_019,DBL,BB,ADL-1,2026-06-06,485.60,1,21,false,5
HG_019,DBL,BB,ADL-1,2026-06-07,440.17,1,21,false,5
HG_019,DBL,BB,ADL-1,2026-06-08,411.30,1,21,false,5
HG_019,DBL,BB,ADL-1,2026-06-09,484.38,1,21,false,5
HG_019,DBL,BB,ADL-1,2026-06-10,479.61,1,21,false,5
HG_019,DBL,BB,ADL-1,2026-06-11,423.71,1,21,false,5
HG_019,DBL,BB,ADL-1,2026-06-12,461.04,1,21,false,5
HG_019,DBL,BB,ADL-1,2026-06-13,419.91,1,21,false,5
HG_019,DBL,BB,ADL-1,2026-06-14,490.30,1,21,false,5
HG_019,DBL,BB,ADL-1,2026-06-15,431.23,1,21,false,5
HG_019,DBL,BB,ADL-1,2026-06-16,412.83,1,21,false,5
HG_019,DBL,BB,ADL-1,2026-06-17,435.90,1,21,false,5
HG_019,DBL,BB,ADL-1,2026-06-18,499.85,1,21,false,5
HG_019,DBL,BB,ADL-1,2026-06-19,460.55,1,21,false,5
HG_019,DBL,BB,ADL-1,2026-06-20,510.90,1,21,false,5
HG_019,DBL,BB,ADL-1,2026-06-21,451.36,1,21,false,5
HG_019,DBL,BB,ADL-1,2026-06-22,475.19,1,21,false,5
HG_019,DBL,BB,ADL-1,2026-06-23,466.24,1,21,false,5
HG_019,DBL,BB,ADL-1,2026-06-24,439.80,1,21,false,5
HG_019,DBL,BB,ADL-1,2026-06-25,438.98,1,21,false,5
HG_019,DBL,BB,ADL-1,2026-06-26,457.01,1,21,false,5
HG_019,DBL,BB,ADL-1,2026-06-27,451.40,1,21,false,5
HG_019,DBL,BB,ADL-1,2026-06-28,501.96,1,21,false,5
HG_019,DBL,BB,ADL-1,2026-06-29,452.67,1,21,false,5
HG_019,DBL,HB,ADL-1,2026-05-01,454.07,1,21,false,5
HG_019,DBL,HB,ADL-1,2026-05-02,488.80,1,21,false,5
HG_019,DBL,HB,ADL-1,2026-05-03,437.84,1,21,false,5
HG_019,DBL,HB,ADL-1,2026-05-04,406.52,1,21,false,5
HG_019,DBL,HB,ADL-1,2026-05-05,456.73,1,21,false,5
HG_019,DBL,HB,ADL-1,2026-05-06,396.88,1,21,false,5
HG_019,DBL,HB,ADL-1,2026-05-07,473.09,1,21,false,5
HG_019,DBL,HB,ADL-1,2026-05-08,479.48,1,21,false,5
HG_019,DBL,HB,ADL-1,2026-05-09,416.14,1,21,false,5
HG_019,DBL,HB,ADL-1,2026-05-10,485.56,1,21,false,5
HG_019,DBL,HB,ADL-1,2026-05-11,394.68,1,21,false,5
HG_019,DBL,HB,ADL-1,2026-05-12,446.33,1,21,false,5
HG_019,DBL,HB,ADL-1,2026-05-13,429.61,1,21,false,5
HG_019,DBL,HB,ADL-1,2026-05-14,430.59,1,21,false,5
HG_019,DBL,HB,ADL-1,2026-05-15,402.48,1,21,false,5
HG_019,DBL,HB,ADL-1,2026-05-16,484.79,1,21,false,5
HG_019,DBL,HB,ADL-1,2026-05-17,467.92,1,21,false,5
HG_019,DBL,HB,ADL-1,2026-05-18,403.23,1,21,false,5
HG_019,DBL,HB,ADL-1,2026-05-19,480.79,1,21,false,5
HG_019,DBL,HB,ADL-1,2026-05-20,456.20,1,21,false,5
HG_019,DBL,HB,ADL-1,2026-05-21,453.50,1,21,false,5
HG_019,DBL,HB,ADL-1,2026-05-22,429.63,1,21,false,5
HG_019,DBL,HB,ADL-1,2026-05-23,515.51,1,21,false,5
HG_019,DBL,HB,ADL-1,2026-05-24,477.14,1,21,false,5
HG_019,DBL,HB,ADL-1,2026-05-25,415.41,1,21,false,5
HG_019,DBL,HB,ADL-1,2026-05-26,427.98,1,21,false,5
HG_019,DBL,HB,ADL-1,2026-05-27,479.82,1,21,false,5
HG_019,DBL,HB,ADL-1,2026-05-28,455.79,1,21,false,5
HG_019,DBL,HB,ADL-1,2026-05-29,496.89,1,21,false,5
HG_019,DBL,HB,ADL-1,2026-05-30,430.62,1,21,false,5
HG_019,DBL,HB,ADL-1,2026-05-31,486.69,1,21,false,5
HG_019,DBL,HB,ADL-1,2026-06-01,453.12,1,21,false,5
HG_019,DBL,HB,ADL-1,2026-06-02,452.92,1,21,false,5
HG_019,DBL,HB,ADL-1,2026-06-03,478.80,1,21,false,5
HG_019,DBL,HB,ADL-1,2026-06-04,421.25,1,21,false,5
HG_019,DBL,HB,ADL-1,2026-06-05,443.26,1,21,false,5
HG_019,DBL,HB,ADL-1,2026-06-06,511.56,1,21,false,5
HG_019,DBL,HB,ADL-1,2026-06-07,501.50,1,21,false,5
HG_019,DBL,HB,ADL-1,2026-06-08,413.57,1,21,false,5
HG_019,DBL,HB,ADL-1,2026-06-09,421.88,1,21,false,5
HG_019,DBL,HB,ADL-1,2026-06-10,447.52,1,21,false,5
HG_019,DBL,HB,ADL-1,2026-06-11,419.03,1,21,false,5
HG_019,DBL,HB,ADL-1,2026-06-12,491.74,1,21,false,5
HG_019,DBL,HB,ADL-1,2026-06-13,520.30,1,21,false,5
HG_019,DBL,HB,ADL-1,2026-06-14,492.22,1,21,false,5
HG_019,DBL,HB,ADL-1,2026-06-15,452.18,1,21,false,5
HG_019,DBL,HB,ADL-1,2026-06-16,481.54,1,21,false,5
HG_019,DBL,HB,ADL-1,2026-06-17,423.62,1,21,false,5
HG_019,DBL,HB,ADL-1,2026-06-18,473.76,1,21,false,5
HG_019,DBL,HB,ADL-1,2026-06-19,477.62,1,21,false,5
HG_019,DBL,HB,ADL-1,2026-06-20,451.89,1,21,false,5
HG_019,DBL,HB,ADL-1,2026-06-21,517.20,1,21,false,5
HG_019,DBL,HB,ADL-1,2026-06-22,449.06,1,21,false,5
HG_019,DBL,HB,ADL-1,2026-06-23,477.49,1,21,false,5
HG_019,DBL,HB,ADL-1,2026-06-24,467.67,1,21,false,5
HG_019,DBL,HB,ADL-1,2026-06-25,516.65,1,21,false,5
HG_019,DBL,HB,ADL-1,2026-06-26,452.08,1,21,false,5
HG_019,DBL,HB,ADL-1,2026-06-27,502.39,1,21,false,5
HG_019,DBL,HB,ADL-1,2026-06-28,504.81,1,21,false,5
HG_019,DBL,HB,ADL-1,2026-06-29,445.47,1,21,false,5
HG_019,SGL,RO,ADL-1,2026-05-01,427.65,1,21,false,5
HG_019,SGL,RO,ADL-1,2026-05-02,469.28,1,21,false,5
HG_019,SGL,RO,ADL-1,2026-05-03,499.27,1,21,false,5
HG_019,SGL,RO,ADL-1,2026-05-04,449.29,1,21,false,5
HG_019,SGL,RO,ADL-1,2026-05-05,439.68,1,21,false,5
HG_019,SGL,RO,ADL-1,2026-05-06,473.99,1,21,false,5
HG_019,SGL,RO,ADL-1,2026-05-07,458.95,1,21,false,5
HG_019,SGL,RO,ADL-1,2026-05-08,404.82,1,21,false,5
HG_019,SGL,RO,ADL-1,2026-05-09,454.29,1,21,false,5
HG_019,SGL,RO,ADL-1,2026-05-10,461.46,1,21,false,5
HG_019,SGL,RO,ADL-1,2026-05-11,438.17,1,21,false,5
HG_019,SGL,RO,ADL-1,2026-05-12,470.57,1,21,false,5
HG_019,SGL,RO,ADL-1,2026-05-13,410.64,1,21,false,5
HG_019,SGL,RO,ADL-1,2026-05-14,459.04,1,21,false,5
HG_019,SGL,RO,ADL-1,2026-05-15,483.72,1,21,false,5
HG_019,SGL,RO,ADL-1,2026-05-16,452.17,1,21,false,5
HG_019,SGL,RO,ADL-1,2026-05-17,432.18,1,21,false,5
HG_019,SGL,RO,ADL-1,2026-05-18,486.86,1,21,false,5
HG_019,SGL,RO,ADL-1,2026-05-19,432.41,1,21,false,5
HG_019,SGL,RO,ADL-1,2026-05-20,433.05,1,21,false,5
HG_019,SGL,RO,ADL-1,2026-05-21,451.57,1,21,false,5
HG_019,SGL,RO,ADL-1,2026-05-22,420.31,1,21,false,5
HG_019,SGL,RO,ADL-1,2026-05-23,423.81,1,21,false,5
HG_019,SGL,RO,ADL-1,2026-05-24,433.34,1,21,false,5
HG_019,SGL,RO,ADL-1,2026-05-25,479.51,1,21,false,5
HG_019,SGL,RO,ADL-1,2026-05-26,435.06,1,21,false,5
HG_019,SGL,RO,ADL-1,2026-05-27,481.86,1,21,false,5
HG_019,SGL,RO,ADL-1,2026-05-28,454.85,1,21,false,5
HG_019,SGL,RO,ADL-1,2026-05-29,482.50,1,21,false,5
HG_019,SGL,RO,ADL-1,2026-05-30,505.87,1,21,false,5
HG_019,SGL,RO,ADL-1,2026-05-31,429.85,1,21,false,5
HG_019,SGL,RO,ADL-1,2026-06-01,416.64,1,21,false,5
HG_019,SGL,RO,ADL-1,2026-06-02,481.78,1,21,false,5
HG_019,SGL,RO,ADL-1,2026-06-03,478.91,1,21,false,5
HG_019,SGL,RO,ADL-1,2026-06-04,456.16,1,21,false,5
HG_019,SGL,RO,ADL-1,2026-06-05,458.87,1,21,false,5
HG_019,SGL,RO,ADL-1,2026-06-06,518.98,1,21,false,5
HG_019,SGL,RO,ADL-1,2026-06-07,452.42,1,21,false,5
HG_019,SGL,RO,ADL-1,2026-06-08,508.06,1,21,false,5
HG_019,SGL,RO,ADL-1,2026-06-09,439.48,1,21,false,5
HG_019,SGL,RO,ADL-1,2026-06-10,443.06,1,21,false,5
HG_019,SGL,RO,ADL-1,2026-06-11,480.20,1,21,false,5
HG_019,SGL,RO,ADL-1,2026-06-12,490.62,1,21,false,5
HG_019,SGL,RO,ADL-1,2026-06-13,453.52,1,21,false,5
HG_019,SGL,RO,ADL-1,2026-06-14,511.99,1,21,false,5
HG_019,SGL,RO,ADL-1,2026-06-15,465.01,1,21,false,5
HG_019,SGL,RO,ADL-1,2026-06-16,484.27,1,21,false,5
HG_019,SGL,RO,ADL-1,2026-06-17,486.56,1,21,false,5
HG_019,SGL,RO,ADL-1,2026-06-18,461.00,1,21,false,5
HG_019,SGL,RO,ADL-1,2026-06-19,453.99,1,21,false,5
HG_019,SGL,RO,ADL-1,2026-06-20,510.71,1,21,false,5
HG_019,SGL,RO,ADL-1,2026-06-21,467.98,1,21,false,5
HG_019,SGL,RO,ADL-1,2026-06-22,448.24,1,21,false,5
HG_019,SGL,RO,ADL-1,2026-06-23,500.06,1,21,false,5
HG_019,SGL,RO,ADL-1,2026-06-24,475.82,1,21,false,5
HG_019,SGL,RO,ADL-1,2026-06-25,479.69,1,21,false,5
HG_019,SGL,RO,ADL-1,2026-06-26,437.99,1,21,false,5
HG_019,SGL,RO,ADL-1,2026-06-27,458.78,1,21,false,5
HG_019,SGL,RO,ADL-1,2026-06-28,471.60,1,21,false,5
HG_019,SGL,RO,ADL-1,2026-06-29,423.60,1,21,false,5
HG_019,SGL,BB,ADL-1,2026-05-01,500.78,1,21,false,5
HG_019,SGL,BB,ADL-1,2026-05-02,461.23,1,21,false,5
HG_019,SGL,BB,ADL-1,2026-05-03,444.49,1,21,false,5
HG_019,SGL,BB,ADL-1,2026-05-04,502.53,1,21,false,5
HG_019,SGL,BB,ADL-1,2026-05-05,471.39,1,21,false,5
HG_019,SGL,BB,ADL-1,2026-05-06,416.96,1,21,false,5
HG_019,SGL,BB,ADL-1,2026-05-07,424.90,1,21,false,5
HG_019,SGL,BB,ADL-1,2026-05-08,502.62,1,21,false,5
HG_019,SGL,BB,ADL-1,2026-05-09,488.70,1,21,false,5
HG_019,SGL,BB,ADL-1,2026-05-10,435.82,1,21,false,5
HG_019,SGL,BB,ADL-1,2026-05-11,416.81,1,21,false,5
HG_019,SGL,BB,ADL-1,2026-05-12,477.51,1,21,false,5
HG_019,SGL,BB,ADL-1,2026-05-13,427.82,1,21,false,5
HG_019,SGL,BB,ADL-1,2026-05-14,482.97,1,21,false,5
HG_019,SGL,BB,ADL-1,2026-05-15,496.12,1,21,false,5
HG_019,SGL,BB,ADL-1,2026-05-16,451.21,1,21,false,5
HG_019,SGL,BB,ADL-1,2026-05-17,503.83,1,21,false,5
HG_019,SGL,BB,ADL-1,2026-05-18,460.56,1,21,false,5
HG_019,SGL,BB,ADL-1,2026-05-19,480.76,1,21,false,5
HG_019,SGL,BB,ADL-1,2026-05-20,444.13,1,21,false,5
HG_019,SGL,BB,ADL-1,2026-05-21,472.39,1,21,false,5
HG_019,SGL,BB,ADL-1,2026-05-22,432.40,1,21,false,5
HG_019,SGL,BB,ADL-1,2026-05-23,485.44,1,21,false,5
HG_019,SGL,BB,ADL-1,2026-05-24,524.04,1,21,false,5
HG_019,SGL,BB,ADL-1,2026-05-25,450.28,1,21,false,5
HG_019,SGL,BB,ADL-1,2026-05-26,452.80,1,21,false,5
HG_019,SGL,BB,ADL-1,2026-05-27,499.23,1,21,false,5
HG_019,SGL,BB,ADL-1,2026-05-28,428.07,1,21,false,5
HG_019,SGL,BB,ADL-1,2026-05-29,504.83,1,21,false,5
HG_019,SGL,BB,ADL-1,2026-05-30,496.58,1,21,false,5
HG_019,SGL,BB,ADL-1,2026-05-31,521.60,1,21,false,5
HG_019,SGL,BB,ADL-1,2026-06-01,524.76,1,21,false,5
HG_019,SGL,BB,ADL-1,2026-06-02,523.89,1,21,false,5
HG_019,SGL,BB,ADL-1,2026-06-03,476.47,1,21,false,5
HG_019,SGL,BB,ADL-1,2026-06-04,509.98,1,21,false,5
HG_019,SGL,BB,ADL-1,2026-06-05,442.00,1,21,false,5
HG_019,SGL,BB,ADL-1,2026-06-06,502.03,1,21,false,5
HG_019,SGL,BB,ADL-1,2026-06-07,470.50,1,21,false,5
HG_019,SGL,BB,ADL-1,2026-06-08,485.55,1,21,false,5
HG_019,SGL,BB,ADL-1,2026-06-09,520.51,1,21,false,5
HG_019,SGL,BB,ADL-1,2026-06-10,481.08,1,21,false,5
HG_019,SGL,BB,ADL-1,2026-06-11,435.51,1,21,false,5
HG_019,SGL,BB,ADL-1,2026-06-12,459.76,1,21,false,5
HG_019,SGL,BB,ADL-1,2026-06-13,544.46,1,21,false,5
HG_019,SGL,BB,ADL-1,2026-06-14,516.77,1,21,false,5
HG_019,SGL,BB,ADL-1,2026-06-15,453.43,1,21,false,5
HG_019,SGL,BB,ADL-1,2026-06-16,499.79,1,21,false,5
HG_019,SGL,BB,ADL-1,2026-06-17,472.84,1,21,false,5
HG_019,SGL,BB,ADL-1,2026-06-18,514.36,1,21,false,5
HG_019,SGL,BB,ADL-1,2026-06-19,524.81,1,21,false,5
HG_019,SGL,BB,ADL-1,2026-06-20,482.50,1,21,false,5
HG_019,SGL,BB,ADL-1,2026-06-21,554.36,1,21,false,5
HG_019,SGL,BB,ADL-1,2026-06-22,520.87,1,21,false,5
HG_019,SGL,BB,ADL-1,2026-06-23,473.09,1,21,false,5
HG_019,SGL,BB,ADL-1,2026-06-24,457.50,1,21,false,5
HG_019,SGL,BB,ADL-1,2026-06-25,456.28,1,21,false,5
HG_019,SGL,BB,ADL-1,2026-06-26,532.61,1,21,false,5
HG_019,SGL,BB,ADL-1,2026-06-27,532.67,1,21,false,5
HG_019,SGL,BB,ADL-1,2026-06-28,492.57,1,21,false,5
HG_019,SGL,BB,ADL-1,2026-06-29,488.15,1,21,false,5
HG_019,SGL,HB,ADL-1,2026-05-01,430.81,1,21,false,5
HG_019,SGL,HB,ADL-1,2026-05-02,457.73,1,21,false,5
HG_019,SGL,HB,ADL-1,2026-05-03,504.38,1,21,false,5
HG_019,SGL,HB,ADL-1,2026-05-04,435.30,1,21,false,5
HG_019,SGL,HB,ADL-1,2026-05-05,519.26,1,21,false,5
HG_019,SGL,HB,ADL-1,2026-05-06,424.31,1,21,false,5
HG_019,SGL,HB,ADL-1,2026-05-07,518.86,1,21,false,5
HG_019,SGL,HB,ADL-1,2026-05-08,422.63,1,21,false,5
HG_019,SGL,HB,ADL-1,2026-05-09,493.96,1,21,false,5
HG_019,SGL,HB,ADL-1,2026-05-10,472.59,1,21,false,5
HG_019,SGL,HB,ADL-1,2026-05-11,473.43,1,21,false,5
HG_019,SGL,HB,ADL-1,2026-05-12,486.41,1,21,false,5
HG_019,SGL,HB,ADL-1,2026-05-13,424.06,1,21,false,5
HG_019,SGL,HB,ADL-1,2026-05-14,474.71,1,21,false,5
HG_019,SGL,HB,ADL-1,2026-05-15,439.77,1,21,false,5
HG_019,SGL,HB,ADL-1,2026-05-16,489.14,1,21,false,5
HG_019,SGL,HB,ADL-1,2026-05-17,522.61,1,21,false,5
HG_019,SGL,HB,ADL-1,2026-05-18,479.40,1,21,false,5
HG_019,SGL,HB,ADL-1,2026-05-19,457.24,1,21,false,5
HG_019,SGL,HB,ADL-1,2026-05-20,468.60,1,21,false,5
HG_019,SGL,HB,ADL-1,2026-05-21,487.51,1,21,false,5
HG_019,SGL,HB,ADL-1,2026-05-22,436.68,1,21,false,5
HG_019,SGL,HB,ADL-1,2026-05-23,539.45,1,21,false,5
HG_019,SGL,HB,ADL-1,2026-05-24,498.55,1,21,false,5
HG_019,SGL,HB,ADL-1,2026-05-25,480.08,1,21,false,5
HG_019,SGL,HB,ADL-1,2026-05-26,458.24,1,21,false,5
HG_019,SGL,HB,ADL-1,2026-05-27,442.64,1,21,false,5
HG_019,SGL,HB,ADL-1,2026-05-28,437.26,1,21,false,5
HG_019,SGL,HB,ADL-1,2026-05-29,483.94,1,21,false,5
HG_019,SGL,HB,ADL-1,2026-05-30,487.03,1,21,false,5
HG_019,SGL,HB,ADL-1,2026-05-31,512.34,1,21,false,5
HG_019,SGL,HB,ADL-1,2026-06-01,494.92,1,21,false,5
HG_019,SGL,HB,ADL-1,2026-06-02,524.51,1,21,false,5
HG_019,SGL,HB,ADL-1,2026-06-03,521.59,1,21,false,5
HG_019,SGL,HB,ADL-1,2026-06-04,442.82,1,21,false,5
HG_019,SGL,HB,ADL-1,2026-06-05,484.19,1,21,false,5
HG_019,SGL,HB,ADL-1,2026-06-06,476.47,1,21,false,5
HG_019,SGL,HB,ADL-1,2026-06-07,492.26,1,21,false,5
HG_019,SGL,HB,ADL-1,2026-06-08,480.15,1,21,false,5
HG_019,SGL,HB,ADL-1,2026-06-09,470.91,1,21,false,5
HG_019,SGL,HB,ADL-1,2026-06-10,483.45,1,21,false,5
HG_019,SGL,HB,ADL-1,2026-06-11,514.61,1,21,false,5
HG_019,SGL,HB,ADL-1,2026-06-12,479.00,1,21,false,5
HG_019,SGL,HB,ADL-1,2026-06-13,526.56,1,21,false,5
HG_019,SGL,HB,ADL-1,2026-06-14,465.95,1,21,false,5
HG_019,SGL,HB,ADL-1,2026-06-15,483.09,1,21,false,5
HG_019,SGL,HB,ADL-1,2026-06-16,524.34,1,21,false,5
HG_019,SGL,HB,ADL-1,2026-06-17,474.08,1,21,false,5
HG_019,SGL,HB,ADL-1,2026-06-18,494.84,1,21,false,5
HG_019,SGL,HB,ADL-1,2026-06-19,531.64,1,21,false,5
HG_019,SGL,HB,ADL-1,2026-06-20,572.71,1,21,false,5
HG_019,SGL,HB,ADL-1,2026-06-21,569.35,1,21,false,5
HG_019,SGL,HB,ADL-1,2026-06-22,536.64,1,21,false,5
HG_019,SGL,HB,ADL-1,2026-06-23,450.26,1,21,false,5
HG_019,SGL,HB,ADL-1,2026-06-24,448.00,1,21,false,5
HG_019,SGL,HB,ADL-1,2026-06-25,490.61,1,21,false,5
HG_019,SGL,HB,ADL-1,2026-06-26,449.95,1,21,false,5
HG_019,SGL,HB,ADL-1,2026-06-27,480.13,1,21,false,5
HG_019,SGL,HB,ADL-1,2026-06-28,561.15,1,21,false,5
HG_019,SGL,HB,ADL-1,2026-06-29,481.43,1,21,false,5
HG_020,DBL,RO,ADL-1,2026-05-01,458.45,2,21,false,6
HG_020,DBL,RO,ADL-1,2026-05-02,468.26,2,21,false,6
HG_020,DBL,RO,ADL-1,2026-05-03,450.44,2,21,false,6
HG_020,DBL,RO,ADL-1,2026-05-04,409.24,2,21,false,6
HG_020,DBL,RO,ADL-1,2026-05-05,409.87,2,21,false,6
HG_020,DBL,RO,ADL-1,2026-05-06,427.50,2,21,false,6
HG_020,DBL,RO,ADL-1,2026-05-07,403.92,2,21,false,6
HG_020,DBL,RO,ADL-1,2026-05-08,383.53,2,21,false,6
HG_020,DBL,RO,ADL-1,2026-05-09,461.80,2,21,false,6
HG_020,DBL,RO,ADL-1,2026-05-10,476.62,2,21,false,6
HG_020,DBL,RO,ADL-1,2026-05-11,382.63,2,21,false,6
HG_020,DBL,RO,ADL-1,2026-05-12,466.39,2,21,false,6
HG_020,DBL,RO,ADL-1,2026-05-13,400.14,2,21,false,6
HG_020,DBL,RO,ADL-1,2026-05-14,432.32,2,21,false,6
HG_020,DBL,RO,ADL-1,2026-05-15,461.31,2,21,false,6
HG_020,DBL,RO,ADL-1,2026-05-16,453.48,1,21,false,6
HG_020,DBL,RO,ADL-1,2026-05-17,415.27,1,21,false,6
HG_020,DBL,RO,ADL-1,2026-05-18,476.57,1,21,false,6
HG_020,DBL,RO,ADL-1,2026-05-19,426.64,1,21,false,6
HG_020,DBL,RO,ADL-1,2026-05-20,441.31,1,21,false,6
HG_020,DBL,RO,ADL-1,2026-05-21,394.60,1,21,false,6
HG_020,DBL,RO,ADL-1,2026-05-22,440.88,1,21,false,6
HG_020,DBL,RO,ADL-1,2026-05-23,407.59,1,21,false,6
HG_020,DBL,RO,ADL-1,2026-05-24,507.50,1,21,false,6
HG_020,DBL,RO,ADL-1,2026-05-25,426.62,1,21,false,6
HG_020,DBL,RO,ADL-1,2026-05-26,469.56,1,21,false,6
HG_020,DBL,RO,ADL-1,2026-05-27,408.23,1,21,false,6
HG_020,DBL,RO,ADL-1,2026-05-28,451.91,1,21,false,6
HG_020,DBL,RO,ADL-1,2026-05-29,447.90,1,21,false,6
HG_020,DBL,RO,ADL-1,2026-05-30,499.21,1,21,false,6
HG_020,DBL,RO,ADL-1,2026-05-31,466.82,2,21,false,6
HG_020,DBL,RO,ADL-1,2026-06-01,429.15,2,21,false,6
HG_020,DBL,RO,ADL-1,2026-06-02,436.36,2,21,false,6
HG_020,DBL,RO,ADL-1,2026-06-03,470.26,2,21,false,6
HG_020,DBL,RO,ADL-1,2026-06-04,442.93,2,21,false,6
HG_020,DBL,RO,ADL-1,2026-06-05,489.90,2,21,false,6
HG_020,DBL,RO,ADL-1,2026-06-06,492.46,2,21,false,6
HG_020,DBL,RO,ADL-1,2026-06-07,440.48,2,21,false,6
HG_020,DBL,RO,ADL-1,2026-06-08,478.33,2,21,false,6
HG_020,DBL,RO,ADL-1,2026-06-09,415.77,2,21,false,6
HG_020,DBL,RO,ADL-1,2026-06-10,458.91,2,21,false,6
HG_020,DBL,RO,ADL-1,2026-06-11,486.28,2,21,false,6
HG_020,DBL,RO,ADL-1,2026-06-12,443.17,2,21,false,6
HG_020,DBL,RO,ADL-1,2026-06-13,498.06,2,21,false,6
HG_020,DBL,RO,ADL-1,2026-06-14,504.78,2,21,false,6
HG_020,DBL,RO,ADL-1,2026-06-15,416.42,1,21,false,6
HG_020,DBL,RO,ADL-1,2026-06-16,412.24,1,21,false,6
HG_020,DBL,RO,ADL-1,2026-06-17,407.22,1,21,false,6
HG_020,DBL,RO,ADL-1,2026-06-18,488.05,1,21,false,6
HG_020,DBL,RO,ADL-1,2026-06-19,507.13,1,21,false,6
HG_020,DBL,RO,ADL-1,2026-06-20,477.07,1,21,false,6
HG_020,DBL,RO,ADL-1,2026-06-21,438.90,1,21,false,6
HG_020,DBL,RO,ADL-1,2026-06-22,452.35,1,21,false,6
HG_020,DBL,RO,ADL-1,2026-06-23,445.91,1,21,false,6
HG_020,DBL,RO,ADL-1,2026-06-24,496.52,1,21,false,6
HG_020,DBL,RO,ADL-1,2026-06-25,461.58,1,21,false,6
HG_020,DBL,RO,ADL-1,2026-06-26,437.27,1,21,false,6
HG_020,DBL,RO,ADL-1,2026-06-27,486.14,1,21,false,6
HG_020,DBL,RO,ADL-1,2026-06-28,447.33,1,21,false,6
HG_020,DBL,RO,ADL-1,2026-06-29,501.33,1,21,false,6
HG_020,DBL,RO,ADL-2,2026-05-01,417.90,2,21,false,6
HG_020,DBL,RO,ADL-2,2026-05-02,403.07,2,21,false,6
HG_020,DBL,RO,ADL-2,2026-05-03,411.31,2,21,false,6
HG_020,DBL,RO,ADL-2,2026-05-04,415.71,2,21,false,6
HG_020,DBL,RO,ADL-2,2026-05-05,474.87,2,21,false,6
HG_020,DBL,RO,ADL-2,2026-05-06,467.39,2,21,false,6
HG_020,DBL,RO,ADL-2,2026-05-07,426.30,2,21,false,6
HG_020,DBL,RO,ADL-2,2026-05-08,414.69,2,21,false,6
HG_020,DBL,RO,ADL-2,2026-05-09,427.43,2,21,false,6
HG_020,DBL,RO,ADL-2,2026-05-10,398.78,2,21,false,6
HG_020,DBL,RO,ADL-2,2026-05-11,439.23,2,21,false,6
HG_020,DBL,RO,ADL-2,2026-05-12,413.50,2,21,false,6
HG_020,DBL,RO,ADL-2,2026-05-13,451.31,2,21,false,6
HG_020,DBL,RO,ADL-2,2026-05-14,471.91,2,21,false,6
HG_020,DBL,RO,ADL-2,2026-05-15,426.87,2,21,false,6
HG_020,DBL,RO,ADL-2,2026-05-16,498.89,1,21,false,6
HG_020,DBL,RO,ADL-2,2026-05-17,413.95,1,21,false,6
HG_020,DBL,RO,ADL-2,2026-05-18,414.18,1,21,false,6
HG_020,DBL,RO,ADL-2,2026-05-19,470.60,1,21,false,6
HG_020,DBL,RO,ADL-2,2026-05-20,424.97,1,21,false,6
HG_020,DBL,RO,ADL-2,2026-05-21,402.24,1,21,false,6
HG_020,DBL,RO,ADL-2,2026-05-22,422.23,1,21,false,6
HG_020,DBL,RO,ADL-2,2026-05-23,427.76,1,21,false,6
HG_020,DBL,RO,ADL-2,2026-05-24,434.07,1,21,false,6
HG_020,DBL,RO,ADL-2,2026-05-25,405.29,1,21,false,6
HG_020,DBL,RO,ADL-2,2026-05-26,468.53,1,21,false,6
HG_020,DBL,RO,ADL-2,2026-05-27,441.79,1,21,false,6
HG_020,DBL,RO,ADL-2,2026-05-28,432.47,1,21,false,6
HG_020,DBL,RO,ADL-2,2026-05-29,421.48,1,21,false,6
HG_020,DBL,RO,ADL-2,2026-05-30,481.38,1,21,false,6
HG_020,DBL,RO,ADL-2,2026-05-31,442.74,2,21,false,6
HG_020,DBL,RO,ADL-2,2026-06-01,475.62,2,21,false,6
HG_020,DBL,RO,ADL-2,2026-06-02,492.41,2,21,false,6
HG_020,DBL,RO,ADL-2,2026-06-03,469.94,2,21,false,6
HG_020,DBL,RO,ADL-2,2026-06-04,471.52,2,21,false,6
HG_020,DBL,RO,ADL-2,2026-06-05,462.21,2,21,false,6
HG_020,DBL,RO,ADL-2,2026-06-06,437.29,2,21,false,6
HG_020,DBL,RO,ADL-2,2026-06-07,438.82,2,21,false,6
HG_020,DBL,RO,ADL-2,2026-06-08,457.24,2,21,false,6
HG_020,DBL,RO,ADL-2,2026-06-09,481.89,2,21,false,6
HG_020,DBL,RO,ADL-2,2026-06-10,472.72,2,21,false,6
HG_020,DBL,RO,ADL-2,2026-06-11,497.52,2,21,false,6
HG_020,DBL,RO,ADL-2,2026-06-12,494.90,2,21,false,6
HG_020,DBL,RO,ADL-2,2026-06-13,480.49,2,21,false,6
HG_020,DBL,RO,ADL-2,2026-06-14,518.98,2,21,false,6
HG_020,DBL,RO,ADL-2,2026-06-15,497.37,1,21,false,6
HG_020,DBL,RO,ADL-2,2026-06-16,507.65,1,21,false,6
HG_020,DBL,RO,ADL-2,2026-06-17,462.10,1,21,false,6
HG_020,DBL,RO,ADL-2,2026-06-18,490.10,1,21,false,6
HG_020,DBL,RO,ADL-2,2026-06-19,458.13,1,21,false,6
HG_020,DBL,RO,ADL-2,2026-06-20,432.63,1,21,false,6
HG_020,DBL,RO,ADL-2,2026-06-21,491.15,1,21,false,6
HG_020,DBL,RO,ADL-2,2026-06-22,502.99,1,21,false,6
HG_020,DBL,RO,ADL-2,2026-06-23,484.93,1,21,false,6
HG_020,DBL,RO,ADL-2,2026-06-24,444.64,1,21,false,6
HG_020,DBL,RO,ADL-2,2026-06-25,460.38,1,21,false,6
HG_020,DBL,RO,ADL-2,2026-06-26,423.84,1,21,false,6
HG_020,DBL,RO,ADL-2,2026-06-27,499.58,1,21,false,6
HG_020,DBL,RO,ADL-2,2026-06-28,485.32,1,21,false,6
HG_020,DBL,RO,ADL-2,2026-06-29,466.50,1,21,false,6
HG_020,DBL,BB,ADL-1,2026-05-01,426.10,2,21,false,6
HG_020,DBL,BB,ADL-1,2026-05-02,517.78,2,21,false,6
HG_020,DBL,BB,ADL-1,2026-05-03,500.12,2,21,false,6
HG_020,DBL,BB,ADL-1,2026-05-04,425.17,2,21,false,6
HG_020,DBL,BB,ADL-1,2026-05-05,471.74,2,21,false,6
HG_020,DBL,BB,ADL-1,2026-05-06,413.13,2,21,false,6
HG_020,DBL,BB,ADL-1,2026-05-07,456.46,2,21,false,6
HG_020,DBL,BB,ADL-1,2026-05-08,461.26,2,21,false,6
HG_020,DBL,BB,ADL-1,2026-05-09,417.78,2,21,false,6
HG_020,DBL,BB,ADL-1,2026-05-10,451.34,2,21,false,6
HG_020,DBL,BB,ADL-1,2026-05-11,476.42,2,21,false,6
HG_020,DBL,BB,ADL-1,2026-05-12,450.81,2,21,false,6
HG_020,DBL,BB,ADL-1,2026-05-13,463.45,2,21,false,6
HG_020,DBL,BB,ADL-1,2026-05-14,404.85,2,21,false,6
HG_020,DBL,BB,ADL-1,2026-05-15,435.36,2,21,false,6
HG_020,DBL,BB,ADL-1,2026-05-16,457.11,1,21,false,6
HG_020,DBL,BB,ADL-1,2026-05-17,518.90,1,21,false,6
HG_020,DBL,BB,ADL-1,2026-05-18,438.86,1,21,false,6
HG_020,DBL,BB,ADL-1,2026-05-19,406.46,1,21,false,6
HG_020,DBL,BB,ADL-1,2026-05-20,495.26,1,21,false,6
HG_020,DBL,BB,ADL-1,2026-05-21,486.53,1,21,false,6
HG_020,DBL,BB,ADL-1,2026-05-22,495.41,1,21,false,6
HG_020,DBL,BB,ADL-1,2026-05-23,466.79,1,21,false,6
HG_020,DBL,BB,ADL-1,2026-05-24,431.75,1,21,false,6
HG_020,DBL,BB,ADL-1,2026-05-25,422.49,1,21,false,6
HG_020,DBL,BB,ADL-1,2026-05-26,473.86,1,21,false,6
HG_020,DBL,BB,ADL-1,2026-05-27,468.18,1,21,false,6
HG_020,DBL,BB,ADL-1,2026-05-28,482.02,1,21,false,6
HG_020,DBL,BB,ADL-1,2026-05-29,436.41,1,21,false,6
HG_020,DBL,BB,ADL-1,2026-05-30,504.24,1,21,false,6
HG_020,DBL,BB,ADL-1,2026-05-31,447.35,2,21,false,6
HG_020,DBL,BB,ADL-1,2026-06-01,446.93,2,21,false,6
HG_020,DBL,BB,ADL-1,2026-06-02,497.30,2,21,false,6
HG_020,DBL,BB,ADL-1,2026-06-03,453.09,2,21,false,6
HG_020,DBL,BB,ADL-1,2026-06-04,454.10,2,21,false,6
HG_020,DBL,BB,ADL-1,2026-06-05,507.46,2,21,false,6
HG_020,DBL,BB,ADL-1,2026-06-06,510.11,2,21,false,6
HG_020,DBL,BB,ADL-1,2026-06-07,499.14,2,21,false,6
HG_020,DBL,BB,ADL-1,2026-06-08,472.02,2,21,false,6
HG_020,DBL,BB,ADL-1,2026-06-09,507.48,2,21,false,6
HG_020,DBL,BB,ADL-1,2026-06-10,437.87,2,21,false,6
HG_020,DBL,BB,ADL-1,2026-06-11,456.44,2,21,false,6
HG_020,DBL,BB,ADL-1,2026-06-12,489.61,2,21,false,6
HG_020,DBL,BB,ADL-1,2026-06-13,470.01,2,21,false,6
HG_020,DBL,BB,ADL-1,2026-06-14,519.60,2,21,false,6
HG_020,DBL,BB,ADL-1,2026-06-15,464.39,1,21,false,6
HG_020,DBL,BB,ADL-1,2026-06-16,428.67,1,21,false,6
HG_020,DBL,BB,ADL-1,2026-06-17,500.01,1,21,false,6
HG_020,DBL,BB,ADL-1,2026-06-18,434.14,1,21,false,6
HG_020,DBL,BB,ADL-1,2026-06-19,443.77,1,21,false,6
HG_020,DBL,BB,ADL-1,2026-06-20,496.81,1,21,false,6
HG_020,DBL,BB,ADL-1,2026-06-21,488.95,1,21,false,6
HG_020,DBL,BB,ADL-1,2026-06-22,500.83,1,21,false,6
HG_020,DBL,BB,ADL-1,2026-06-23,505.80,1,21,false,6
HG_020,DBL,BB,ADL-1,2026-06-24,436.57,1,21,false,6
HG_020,DBL,BB,ADL-1,2026-06-25,443.21,1,21,false,6
HG_020,DBL,BB,ADL-1,2026-06-26,444.91,1,21,false,6
HG_020,DBL,BB,ADL-1,2026-06-27,457.58,1,21,false,6
HG_020,DBL,BB,ADL-1,2026-06-28,455.09,1,21,false,6
HG_020,DBL,BB,ADL-1,2026-06-29,428.35,1,21,false,6
HG_020,DBL,BB,ADL-2,2026-05-01,424.97,2,21,false,6
HG_020,DBL,BB,ADL-2,2026-05-02,489.24,2,21,false,6
HG_020,DBL,BB,ADL-2,2026-05-03,482.77,2,21,false,6
HG_020,DBL,BB,ADL-2,2026-05-04,479.19,2,21,false,6
HG_020,DBL,BB,ADL-2,2026-05-05,472.50,2,21,false,6
HG_020,DBL,BB,ADL-2,2026-05-06,485.60,2,21,false,6
HG_020,DBL,BB,ADL-2,2026-05-07,441.43,2,21,false,6
HG_020,DBL,BB,ADL-2,2026-05-08,483.89,2,21,false,6
HG_020,DBL,BB,ADL-2,2026-05-09,433.40,2,21,false,6
HG_020,DBL,BB,ADL-2,2026-05-10,424.68,2,21,false,6
HG_020,DBL,BB,ADL-2,2026-05-11,471.46,2,21,false,6
HG_020,DBL,BB,ADL-2,2026-05-12,442.10,2,21,false,6
HG_020,DBL,BB,ADL-2,2026-05-13,442.47,2,21,false,6
HG_020,DBL,BB,ADL-2,2026-05-14,462.50,2,21,false,6
HG_020,DBL,BB,ADL-2,2026-05-15,487.73,2,21,false,6
HG_020,DBL,BB,ADL-2,2026-05-16,438.68,1,21,false,6
HG_020,DBL,BB,ADL-2,2026-05-17,421.89,1,21,false,6
HG_020,DBL,BB,ADL-2,2026-05-18,428.24,1,21,false,6
HG_020,DBL,BB,ADL-2,2026-05-19,451.34,1,21,false,6
HG_020,DBL,BB,ADL-2,2026-05-20,419.19,1,21,false,6
HG_020,DBL,BB,ADL-2,2026-05-21,425.23,1,21,false,6
HG_020,DBL,BB,ADL-2,2026-05-22,473.42,1,21,false,6
HG_020,DBL,BB,ADL-2,2026-05-23,444.20,1,21,false,6
HG_020,DBL,BB,ADL-2,2026-05-24,529.22,1,21,false,6
HG_020,DBL,BB,ADL-2,2026-05-25,422.48,1,21,false,6
HG_020,DBL,BB,ADL-2,2026-05-26,462.38,1,21,false,6
HG_020,DBL,BB,ADL-2,2026-05-27,432.42,1,21,false,6
HG_020,DBL,BB,ADL-2,2026-05-28,474.70,1,21,false,6
HG_020,DBL,BB,ADL-2,2026-05-29,499.78,1,21,false,6
HG_020,DBL,BB,ADL-2,2026-05-30,436.80,1,21,false,6
HG_020,DBL,BB,ADL-2,2026-05-31,442.58,2,21,false,6
HG_020,DBL,BB,ADL-2,2026-06-01,451.67,2,21,false,6
HG_020,DBL,BB,ADL-2,2026-06-02,489.79,2,21,false,6
HG_020,DBL,BB,ADL-2,2026-06-03,515.13,2,21,false,6
HG_020,DBL,BB,ADL-2,2026-06-04,508.91,2,21,false,6
HG_020,DBL,BB,ADL-2,2026-06-05,494.61,2,21,false,6
HG_020,DBL,BB,ADL-2,2026-06-06,531.39,2,21,false,6
HG_020,DBL,BB,ADL-2,2026-06-07,532.57,2,21,false,6
HG_020,DBL,BB,ADL-2,2026-06-08,517.98,2,21,false,6
HG_020,DBL,BB,ADL-2,2026-06-09,462.79,2,21,false,6
HG_020,DBL,BB,ADL-2,2026-06-10,436.15,2,21,false,6
HG_020,DBL,BB,ADL-2,2026-06-11,413.84,2,21,false,6
HG_020,DBL,BB,ADL-2,2026-06-12,450.39,2,21,false,6
HG_020,DBL,BB,ADL-2,2026-06-13,446.58,2,21,false,6
HG_020,DBL,BB,ADL-2,2026-06-14,521.67,2,21,false,6
HG_020,DBL,BB,ADL-2,2026-06-15,490.27,1,21,false,6
HG_020,DBL,BB,ADL-2,2026-06-16,472.54,1,21,false,6
HG_020,DBL,BB,ADL-2,2026-06-17,464.35,1,21,false,6
HG_020,DBL,BB,ADL-2,2026-06-18,439.77,1,21,false,6
HG_020,DBL,BB,ADL-2,2026-06-19,490.08,1,21,false,6
HG_020,DBL,BB,ADL-2,2026-06-20,475.88,1,21,false,6
HG_020,DBL,BB,ADL-2,2026-06-21,453.03,1,21,false,6
HG_020,DBL,BB,ADL-2,2026-06-22,455.74,1,21,false,6
HG_020,DBL,BB,ADL-2,2026-06-23,444.74,1,21,false,6
HG_020,DBL,BB,ADL-2,2026-06-24,480.49,1,21,false,6
HG_020,DBL,BB,ADL-2,2026-06-25,485.17,1,21,false,6
HG_020,DBL,BB,ADL-2,2026-06-26,447.92,1,21,false,6
HG_020,DBL,BB,ADL-2,2026-06-27,470.12,1,21,false,6
HG_020,DBL,BB,ADL-2,2026-06-28,445.09,1,21,false,6
HG_020,DBL,BB,ADL-2,2026-06-29,447.38,1,21,false,6
HG_020,DBL,HB,ADL-1,2026-05-01,490.26,2,21,false,6
HG_020,DBL,HB,ADL-1,2026-05-02,477.80,2,21,false,6
HG_020,DBL,HB,ADL-1,2026-05-03,528.07,2,21,false,6
HG_020,DBL,HB,ADL-1,2026-05-04,423.60,2,21,false,6
HG_020,DBL,HB,ADL-1,2026-05-05,475.64,2,21,false,6
HG_020,DBL,HB,ADL-1,2026-05-06,438.03,2,21,false,6
HG_020,DBL,HB,ADL-1,2026-05-07,480.09,2,21,false,6
HG_020,DBL,HB,ADL-1,2026-05-08,504.25,2,21,false,6
HG_020,DBL,HB,ADL-1,2026-05-09,491.63,2,21,false,6
HG_020,DBL,HB,ADL-1,2026-05-10,512.13,2,21,false,6
HG_020,DBL,HB,ADL-1,2026-05-11,445.25,2,21,false,6
HG_020,DBL,HB,ADL-1,2026-05-12,471.18,2,21,false,6
HG_020,DBL,HB,ADL-1,2026-05-13,498.43,2,21,false,6
HG_020,DBL,HB,ADL-1,2026-05-14,437.46,2,21,false,6
HG_020,DBL,HB,ADL-1,2026-05-15,438.38,2,21,false,6
HG_020,DBL,HB,ADL-1,2026-05-16,534.25,1,21,false,6
HG_020,DBL,HB,ADL-1,2026-05-17,493.76,1,21,false,6
HG_020,DBL,HB,ADL-1,2026-05-18,502.73,1,21,false,6
HG_020,DBL,HB,ADL-1,2026-05-19,478.73,1,21,false,6
HG_020,DBL,HB,ADL-1,2026-05-20,507.65,1,21,false,6
HG_020,DBL,HB,ADL-1,2026-05-21,518.04,1,21,false,6
HG_020,DBL,HB,ADL-1,2026-05-22,494.14,1,21,false,6
HG_020,DBL,HB,ADL-1,2026-05-23,509.58,1,21,false,6
HG_020,DBL,HB,ADL-1,2026-05-24,509.69,1,21,false,6
HG_020,DBL,HB,ADL-1,2026-05-25,499.07,1,21,false,6
HG_020,DBL,HB,ADL-1,2026-05-26,512.94,1,21,false,6
HG_020,DBL,HB,ADL-1,2026-05-27,471.60,1,21,false,6
HG_020,DBL,HB,ADL-1,2026-05-28,422.65,1,21,false,6
HG_020,DBL,HB,ADL-1,2026-05-29,511.13,1,21,false,6
HG_020,DBL,HB,ADL-1,2026-05-30,511.20,1,21,false,6
HG_020,DBL,HB,ADL-1,2026-05-31,479.52,2,21,false,6
HG_020,DBL,HB,ADL-1,2026-06-01,459.96,2,21,false,6
HG_020,DBL,HB,ADL-1,2026-06-02,501.33,2,21,false,6
HG_020,DBL,HB,ADL-1,2026-06-03,513.01,2,21,false,6
HG_020,DBL,HB,ADL-1,2026-06-04,509.61,2,21,false,6
HG_020,DBL,HB,ADL-1,2026-06-05,427.59,2,21,false,6
HG_020,DBL,HB,ADL-1,2026-06-06,470.54,2,21,false,6
HG_020,DBL,HB,ADL-1,2026-06-07,541.04,2,21,false,6
HG_020,DBL,HB,ADL-1,2026-06-08,512.49,2,21,false,6
HG_020,DBL,HB,ADL-1,2026-06-09,487.01,2,21,false,6
HG_020,DBL,HB,ADL-1,2026-06-10,504.65,2,21,false,6
HG_020,DBL,HB,ADL-1,2026-06-11,450.07,2,21,false,6
HG_020,DBL,HB,ADL-1,2026-06-12,513.98,2,21,false,6
HG_020,DBL,HB,ADL-1,2026-06-13,531.69,2,21,false,6
HG_020,DBL,HB,ADL-1,2026-06-14,489.07,2,21,false,6
HG_020,DBL,HB,ADL-1,2026-06-15,536.99,1,21,false,6
HG_020,DBL,HB,ADL-1,2026-06-16,509.01,1,21,false,6
HG_020,DBL,HB,ADL-1,2026-06-17,442.30,1,21,false,6
HG_020,DBL,HB,ADL-1,2026-06-18,456.32,1,21,false,6
HG_020,DBL,HB,ADL-1,2026-06-19,530.75,1,21,false,6
HG_020,DBL,HB,ADL-1,2026-06-20,538.20,1,21,false,6
HG_020,DBL,HB,ADL-1,2026-06-21,499.94,1,21,false,6
HG_020,DBL,HB,ADL-1,2026-06-22,526.32,1,21,false,6
HG_020,DBL,HB,ADL-1,2026-06-23,504.38,1,21,false,6
HG_020,DBL,HB,ADL-1,2026-06-24,446.78,1,21,false,6
HG_020,DBL,HB,ADL-1,2026-06-25,529.04,1,21,false,6
HG_020,DBL,HB,ADL-1,2026-06-26,435.56,1,21,false,6
HG_020,DBL,HB,ADL-1,2026-06-27,515.84,1,21,false,6
HG_020,DBL,HB,ADL-1,2026-06-28,506.01,1,21,false,6
HG_020,DBL,HB,ADL-1,2026-06-29,434.12,1,21,false,6
HG_020,DBL,HB,ADL-2,2026-05-01,501.27,2,21,false,6
HG_020,DBL,HB,ADL-2,2026-05-02,475.42,2,21,false,6
HG_020,DBL,HB,ADL-2,2026-05-03,526.46,2,21,false,6
HG_020,DBL,HB,ADL-2,2026-05-04,416.91,2,21,false,6
HG_020,DBL,HB,ADL-2,2026-05-05,478.28,2,21,false,6
HG_020,DBL,HB,ADL-2,2026-05-06,439.25,2,21,false,6
HG_020,DBL,HB,ADL-2,2026-05-07,476.64,2,21,false,6
HG_020,DBL,HB,ADL-2,2026-05-08,451.54,2,21,false,6
HG_020,DBL,HB,ADL-2,2026-05-09,439.29,2,21,false,6
HG_020,DBL,HB,ADL-2,2026-05-10,511.10,2,21,false,6
HG_020,DBL,HB,ADL-2,2026-05-11,414.01,2,21,false,6
HG_020,DBL,HB,ADL-2,2026-05-12,489.00,2,21,false,6
HG_020,DBL,HB,ADL-2,2026-05-13,445.95,2,21,false,6
HG_020,DBL,HB,ADL-2,2026-05-14,470.34,2,21,false,6
HG_020,DBL,HB,ADL-2,2026-05-15,432.39,2,21,false,6
HG_020,DBL,HB,ADL-2,2026-05-16,458.78,1,21,false,6
HG_020,DBL,HB,ADL-2,2026-05-17,484.96,1,21,false,6
HG_020,DBL,HB,ADL-2,2026-05-18,435.14,1,21,false,6
HG_020,DBL,HB,ADL-2,2026-05-19,423.34,1,21,false,6
HG_020,DBL,HB,ADL-2,2026-05-20,472.13,1,21,false,6
HG_020,DBL,HB,ADL-2,2026-05-21,513.27,1,21,false,6
HG_020,DBL,HB,ADL-2,2026-05-22,497.53,1,21,false,6
HG_020,DBL,HB,ADL-2,2026-05-23,505.01,1,21,false,6
HG_020,DBL,HB,ADL-2,2026-05-24,447.61,1,21,false,6
HG_020,DBL,HB,ADL-2,2026-05-25,430.25,1,21,false,6
HG_020,DBL,HB,ADL-2,2026-05-26,520.31,1,21,false,6
HG_020,DBL,HB,ADL-2,2026-05-27,421.07,1,21,false,6
HG_020,DBL,HB,ADL-2,2026-05-28,442.95,1,21,false,6
HG_020,DBL,HB,ADL-2,2026-05-29,494.07,1,21,false,6
HG_020,DBL,HB,ADL-2,2026-05-30,527.90,1,21,false,6
HG_020,DBL,HB,ADL-2,2026-05-31,535.23,2,21,false,6
HG_020,DBL,HB,ADL-2,2026-06-01,526.32,2,21,false,6
HG_020,DBL,HB,ADL-2,2026-06-02,468.80,2,21,false,6
HG_020,DBL,HB,ADL-2,2026-06-03,476.55,2,21,false,6
HG_020,DBL,HB,ADL-2,2026-06-04,450.86,2,21,false,6
HG_020,DBL,HB,ADL-2,2026-06-05,472.59,2,21,false,6
HG_020,DBL,HB,ADL-2,2026-06-06,458.00,2,21,false,6
HG_020,DBL,HB,ADL-2,2026-06-07,529.59,2,21,false,6
HG_020,DBL,HB,ADL-2,2026-06-08,478.80,2,21,false,6
HG_020,DBL,HB,ADL-2,2026-06-09,447.29,2,21,false,6
HG_020,DBL,HB,ADL-2,2026-06-10,445.66,2,21,false,6
HG_020,DBL,HB,ADL-2,2026-06-11,429.48,2,21,false,6
HG_020,DBL,HB,ADL-2,2026-06-12,467.50,2,21,false,6
HG_020,DBL,HB,ADL-2,2026-06-13,462.88,2,21,false,6
HG_020,DBL,HB,ADL-2,2026-06-14,520.77,2,21,false,6
HG_020,DBL,HB,ADL-2,2026-06-15,480.46,1,21,false,6
HG_020,DBL,HB,ADL-2,2026-06-16,530.79,1,21,false,6
HG_020,DBL,HB,ADL-2,2026-06-17,507.94,1,21,false,6
HG_020,DBL,HB,ADL-2,2026-06-18,500.14,1,21,false,6
HG_020,DBL,HB,ADL-2,2026-06-19,476.98,1,21,false,6
HG_020,DBL,HB,ADL-2,2026-06-20,497.61,1,21,false,6
HG_020,DBL,HB,ADL-2,2026-06-21,501.18,1,21,false,6
HG_020,DBL,HB,ADL-2,2026-06-22,536.45,1,21,false,6
HG_020,DBL,HB,ADL-2,2026-06-23,455.04,1,21,false,6
HG_020,DBL,HB,ADL-2,2026-06-24,440.85,1,21,false,6
HG_020,DBL,HB,ADL-2,2026-06-25,436.94,1,21,false,6
HG_020,DBL,HB,ADL-2,2026-06-26,473.15,1,21,false,6
HG_020,DBL,HB,ADL-2,2026-06-27,529.38,1,21,false,6
HG_020,DBL,HB,ADL-2,2026-06-28,536.21,1,21,false,6
HG_020,DBL,HB,ADL-2,2026-06-29,505.25,1,21,false,6
HG_020,DBL,FB,ADL-1,2026-05-01,515.76,2,21,false,6
HG_020,DBL,FB,ADL-1,2026-05-02,458.77,2,21,false,6
HG_020,DBL,FB,ADL-1,2026-05-03,495.50,2,21,false,6
HG_020,DBL,FB,ADL-1,2026-05-04,428.21,2,21,false,6
HG_020,DBL,FB,ADL-1,2026-05-05,426.47,2,21,false,6
HG_020,DBL,FB,ADL-1,2026-05-06,487.27,2,21,false,6
HG_020,DBL,FB,ADL-1,2026-05-07,447.00,2,21,false,6
HG_020,DBL,FB,ADL-1,2026-05-08,423.64,2,21,false,6
HG_020,DBL,FB,ADL-1,2026-05-09,488.74,2,21,false,6
HG_020,DBL,FB,ADL-1,2026-05-10,466.13,2,21,false,6
HG_020,DBL,FB,ADL-1,2026-05-11,525.28,2,21,false,6
HG_020,DBL,FB,ADL-1,2026-05-12,499.44,2,21,false,6
HG_020,DBL,FB,ADL-1,2026-05-13,444.97,2,21,false,6
HG_020,DBL,FB,ADL-1,2026-05-14,462.03,2,21,false,6
HG_020,DBL,FB,ADL-1,2026-05-15,446.57,2,21,false,6
HG_020,DBL,FB,ADL-1,2026-05-16,512.22,1,21,false,6
HG_020,DBL,FB,ADL-1,2026-05-17,526.68,1,21,false,6
HG_020,DBL,FB,ADL-1,2026-05-18,506.37,1,21,false,6
HG_020,DBL,FB,ADL-1,2026-05-19,463.28,1,21,false,6
HG_020,DBL,FB,ADL-1,2026-05-20,459.74,1,21,false,6
HG_020,DBL,FB,ADL-1,2026-05-21,438.28,1,21,false,6
HG_020,DBL,FB,ADL-1,2026-05-22,464.74,1,21,false,6
HG_020,DBL,FB,ADL-1,2026-05-23,502.45,1,21,false,6
HG_020,DBL,FB,ADL-1,2026-05-24,449.20,1,21,false,6
HG_020,DBL,FB,ADL-1,2026-05-25,486.22,1,21,false,6
HG_020,DBL,FB,ADL-1,2026-05-26,454.88,1,21,false,6
HG_020,DBL,FB,ADL-1,2026-05-27,436.84,1,21,false,6
HG_020,DBL,FB,ADL-1,2026-05-28,514.04,1,21,false,6
HG_020,DBL,FB,ADL-1,2026-05-29,485.65,1,21,false,6
HG_020,DBL,FB,ADL-1,2026-05-30,449.79,1,21,false,6
HG_020,DBL,FB,ADL-1,2026-05-31,554.73,2,21,false,6
HG_020,DBL,FB,ADL-1,2026-06-01,459.43,2,21,false,6
HG_020,DBL,FB,ADL-1,2026-06-02,545.62,2,21,false,6
HG_020,DBL,FB,ADL-1,2026-06-03,544.60,2,21,false,6
HG_020,DBL,FB,ADL-1,2026-06-04,523.62,2,21,false,6
HG_020,DBL,FB,ADL-1,2026-06-05,461.33,2,21,false,6
HG_020,DBL,FB,ADL-1,2026-06-06,511.74,2,21,false,6
HG_020,DBL,FB,ADL-1,2026-06-07,555.05,2,21,false,6
HG_020,DBL,FB,ADL-1,2026-06-08,515.59,2,21,false,6
HG_020,DBL,FB,ADL-1,2026-06-09,533.93,2,21,false,6
HG_020,DBL,FB,ADL-1,2026-06-10,473.70,2,21,false,6
HG_020,DBL,FB,ADL-1,2026-06-11,518.91,2,21,false,6
HG_020,DBL,FB,ADL-1,2026-06-12,453.35,2,21,false,6
HG_020,DBL,FB,ADL-1,2026-06-13,565.35,2,21,false,6
HG_020,DBL,FB,ADL-1,2026-06-14,514.92,2,21,false,6
HG_020,DBL,FB,ADL-1,2026-06-15,457.50,1,21,false,6
HG_020,DBL,FB,ADL-1,2026-06-16,496.98,1,21,false,6
HG_020,DBL,FB,ADL-1,2026-06-17,456.98,1,21,false,6
HG_020,DBL,FB,ADL-1,2026-06-18,507.01,1,21,false,6
HG_020,DBL,FB,ADL-1,2026-06-19,532.89,1,21,false,6
HG_020,DBL,FB,ADL-1,2026-06-20,571.04,1,21,false,6
HG_020,DBL,FB,ADL-1,2026-06-21,532.31,1,21,false,6
HG_020,DBL,FB,ADL-1,2026-06-22,505.32,1,21,false,6
HG_020,DBL,FB,ADL-1,2026-06-23,448.42,1,21,false,6
HG_020,DBL,FB,ADL-1,2026-06-24,480.51,1,21,false,6
HG_020,DBL,FB,ADL-1,2026-06-25,529.30,1,21,false,6
HG_020,DBL,FB,ADL-1,2026-06-26,516.15,1,21,false,6
HG_020,DBL,FB,ADL-1,2026-06-27,549.63,1,21,false,6
HG_020,DBL,FB,ADL-1,2026-06-28,572.30,1,21,false,6
HG_020,DBL,FB,ADL-1,2026-06-29,508.30,1,21,false,6
HG_020,DBL,FB,ADL-2,2026-05-01,442.15,2,21,false,6
HG_020,DBL,FB,ADL-2,2026-05-02,532.20,2,21,false,6
HG_020,DBL,FB,ADL-2,2026-05-03,460.54,2,21,false,6
HG_020,DBL,FB,ADL-2,2026-05-04,474.92,2,21,false,6
HG_020,DBL,FB,ADL-2,2026-05-05,473.86,2,21,false,6
HG_020,DBL,FB,ADL-2,2026-05-06,420.88,2,21,false,6
HG_020,DBL,FB,ADL-2,2026-05-07,529.44,2,21,false,6
HG_020,DBL,FB,ADL-2,2026-05-08,480.80,2,21,false,6
HG_020,DBL,FB,ADL-2,2026-05-09,493.32,2,21,false,6
HG_020,DBL,FB,ADL-2,2026-05-10,469.10,2,21,false,6
HG_020,DBL,FB,ADL-2,2026-05-11,446.83,2,21,false,6
HG_020,DBL,FB,ADL-2,2026-05-12,495.61,2,21,false,6
HG_020,DBL,FB,ADL-2,2026-05-13,440.26,2,21,false,6
HG_020,DBL,FB,ADL-2,2026-05-14,429.41,2,21,false,6
HG_020,DBL,FB,ADL-2,2026-05-15,464.65,2,21,false,6
HG_020,DBL,FB,ADL-2,2026-05-16,490.14,1,21,false,6
HG_020,DBL,FB,ADL-2,2026-05-17,511.82,1,21,false,6
HG_020,DBL,FB,ADL-2,2026-05-18,497.77,1,21,false,6
HG_020,DBL,FB,ADL-2,2026-05-19,483.24,1,21,false,6
HG_020,DBL,FB,ADL-2,2026-05-20,474.03,1,21,false,6
HG_020,DBL,FB,ADL-2,2026-05-21,463.98,1,21,false,6
HG_020,DBL,FB,ADL-2,2026-05-22,494.91,1,21,false,6
HG_020,DBL,FB,ADL-2,2026-05-23,535.16,1,21,false,6
HG_020,DBL,FB,ADL-2,2026-05-24,511.24,1,21,false,6
HG_020,DBL,FB,ADL-2,2026-05-25,470.29,1,21,false,6
HG_020,DBL,FB,ADL-2,2026-05-26,478.21,1,21,false,6
HG_020,DBL,FB,ADL-2,2026-05-27,484.83,1,21,false,6
HG_020,DBL,FB,ADL-2,2026-05-28,485.21,1,21,false,6
HG_020,DBL,FB,ADL-2,2026-05-29,537.61,1,21,false,6
HG_020,DBL,FB,ADL-2,2026-05-30,518.44,1,21,false,6
HG_020,DBL,FB,ADL-2,2026-05-31,489.96,2,21,false,6
HG_020,DBL,FB,ADL-2,2026-06-01,523.99,2,21,false,6
HG_020,DBL,FB,ADL-2,2026-06-02,527.13,2,21,false,6
HG_020,DBL,FB,ADL-2,2026-06-03,475.92,2,21,false,6
HG_020,DBL,FB,ADL-2,2026-06-04,484.66,2,21,false,6
HG_020,DBL,FB,ADL-2,2026-06-05,461.61,2,21,false,6
HG_020,DBL,FB,ADL-2,2026-06-06,473.72,2,21,false,6
HG_020,DBL,FB,ADL-2,2026-06-07,551.34,2,21,false,6
HG_020,DBL,FB,ADL-2,2026-06-08,468.64,2,21,false,6
HG_020,DBL,FB,ADL-2,2026-06-09,515.92,2,21,false,6
HG_020,DBL,FB,ADL-2,2026-06-10,482.22,2,21,false,6
HG_020,DBL,FB,ADL-2,2026-06-11,492.63,2,21,false,6
HG_020,DBL,FB,ADL-2,2026-06-12,486.91,2,21,false,6
HG_020,DBL,FB,ADL-2,2026-06-13,537.90,2,21,false,6
HG_020,DBL,FB,ADL-2,2026-06-14,511.45,2,21,false,6
HG_020,DBL,FB,ADL-2,2026-06-15,449.31,1,21,false,6
HG_020,DBL,FB,ADL-2,2026-06-16,467.81,1,21,false,6
HG_020,DBL,FB,ADL-2,2026-06-17,519.99,1,21,false,6
HG_020,DBL,FB,ADL-2,2026-06-18,534.61,1,21,false,6
HG_020,DBL,FB,ADL-2,2026-06-19,561.48,1,21,false,6
HG_020,DBL,FB,ADL-2,2026-06-20,523.76,1,21,false,6
HG_020,DBL,FB,ADL-2,2026-06-21,524.45,1,21,false,6
HG_020,DBL,FB,ADL-2,2026-06-22,507.69,1,21,false,6
HG_020,DBL,FB,ADL-2,2026-06-23,471.74,1,21,false,6
HG_020,DBL,FB,ADL-2,2026-06-24,509.47,1,21,false,6
HG_020,DBL,FB,ADL-2,2026-06-25,527.82,1,21,false,6
HG_020,DBL,FB,ADL-2,2026-06-26,552.58,1,21,false,6
HG_020,DBL,FB,ADL-2,2026-06-27,547.09,1,21,false,6
HG_020,DBL,FB,ADL-2,2026-06-28,556.87,1,21,false,6
HG_020,DBL,FB,ADL-2,2026-06-29,498.61,1,21,false,6
HG_020,SGL,RO,ADL-1,2026-05-01,448.09,2,21,false,6
HG_020,SGL,RO,ADL-1,2026-05-02,470.65,2,21,false,6
HG_020,SGL,RO,ADL-1,2026-05-03,431.02,2,21,false,6
HG_020,SGL,RO,ADL-1,2026-05-04,453.61,2,21,false,6
HG_020,SGL,RO,ADL-1,2026-05-05,422.58,2,21,false,6
HG_020,SGL,RO,ADL-1,2026-05-06,464.05,2,21,false,6
HG_020,SGL,RO,ADL-1,2026-05-07,472.37,2,21,false,6
HG_020,SGL,RO,ADL-1,2026-05-08,491.61,2,21,false,6
HG_020,SGL,RO,ADL-1,2026-05-09,512.92,2,21,false,6
HG_020,SGL,RO,ADL-1,2026-05-10,427.07,2,21,false,6
HG_020,SGL,RO,ADL-1,2026-05-11,459.34,2,21,false,6
HG_020,SGL,RO,ADL-1,2026-05-12,493.98,2,21,false,6
HG_020,SGL,RO,ADL-1,2026-05-13,446.39,2,21,false,6
HG_020,SGL,RO,ADL-1,2026-05-14,462.14,2,21,false,6
HG_020,SGL,RO,ADL-1,2026-05-15,439.35,2,21,false,6
HG_020,SGL,RO,ADL-1,2026-05-16,499.41,1,21,false,6
HG_020,SGL,RO,ADL-1,2026-05-17,437.54,1,21,false,6
HG_020,SGL,RO,ADL-1,2026-05-18,439.30,1,21,false,6
HG_020,SGL,RO,ADL-1,2026-05-19,508.82,1,21,false,6
HG_020,SGL,RO,ADL-1,2026-05-20,465.13,1,21,false,6
HG_020,SGL,RO,ADL-1,2026-05-21,444.58,1,21,false,6
HG_020,SGL,RO,ADL-1,2026-05-22,492.56,1,21,false,6
HG_020,SGL,RO,ADL-1,2026-05-23,507.17,1,21,false,6
HG_020,SGL,RO,ADL-1,2026-05-24,455.26,1,21,false,6
HG_020,SGL,RO,ADL-1,2026-05-25,428.50,1,21,false,6
HG_020,SGL,RO,ADL-1,2026-05-26,459.75,1,21,false,6
HG_020,SGL,RO,ADL-1,2026-05-27,520.08,1,21,false,6
HG_020,SGL,RO,ADL-1,2026-05-28,423.05,1,21,false,6
HG_020,SGL,RO,ADL-1,2026-05-29,462.74,1,21,false,6
HG_020,SGL,RO,ADL-1,2026-05-30,499.36,1,21,false,6
HG_020,SGL,RO,ADL-1,2026-05-31,462.06,2,21,false,6
HG_020,SGL,RO,ADL-1,2026-06-01,476.98,2,21,false,6
HG_020,SGL,RO,ADL-1,2026-06-02,467.48,2,21,false,6
HG_020,SGL,RO,ADL-1,2026-06-03,511.06,2,21,false,6
HG_020,SGL,RO,ADL-1,2026-06-04,522.97,2,21,false,6
HG_020,SGL,RO,ADL-1,2026-06-05,481.91,2,21,false,6
HG_020,SGL,RO,ADL-1,2026-06-06,494.12,2,21,false,6
HG_020,SGL,RO,ADL-1,2026-06-07,471.51,2,21,false,6
HG_020,SGL,RO,ADL-1,2026-06-08,525.81,2,21,false,6
HG_020,SGL,RO,ADL-1,2026-06-09,528.01,2,21,false,6
HG_020,SGL,RO,ADL-1,2026-06-10,509.23,2,21,false,6
HG_020,SGL,RO,ADL-1,2026-06-11,485.16,2,21,false,6
HG_020,SGL,RO,ADL-1,2026-06-12,435.90,2,21,false,6
HG_020,SGL,RO,ADL-1,2026-06-13,455.79,2,21,false,6
HG_020,SGL,RO,ADL-1,2026-06-14,540.42,2,21,false,6
HG_020,SGL,RO,ADL-1,2026-06-15,521.75,1,21,false,6
HG_020,SGL,RO,ADL-1,2026-06-16,488.36,1,21,false,6
HG_020,SGL,RO,ADL-1,2026-06-17,447.59,1,21,false,6
HG_020,SGL,RO,ADL-1,2026-06-18,436.67,1,21,false,6
HG_020,SGL,RO,ADL-1,2026-06-19,489.41,1,21,false,6
HG_020,SGL,RO,ADL-1,2026-06-20,454.18,1,21,false,6
HG_020,SGL,RO,ADL-1,2026-06-21,501.90,1,21,false,6
HG_020,SGL,RO,ADL-1,2026-06-22,480.68,1,21,false,6
HG_020,SGL,RO,ADL-1,2026-06-23,485.11,1,21,false,6
HG_020,SGL,RO,ADL-1,2026-06-24,543.89,1,21,false,6
HG_020,SGL,RO,ADL-1,2026-06-25,503.22,1,21,false,6
HG_020,SGL,RO,ADL-1,2026-06-26,540.80,1,21,false,6
HG_020,SGL,RO,ADL-1,2026-06-27,555.34,1,21,false,6
HG_020,SGL,RO,ADL-1,2026-06-28,543.22,1,21,false,6
HG_020,SGL,RO,ADL-1,2026-06-29,470.75,1,21,false,6
HG_020,SGL,RO,ADL-2,2026-05-01,412.34,2,21,false,6
HG_020,SGL,RO,ADL-2,2026-05-02,521.08,2,21,false,6
HG_020,SGL,RO,ADL-2,2026-05-03,517.03,2,21,false,6
HG_020,SGL,RO,ADL-2,2026-05-04,466.97,2,21,false,6
HG_020,SGL,RO,ADL-2,2026-05-05,420.15,2,21,false,6
HG_020,SGL,RO,ADL-2,2026-05-06,428.93,2,21,false,6
HG_020,SGL,RO,ADL-2,2026-05-07,440.22,2,21,false,6
HG_020,SGL,RO,ADL-2,2026-05-08,463.64,2,21,false,6
HG_020,SGL,RO,ADL-2,2026-05-09,490.06,2,21,false,6
HG_020,SGL,RO,ADL-2,2026-05-10,480.90,2,21,false,6
HG_020,SGL,RO,ADL-2,2026-05-11,421.87,2,21,false,6
HG_020,SGL,RO,ADL-2,2026-05-12,500.93,2,21,false,6
HG_020,SGL,RO,ADL-2,2026-05-13,491.38,2,21,false,6
HG_020,SGL,RO,ADL-2,2026-05-14,443.02,2,21,false,6
HG_020,SGL,RO,ADL-2,2026-05-15,507.35,2,21,false,6
HG_020,SGL,RO,ADL-2,2026-05-16,495.98,1,21,false,6
HG_020,SGL,RO,ADL-2,2026-05-17,500.42,1,21,false,6
HG_020,SGL,RO,ADL-2,2026-05-18,504.43,1,21,false,6
HG_020,SGL,RO,ADL-2,2026-05-19,471.62,1,21,false,6
HG_020,SGL,RO,ADL-2,2026-05-20,454.85,1,21,false,6
HG_020,SGL,RO,ADL-2,2026-05-21,482.01,1,21,false,6
HG_020,SGL,RO,ADL-2,2026-05-22,523.73,1,21,false,6
HG_020,SGL,RO,ADL-2,2026-05-23,489.23,1,21,false,6
HG_020,SGL,RO,ADL-2,2026-05-24,461.52,1,21,false,6
HG_020,SGL,RO,ADL-2,2026-05-25,436.39,1,21,false,6
HG_020,SGL,RO,ADL-2,2026-05-26,426.57,1,21,false,6
HG_020,SGL,RO,ADL-2,2026-05-27,429.91,1,21,false,6
HG_020,SGL,RO,ADL-2,2026-05-28,478.97,1,21,false,6
HG_020,SGL,RO,ADL-2,2026-05-29,513.43,1,21,false,6
HG_020,SGL,RO,ADL-2,2026-05-30,467.61,1,21,false,6
HG_020,SGL,RO,ADL-2,2026-05-31,500.26,2,21,false,6
HG_020,SGL,RO,ADL-2,2026-06-01,535.15,2,21,false,6
HG_020,SGL,RO,ADL-2,2026-06-02,493.64,2,21,false,6
HG_020,SGL,RO,ADL-2,2026-06-03,428.31,2,21,false,6
HG_020,SGL,RO,ADL-2,2026-06-04,485.59,2,21,false,6
HG_020,SGL,RO,ADL-2,2026-06-05,432.15,2,21,false,6
HG_020,SGL,RO,ADL-2,2026-06-06,540.37,2,21,false,6
HG_020,SGL,RO,ADL-2,2026-06-07,485.49,2,21,false,6
HG_020,SGL,RO,ADL-2,2026-06-08,486.91,2,21,false,6
HG_020,SGL,RO,ADL-2,2026-06-09,508.73,2,21,false,6
HG_020,SGL,RO,ADL-2,2026-06-10,495.21,2,21,false,6
HG_020,SGL,RO,ADL-2,2026-06-11,465.17,2,21,false,6
HG_020,SGL,RO,ADL-2,2026-06-12,465.42,2,21,false,6
HG_020,SGL,RO,ADL-2,2026-06-13,490.18,2,21,false,6
HG_020,SGL,RO,ADL-2,2026-06-14,456.81,2,21,false,6
HG_020,SGL,RO,ADL-2,2026-06-15,434.52,1,21,false,6
HG_020,SGL,RO,ADL-2,2026-06-16,512.95,1,21,false,6
HG_020,SGL,RO,ADL-2,2026-06-17,523.31,1,21,false,6
HG_020,SGL,RO,ADL-2,2026-06-18,516.25,1,21,false,6
HG_020,SGL,RO,ADL-2,2026-06-19,466.24,1,21,false,6
HG_020,SGL,RO,ADL-2,2026-06-20,468.21,1,21,false,6
HG_020,SGL,RO,ADL-2,2026-06-21,514.02,1,21,false,6
HG_020,SGL,RO,ADL-2,2026-06-22,447.90,1,21,false,6
HG_020,SGL,RO,ADL-2,2026-06-23,494.38,1,21,false,6
HG_020,SGL,RO,ADL-2,2026-06-24,471.68,1,21,false,6
HG_020,SGL,RO,ADL-2,2026-06-25,464.87,1,21,false,6
HG_020,SGL,RO,ADL-2,2026-06-26,466.60,1,21,false,6
HG_020,SGL,RO,ADL-2,2026-06-27,568.25,1,21,false,6
HG_020,SGL,RO,ADL-2,2026-06-28,544.89,1,21,false,6
HG_020,SGL,RO,ADL-2,2026-06-29,502.62,1,21,false,6
HG_020,SGL,BB,ADL-1,2026-05-01,433.81,2,21,false,6
HG_020,SGL,BB,ADL-1,2026-05-02,529.89,2,21,false,6
HG_020,SGL,BB,ADL-1,2026-05-03,442.83,2,21,false,6
HG_020,SGL,BB,ADL-1,2026-05-04,516.22,2,21,false,6
HG_020,SGL,BB,ADL-1,2026-05-05,513.88,2,21,false,6
HG_020,SGL,BB,ADL-1,2026-05-06,439.87,2,21,false,6
HG_020,SGL,BB,ADL-1,2026-05-07,459.23,2,21,false,6
HG_020,SGL,BB,ADL-1,2026-05-08,510.45,2,21,false,6
HG_020,SGL,BB,ADL-1,2026-05-09,538.83,2,21,false,6
HG_020,SGL,BB,ADL-1,2026-05-10,531.29,2,21,false,6
HG_020,SGL,BB,ADL-1,2026-05-11,470.61,2,21,false,6
HG_020,SGL,BB,ADL-1,2026-05-12,519.21,2,21,false,6
HG_020,SGL,BB,ADL-1,2026-05-13,432.03,2,21,false,6
HG_020,SGL,BB,ADL-1,2026-05-14,525.05,2,21,false,6
HG_020,SGL,BB,ADL-1,2026-05-15,435.20,2,21,false,6
HG_020,SGL,BB,ADL-1,2026-05-16,535.55,1,21,false,6
HG_020,SGL,BB,ADL-1,2026-05-17,474.15,1,21,false,6
HG_020,SGL,BB,ADL-1,2026-05-18,481.33,1,21,false,6
HG_020,SGL,BB,ADL-1,2026-05-19,525.22,1,21,false,6
HG_020,SGL,BB,ADL-1,2026-05-20,450.83,1,21,false,6
HG_020,SGL,BB,ADL-1,2026-05-21,475.31,1,21,false,6
HG_020,SGL,BB,ADL-1,2026-05-22,530.88,1,21,false,6
HG_020,SGL,BB,ADL-1,2026-05-23,534.99,1,21,false,6
HG_020,SGL,BB,ADL-1,2026-05-24,498.26,1,21,false,6
HG_020,SGL,BB,ADL-1,2026-05-25,464.21,1,21,false,6
HG_020,SGL,BB,ADL-1,2026-05-26,450.09,1,21,false,6
HG_020,SGL,BB,ADL-1,2026-05-27,454.18,1,21,false,6
HG_020,SGL,BB,ADL-1,2026-05-28,476.38,1,21,false,6
HG_020,SGL,BB,ADL-1,2026-05-29,520.93,1,21,false,6
HG_020,SGL,BB,ADL-1,2026-05-30,525.86,1,21,false,6
HG_020,SGL,BB,ADL-1,2026-05-31,546.93,2,21,false,6
HG_020,SGL,BB,ADL-1,2026-06-01,490.81,2,21,false,6
HG_020,SGL,BB,ADL-1,2026-06-02,550.52,2,21,false,6
HG_020,SGL,BB,ADL-1,2026-06-03,464.19,2,21,false,6
HG_020,SGL,BB,ADL-1,2026-06-04,463.11,2,21,false,6
HG_020,SGL,BB,ADL-1,2026-06-05,460.45,2,21,false,6
HG_020,SGL,BB,ADL-1,2026-06-06,485.48,2,21,false,6
HG_020,SGL,BB,ADL-1,2026-06-07,512.84,2,21,false,6
HG_020,SGL,BB,ADL-1,2026-06-08,548.62,2,21,false,6
HG_020,SGL,BB,ADL-1,2026-06-09,508.63,2,21,false,6
HG_020,SGL,BB,ADL-1,2026-06-10,484.97,2,21,false,6
HG_020,SGL,BB,ADL-1,2026-06-11,440.70,2,21,false,6
HG_020,SGL,BB,ADL-1,2026-06-12,485.31,2,21,false,6
HG_020,SGL,BB,ADL-1,2026-06-13,516.23,2,21,false,6
HG_020,SGL,BB,ADL-1,2026-06-14,504.51,2,21,false,6
HG_020,SGL,BB,ADL-1,2026-06-15,538.96,1,21,false,6
HG_020,SGL,BB,ADL-1,2026-06-16,559.19,1,21,false,6
HG_020,SGL,BB,ADL-1,2026-06-17,476.14,1,21,false,6
HG_020,SGL,BB,ADL-1,2026-06-18,455.87,1,21,false,6
HG_020,SGL,BB,ADL-1,2026-06-19,555.68,1,21,false,6
HG_020,SGL,BB,ADL-1,2026-06-20,513.23,1,21,false,6
HG_020,SGL,BB,ADL-1,2026-06-21,465.09,1,21,false,6
HG_020,SGL,BB,ADL-1,2026-06-22,457.90,1,21,false,6
HG_020,SGL,BB,ADL-1,2026-06-23,520.89,1,21,false,6
HG_020,SGL,BB,ADL-1,2026-06-24,541.09,1,21,false,6
HG_020,SGL,BB,ADL-1,2026-06-25,547.41,1,21,false,6
HG_020,SGL,BB,ADL-1,2026-06-26,495.39,1,21,false,6
HG_020,SGL,BB,ADL-1,2026-06-27,477.89,1,21,false,6
HG_020,SGL,BB,ADL-1,2026-06-28,554.38,1,21,false,6
HG_020,SGL,BB,ADL-1,2026-06-29,462.07,1,21,false,6
HG_020,SGL,BB,ADL-2,2026-05-01,513.82,2,21,false,6
HG_020,SGL,BB,ADL-2,2026-05-02,500.69,2,21,false,6
HG_020,SGL,BB,ADL-2,2026-05-03,495.97,2,21,false,6
HG_020,SGL,BB,ADL-2,2026-05-04,423.30,2,21,false,6
HG_020,SGL,BB,ADL-2,2026-05-05,473.73,2,21,false,6
HG_020,SGL,BB,ADL-2,2026-05-06,506.64,2,21,false,6
HG_020,SGL,BB,ADL-2,2026-05-07,512.41,2,21,false,6
HG_020,SGL,BB,ADL-2,2026-05-08,445.92,2,21,false,6
HG_020,SGL,BB,ADL-2,2026-05-09,449.91,2,21,false,6
HG_020,SGL,BB,ADL-2,2026-05-10,454.93,2,21,false,6
HG_020,SGL,BB,ADL-2,2026-05-11,438.60,2,21,false,6
HG_020,SGL,BB,ADL-2,2026-05-12,460.19,2,21,false,6
HG_020,SGL,BB,ADL-2,2026-05-13,447.14,2,21,false,6
HG_020,SGL,BB,ADL-2,2026-05-14,470.51,2,21,false,6
HG_020,SGL,BB,ADL-2,2026-05-15,436.89,2,21,false,6
HG_020,SGL,BB,ADL-2,2026-05-16,447.29,1,21,false,6
HG_020,SGL,BB,ADL-2,2026-05-17,527.95,1,21,false,6
HG_020,SGL,BB,ADL-2,2026-05-18,443.77,1,21,false,6
HG_020,SGL,BB,ADL-2,2026-05-19,518.08,1,21,false,6
HG_020,SGL,BB,ADL-2,2026-05-20,439.59,1,21,false,6
HG_020,SGL,BB,ADL-2,2026-05-21,437.30,1,21,false,6
HG_020,SGL,BB,ADL-2,2026-05-22,516.13,1,21,false,6
HG_020,SGL,BB,ADL-2,2026-05-23,488.09,1,21,false,6
HG_020,SGL,BB,ADL-2,2026-05-24,528.43,1,21,false,6
HG_020,SGL,BB,ADL-2,2026-05-25,434.58,1,21,false,6
HG_020,SGL,BB,ADL-2,2026-05-26,430.42,1,21,false,6
HG_020,SGL,BB,ADL-2,2026-05-27,441.83,1,21,false,6
HG_020,SGL,BB,ADL-2,2026-05-28,486.57,1,21,false,6
HG_020,SGL,BB,ADL-2,2026-05-29,540.36,1,21,false,6
HG_020,SGL,BB,ADL-2,2026-05-30,515.44,1,21,false,6
HG_020,SGL,BB,ADL-2,2026-05-31,514.17,2,21,false,6
HG_020,SGL,BB,ADL-2,2026-06-01,485.66,2,21,false,6
HG_020,SGL,BB,ADL-2,2026-06-02,475.00,2,21,false,6
HG_020,SGL,BB,ADL-2,2026-06-03,445.44,2,21,false,6
HG_020,SGL,BB,ADL-2,2026-06-04,463.11,2,21,false,6
HG_020,SGL,BB,ADL-2,2026-06-05,496.73,2,21,false,6
HG_020,SGL,BB,ADL-2,2026-06-06,564.00,2,21,false,6
HG_020,SGL,BB,ADL-2,2026-06-07,519.93,2,21,false,6
HG_020,SGL,BB,ADL-2,2026-06-08,467.56,2,21,false,6
HG_020,SGL,BB,ADL-2,2026-06-09,467.65,2,21,false,6
HG_020,SGL,BB,ADL-2,2026-06-10,514.52,2,21,false,6
HG_020,SGL,BB,ADL-2,2026-06-11,543.36,2,21,false,6
HG_020,SGL,BB,ADL-2,2026-06-12,469.53,2,21,false,6
HG_020,SGL,BB,ADL-2,2026-06-13,466.50,2,21,false,6
HG_020,SGL,BB,ADL-2,2026-06-14,530.53,2,21,false,6
HG_020,SGL,BB,ADL-2,2026-06-15,478.53,1,21,false,6
HG_020,SGL,BB,ADL-2,2026-06-16,519.60,1,21,false,6
HG_020,SGL,BB,ADL-2,2026-06-17,559.38,1,21,false,6
HG_020,SGL,BB,ADL-2,2026-06-18,543.67,1,21,false,6
HG_020,SGL,BB,ADL-2,2026-06-19,477.12,1,21,false,6
HG_020,SGL,BB,ADL-2,2026-06-20,494.64,1,21,false,6
HG_020,SGL,BB,ADL-2,2026-06-21,470.20,1,21,false,6
HG_020,SGL,BB,ADL-2,2026-06-22,528.25,1,21,false,6
HG_020,SGL,BB,ADL-2,2026-06-23,463.86,1,21,false,6
HG_020,SGL,BB,ADL-2,2026-06-24,463.65,1,21,false,6
HG_020,SGL,BB,ADL-2,2026-06-25,511.79,1,21,false,6
HG_020,SGL,BB,ADL-2,2026-06-26,447.66,1,21,false,6
HG_020,SGL,BB,ADL-2,2026-06-27,472.79,1,21,false,6
HG_020,SGL,BB,ADL-2,2026-06-28,518.02,1,21,false,6
HG_020,SGL,BB,ADL-2,2026-06-29,523.93,1,21,false,6
HG_020,SGL,HB,ADL-1,2026-05-01,447.41,2,21,false,6
HG_020,SGL,HB,ADL-1,2026-05-02,541.73,2,21,false,6
HG_020,SGL,HB,ADL-1,2026-05-03,554.98,2,21,false,6
HG_020,SGL,HB,ADL-1,2026-05-04,478.44,2,21,false,6
HG_020,SGL,HB,ADL-1,2026-05-05,499.42,2,21,false,6
HG_020,SGL,HB,ADL-1,2026-05-06,486.55,2,21,false,6
HG_020,SGL,HB,ADL-1,2026-05-07,517.87,2,21,false,6
HG_020,SGL,HB,ADL-1,2026-05-08,453.45,2,21,false,6
HG_020,SGL,HB,ADL-1,2026-05-09,492.18,2,21,false,6
HG_020,SGL,HB,ADL-1,2026-05-10,514.22,2,21,false,6
HG_020,SGL,HB,ADL-1,2026-05-11,443.35,2,21,false,6
HG_020,SGL,HB,ADL-1,2026-05-12,469.13,2,21,false,6
HG_020,SGL,HB,ADL-1,2026-05-13,530.25,2,21,false,6
HG_020,SGL,HB,ADL-1,2026-05-14,473.61,2,21,false,6
HG_020,SGL,HB,ADL-1,2026-05-15,456.34,2,21,false,6
HG_020,SGL,HB,ADL-1,2026-05-16,547.37,1,21,false,6
HG_020,SGL,HB,ADL-1,2026-05-17,528.21,1,21,false,6
HG_020,SGL,HB,ADL-1,2026-05-18,451.38,1,21,false,6
HG_020,SGL,HB,ADL-1,2026-05-19,550.48,1,21,false,6
HG_020,SGL,HB,ADL-1,2026-05-20,481.78,1,21,false,6
HG_020,SGL,HB,ADL-1,2026-05-21,556.74,1,21,false,6
HG_020,SGL,HB,ADL-1,2026-05-22,529.86,1,21,false,6
HG_020,SGL,HB,ADL-1,2026-05-23,510.74,1,21,false,6
HG_020,SGL,HB,ADL-1,2026-05-24,559.94,1,21,false,6
HG_020,SGL,HB,ADL-1,2026-05-25,497.39,1,21,false,6
HG_020,SGL,HB,ADL-1,2026-05-26,551.14,1,21,false,6
HG_020,SGL,HB,ADL-1,2026-05-27,473.34,1,21,false,6
HG_020,SGL,HB,ADL-1,2026-05-28,513.06,1,21,false,6
HG_020,SGL,HB,ADL-1,2026-05-29,502.30,1,21,false,6
HG_020,SGL,HB,ADL-1,2026-05-30,505.01,1,21,false,6
HG_020,SGL,HB,ADL-1,2026-05-31,503.75,2,21,false,6
HG_020,SGL,HB,ADL-1,2026-06-01,510.34,2,21,false,6
HG_020,SGL,HB,ADL-1,2026-06-02,456.65,2,21,false,6
HG_020,SGL,HB,ADL-1,2026-06-03,462.01,2,21,false,6
HG_020,SGL,HB,ADL-1,2026-06-04,465.07,2,21,false,6
HG_020,SGL,HB,ADL-1,2026-06-05,465.41,2,21,false,6
HG_020,SGL,HB,ADL-1,2026-06-06,474.24,2,21,false,6
HG_020,SGL,HB,ADL-1,2026-06-07,504.90,2,21,false,6
HG_020,SGL,HB,ADL-1,2026-06-08,546.35,2,21,false,6
HG_020,SGL,HB,ADL-1,2026-06-09,556.34,2,21,false,6
HG_020,SGL,HB,ADL-1,2026-06-10,564.06,2,21,false,6
HG_020,SGL,HB,ADL-1,2026-06-11,517.03,2,21,false,6
HG_020,SGL,HB,ADL-1,2026-06-12,554.47,2,21,false,6
HG_020,SGL,HB,ADL-1,2026-06-13,535.26,2,21,false,6
HG_020,SGL,HB,ADL-1,2026-06-14,484.31,2,21,false,6
HG_020,SGL,HB,ADL-1,2026-06-15,529.69,1,21,false,6
HG_020,SGL,HB,ADL-1,2026-06-16,552.34,1,21,false,6
HG_020,SGL,HB,ADL-1,2026-06-17,530.86,1,21,false,6
HG_020,SGL,HB,ADL-1,2026-06-18,526.05,1,21,false,6
HG_020,SGL,HB,ADL-1,2026-06-19,511.84,1,21,false,6
HG_020,SGL,HB,ADL-1,2026-06-20,556.17,1,21,false,6
HG_020,SGL,HB,ADL-1,2026-06-21,477.99,1,21,false,6
HG_020,SGL,HB,ADL-1,2026-06-22,486.02,1,21,false,6
HG_020,SGL,HB,ADL-1,2026-06-23,569.42,1,21,false,6
HG_020,SGL,HB,ADL-1,2026-06-24,565.21,1,21,false,6
HG_020,SGL,HB,ADL-1,2026-06-25,536.01,1,21,false,6
HG_020,SGL,HB,ADL-1,2026-06-26,554.91,1,21,false,6
HG_020,SGL,HB,ADL-1,2026-06-27,529.07,1,21,false,6
HG_020,SGL,HB,ADL-1,2026-06-28,600.26,1,21,false,6
HG_020,SGL,HB,ADL-1,2026-06-29,489.27,1,21,false,6
HG_020,SGL,HB,ADL-2,2026-05-01,506.37,2,21,false,6
HG_020,SGL,HB,ADL-2,2026-05-02,454.79,2,21,false,6
HG_020,SGL,HB,ADL-2,2026-05-03,546.95,2,21,false,6
HG_020,SGL,HB,ADL-2,2026-05-04,499.26,2,21,false,6
HG_020,SGL,HB,ADL-2,2026-05-05,513.32,2,21,false,6
HG_020,SGL,HB,ADL-2,2026-05-06,536.88,2,21,false,6
HG_020,SGL,HB,ADL-2,2026-05-07,445.56,2,21,false,6
HG_020,SGL,HB,ADL-2,2026-05-08,441.73,2,21,false,6
HG_020,SGL,HB,ADL-2,2026-05-09,459.56,2,21,false,6
HG_020,SGL,HB,ADL-2,2026-05-10,500.74,2,21,false,6
HG_020,SGL,HB,ADL-2,2026-05-11,491.56,2,21,false,6
HG_020,SGL,HB,ADL-2,2026-05-12,445.32,2,21,false,6
HG_020,SGL,HB,ADL-2,2026-05-13,546.05,2,21,false,6
HG_020,SGL,HB,ADL-2,2026-05-14,494.92,2,21,false,6
HG_020,SGL,HB,ADL-2,2026-05-15,526.80,2,21,false,6
HG_020,SGL,HB,ADL-2,2026-05-16,502.66,1,21,false,6
HG_020,SGL,HB,ADL-2,2026-05-17,536.44,1,21,false,6
HG_020,SGL,HB,ADL-2,2026-05-18,470.70,1,21,false,6
HG_020,SGL,HB,ADL-2,2026-05-19,480.13,1,21,false,6
HG_020,SGL,HB,ADL-2,2026-05-20,518.97,1,21,false,6
HG_020,SGL,HB,ADL-2,2026-05-21,523.40,1,21,false,6
HG_020,SGL,HB,ADL-2,2026-05-22,470.48,1,21,false,6
HG_020,SGL,HB,ADL-2,2026-05-23,465.31,1,21,false,6
HG_020,SGL,HB,ADL-2,2026-05-24,473.73,1,21,false,6
HG_020,SGL,HB,ADL-2,2026-05-25,451.70,1,21,false,6
HG_020,SGL,HB,ADL-2,2026-05-26,479.61,1,21,false,6
HG_020,SGL,HB,ADL-2,2026-05-27,467.89,1,21,false,6
HG_020,SGL,HB,ADL-2,2026-05-28,529.90,1,21,false,6
HG_020,SGL,HB,ADL-2,2026-05-29,554.75,1,21,false,6
HG_020,SGL,HB,ADL-2,2026-05-30,493.13,1,21,false,6
HG_020,SGL,HB,ADL-2,2026-05-31,526.67,2,21,false,6
HG_020,SGL,HB,ADL-2,2026-06-01,483.07,2,21,false,6
HG_020,SGL,HB,ADL-2,2026-06-02,483.80,2,21,false,6
HG_020,SGL,HB,ADL-2,2026-06-03,482.00,2,21,false,6
HG_020,SGL,HB,ADL-2,2026-06-04,467.12,2,21,false,6
HG_020,SGL,HB,ADL-2,2026-06-05,497.84,2,21,false,6
HG_020,SGL,HB,ADL-2,2026-06-06,500.33,2,21,false,6
HG_020,SGL,HB,ADL-2,2026-06-07,546.92,2,21,false,6
HG_020,SGL,HB,ADL-2,2026-06-08,468.19,2,21,false,6
HG_020,SGL,HB,ADL-2,2026-06-09,503.33,2,21,false,6
HG_020,SGL,HB,ADL-2,2026-06-10,467.75,2,21,false,6
HG_020,SGL,HB,ADL-2,2026-06-11,506.70,2,21,false,6
HG_020,SGL,HB,ADL-2,2026-06-12,467.51,2,21,false,6
HG_020,SGL,HB,ADL-2,2026-06-13,553.26,2,21,false,6
HG_020,SGL,HB,ADL-2,2026-06-14,505.60,2,21,false,6
HG_020,SGL,HB,ADL-2,2026-06-15,526.61,1,21,false,6
HG_020,SGL,HB,ADL-2,2026-06-16,570.52,1,21,false,6
HG_020,SGL,HB,ADL-2,2026-06-17,526.78,1,21,false,6
HG_020,SGL,HB,ADL-2,2026-06-18,513.75,1,21,false,6
HG_020,SGL,HB,ADL-2,2026-06-19,506.59,1,21,false,6
HG_020,SGL,HB,ADL-2,2026-06-20,558.62,1,21,false,6
HG_020,SGL,HB,ADL-2,2026-06-21,485.29,1,21,false,6
HG_020,SGL,HB,ADL-2,2026-06-22,482.55,1,21,false,6
HG_020,SGL,HB,ADL-2,2026-06-23,467.44,1,21,false,6
HG_020,SGL,HB,ADL-2,2026-06-24,466.60,1,21,false,6
HG_020,SGL,HB,ADL-2,2026-06-25,476.40,1,21,false,6
HG_020,SGL,HB,ADL-2,2026-06-26,462.93,1,21,false,6
HG_020,SGL,HB,ADL-2,2026-06-27,535.26,1,21,false,6
HG_020,SGL,HB,ADL-2,2026-06-28,481.83,1,21,false,6
HG_020,SGL,HB,ADL-2,2026-06-29,516.87,1,21,false,6
HG_020,SGL,FB,ADL-1,2026-05-01,555.74,2,21,false,6
HG_020,SGL,FB,ADL-1,2026-05-02,528.78,2,21,false,6
HG_020,SGL,FB,ADL-1,2026-05-03,564.70,2,21,false,6
HG_020,SGL,FB,ADL-1,2026-05-04,496.44,2,21,false,6
HG_020,SGL,FB,ADL-1,2026-05-05,547.90,2,21,false,6
HG_020,SGL,FB,ADL-1,2026-05-06,490.06,2,21,false,6
HG_020,SGL,FB,ADL-1,2026-05-07,469.10,2,21,false,6
HG_020,SGL,FB,ADL-1,2026-05-08,506.65,2,21,false,6
HG_020,SGL,FB,ADL-1,2026-05-09,553.87,2,21,false,6
HG_020,SGL,FB,ADL-1,2026-05-10,581.05,2,21,false,6
HG_020,SGL,FB,ADL-1,2026-05-11,520.97,2,21,false,6
HG_020,SGL,FB,ADL-1,2026-05-12,462.82,2,21,false,6
HG_020,SGL,FB,ADL-1,2026-05-13,539.30,2,21,false,6
HG_020,SGL,FB,ADL-1,2026-05-14,453.28,2,21,false,6
HG_020,SGL,FB,ADL-1,2026-05-15,506.40,2,21,false,6
HG_020,SGL,FB,ADL-1,2026-05-16,477.75,1,21,false,6
HG_020,SGL,FB,ADL-1,2026-05-17,475.60,1,21,false,6
HG_020,SGL,FB,ADL-1,2026-05-18,551.57,1,21,false,6
HG_020,SGL,FB,ADL-1,2026-05-19,570.85,1,21,false,6
HG_020,SGL,FB,ADL-1,2026-05-20,518.36,1,21,false,6
HG_020,SGL,FB,ADL-1,2026-05-21,502.36,1,21,false,6
HG_020,SGL,FB,ADL-1,2026-05-22,512.91,1,21,false,6
HG_020,SGL,FB,ADL-1,2026-05-23,535.04,1,21,false,6
HG_020,SGL,FB,ADL-1,2026-05-24,481.81,1,21,false,6
HG_020,SGL,FB,ADL-1,2026-05-25,505.97,1,21,false,6
HG_020,SGL,FB,ADL-1,2026-05-26,545.17,1,21,false,6
HG_020,SGL,FB,ADL-1,2026-05-27,571.35,1,21,false,6
HG_020,SGL,FB,ADL-1,2026-05-28,475.12,1,21,false,6
HG_020,SGL,FB,ADL-1,2026-05-29,508.61,1,21,false,6
HG_020,SGL,FB,ADL-1,2026-05-30,592.12,1,21,false,6
HG_020,SGL,FB,ADL-1,2026-05-31,582.62,2,21,false,6
HG_020,SGL,FB,ADL-1,2026-06-01,505.01,2,21,false,6
HG_020,SGL,FB,ADL-1,2026-06-02,568.15,2,21,false,6
HG_020,SGL,FB,ADL-1,2026-06-03,548.81,2,21,false,6
HG_020,SGL,FB,ADL-1,2026-06-04,504.47,2,21,false,6
HG_020,SGL,FB,ADL-1,2026-06-05,473.87,2,21,false,6
HG_020,SGL,FB,ADL-1,2026-06-06,601.35,2,21,false,6
HG_020,SGL,FB,ADL-1,2026-06-07,504.14,2,21,false,6
HG_020,SGL,FB,ADL-1,2026-06-08,486.94,2,21,false,6
HG_020,SGL,FB,ADL-1,2026-06-09,527.47,2,21,false,6
HG_020,SGL,FB,ADL-1,2026-06-10,528.96,2,21,false,6
HG_020,SGL,FB,ADL-1,2026-06-11,571.22,2,21,false,6
HG_020,SGL,FB,ADL-1,2026-06-12,574.22,2,21,false,6
HG_020,SGL,FB,ADL-1,2026-06-13,566.28,2,21,false,6
HG_020,SGL,FB,ADL-1,2026-06-14,545.63,2,21,false,6
HG_020,SGL,FB,ADL-1,2026-06-15,503.30,1,21,false,6
HG_020,SGL,FB,ADL-1,2026-06-16,507.60,1,21,false,6
HG_020,SGL,FB,ADL-1,2026-06-17,501.74,1,21,false,6
HG_020,SGL,FB,ADL-1,2026-06-18,571.02,1,21,false,6
HG_020,SGL,FB,ADL-1,2026-06-19,493.41,1,21,false,6
HG_020,SGL,FB,ADL-1,2026-06-20,531.16,1,21,false,6
HG_020,SGL,FB,ADL-1,2026-06-21,492.52,1,21,false,6
HG_020,SGL,FB,ADL-1,2026-06-22,570.51,1,21,false,6
HG_020,SGL,FB,ADL-1,2026-06-23,494.09,1,21,false,6
HG_020,SGL,FB,ADL-1,2026-06-24,552.56,1,21,false,6
HG_020,SGL,FB,ADL-1,2026-06-25,505.27,1,21,false,6
HG_020,SGL,FB,ADL-1,2026-06-26,594.06,1,21,false,6
HG_020,SGL,FB,ADL-1,2026-06-27,602.95,1,21,false,6
HG_020,SGL,FB,ADL-1,2026-06-28,543.79,1,21,false,6
HG_020,SGL,FB,ADL-1,2026-06-29,564.05,1,21,false,6
HG_020,SGL,FB,ADL-2,2026-05-01,506.53,2,21,false,6
HG_020,SGL,FB,ADL-2,2026-05-02,542.90,2,21,false,6
HG_020,SGL,FB,ADL-2,2026-05-03,464.79,2,21,false,6
HG_020,SGL,FB,ADL-2,2026-05-04,460.59,2,21,false,6
HG_020,SGL,FB,ADL-2,2026-05-05,513.96,2,21,false,6
HG_020,SGL,FB,ADL-2,2026-05-06,482.88,2,21,false,6
HG_020,SGL,FB,ADL-2,2026-05-07,550.51,2,21,false,6
HG_020,SGL,FB,ADL-2,2026-05-08,476.30,2,21,false,6
HG_020,SGL,FB,ADL-2,2026-05-09,583.07,2,21,false,6
HG_020,SGL,FB,ADL-2,2026-05-10,527.72,2,21,false,6
HG_020,SGL,FB,ADL-2,2026-05-11,467.69,2,21,false,6
HG_020,SGL,FB,ADL-2,2026-05-12,543.77,2,21,false,6
HG_020,SGL,FB,ADL-2,2026-05-13,497.80,2,21,false,6
HG_020,SGL,FB,ADL-2,2026-05-14,478.21,2,21,false,6
HG_020,SGL,FB,ADL-2,2026-05-15,484.42,2,21,false,6
HG_020,SGL,FB,ADL-2,2026-05-16,487.78,1,21,false,6
HG_020,SGL,FB,ADL-2,2026-05-17,570.17,1,21,false,6
HG_020,SGL,FB,ADL-2,2026-05-18,466.49,1,21,false,6
HG_020,SGL,FB,ADL-2,2026-05-19,517.67,1,21,false,6
HG_020,SGL,FB,ADL-2,2026-05-20,547.05,1,21,false,6
HG_020,SGL,FB,ADL-2,2026-05-21,456.81,1,21,false,6
HG_020,SGL,FB,ADL-2,2026-05-22,486.30,1,21,false,6
HG_020,SGL,FB,ADL-2,2026-05-23,596.35,1,21,false,6
HG_020,SGL,FB,ADL-2,2026-05-24,557.98,1,21,false,6
HG_020,SGL,FB,ADL-2,2026-05-25,541.64,1,21,false,6
HG_020,SGL,FB,ADL-2,2026-05-26,473.08,1,21,false,6
HG_020,SGL,FB,ADL-2,2026-05-27,572.49,1,21,false,6
HG_020,SGL,FB,ADL-2,2026-05-28,467.89,1,21,false,6
HG_020,SGL,FB,ADL-2,2026-05-29,536.80,1,21,false,6
HG_020,SGL,FB,ADL-2,2026-05-30,486.19,1,21,false,6
HG_020,SGL,FB,ADL-2,2026-05-31,554.94,2,21,false,6
HG_020,SGL,FB,ADL-2,2026-06-01,553.02,2,21,false,6
HG_020,SGL,FB,ADL-2,2026-06-02,514.02,2,21,false,6
HG_020,SGL,FB,ADL-2,2026-06-03,469.88,2,21,false,6
HG_020,SGL,FB,ADL-2,2026-06-04,572.78,2,21,false,6
HG_020,SGL,FB,ADL-2,2026-06-05,560.62,2,21,false,6
HG_020,SGL,FB,ADL-2,2026-06-06,485.61,2,21,false,6
HG_020,SGL,FB,ADL-2,2026-06-07,529.72,2,21,false,6
HG_020,SGL,FB,ADL-2,2026-06-08,474.42,2,21,false,6
HG_020,SGL,FB,ADL-2,2026-06-09,491.99,2,21,false,6
HG_020,SGL,FB,ADL-2,2026-06-10,547.88,2,21,false,6
HG_020,SGL,FB,ADL-2,2026-06-11,467.72,2,21,false,6
HG_020,SGL,FB,ADL-2,2026-06-12,478.94,2,21,false,6
HG_020,SGL,FB,ADL-2,2026-06-13,597.87,2,21,false,6
HG_020,SGL,FB,ADL-2,2026-06-14,520.79,2,21,false,6
HG_020,SGL,FB,ADL-2,2026-06-15,482.69,1,21,false,6
HG_020,SGL,FB,ADL-2,2026-06-16,513.52,1,21,false,6
HG_020,SGL,FB,ADL-2,2026-06-17,582.92,1,21,false,6
HG_020,SGL,FB,ADL-2,2026-06-18,561.19,1,21,false,6
HG_020,SGL,FB,ADL-2,2026-06-19,519.62,1,21,false,6
HG_020,SGL,FB,ADL-2,2026-06-20,610.80,1,21,false,6
HG_020,SGL,FB,ADL-2,2026-06-21,541.62,1,21,false,6
HG_020,SGL,FB,ADL-2,2026-06-22,512.70,1,21,false,6
HG_020,SGL,FB,ADL-2,2026-06-23,506.92,1,21,false,6
HG_020,SGL,FB,ADL-2,2026-06-24,585.83,1,21,false,6
HG_020,SGL,FB,ADL-2,2026-06-25,558.71,1,21,false,6
HG_020,SGL,FB,ADL-2,2026-06-26,565.14,1,21,false,6
HG_020,SGL,FB,ADL-2,2026-06-27,509.21,1,21,false,6
HG_020,SGL,FB,ADL-2,2026-06-28,617.22,1,21,false,6
HG_020,SGL,FB,ADL-2,2026-06-29,540.98,1,21,false,6
HG_020,FAM,RO,ADL-1,2026-05-01,449.58,2,21,false,6
HG_020,FAM,RO,ADL-1,2026-05-02,477.92,2,21,false,6
HG_020,FAM,RO,ADL-1,2026-05-03,470.00,2,21,false,6
HG_020,FAM,RO,ADL-1,2026-05-04,507.37,2,21,false,6
HG_020,FAM,RO,ADL-1,2026-05-05,526.15,2,21,false,6
HG_020,FAM,RO,ADL-1,2026-05-06,455.05,2,21,false,6
HG_020,FAM,RO,ADL-1,2026-05-07,471.31,2,21,false,6
HG_020,FAM,RO,ADL-1,2026-05-08,520.82,2,21,false,6
HG_020,FAM,RO,ADL-1,2026-05-09,456.34,2,21,false,6
HG_020,FAM,RO,ADL-1,2026-05-10,466.25,2,21,false,6
HG_020,FAM,RO,ADL-1,2026-05-11,482.69,2,21,false,6
HG_020,FAM,RO,ADL-1,2026-05-12,525.79,2,21,false,6
HG_020,FAM,RO,ADL-1,2026-05-13,447.55,2,21,false,6
HG_020,FAM,RO,ADL-1,2026-05-14,487.64,2,21,false,6
HG_020,FAM,RO,ADL-1,2026-05-15,461.86,2,21,false,6
HG_020,FAM,RO,ADL-1,2026-05-16,469.42,1,21,false,6
HG_020,FAM,RO,ADL-1,2026-05-17,531.49,1,21,false,6
HG_020,FAM,RO,ADL-1,2026-05-18,492.71,1,21,false,6
HG_020,FAM,RO,ADL-1,2026-05-19,510.36,1,21,false,6
HG_020,FAM,RO,ADL-1,2026-05-20,527.41,1,21,false,6
HG_020,FAM,RO,ADL-1,2026-05-21,532.67,1,21,false,6
HG_020,FAM,RO,ADL-1,2026-05-22,490.17,1,21,false,6
HG_020,FAM,RO,ADL-1,2026-05-23,523.34,1,21,false,6
HG_020,FAM,RO,ADL-1,2026-05-24,541.59,1,21,false,6
HG_020,FAM,RO,ADL-1,2026-05-25,556.74,1,21,false,6
HG_020,FAM,RO,ADL-1,2026-05-26,535.87,1,21,false,6
HG_020,FAM,RO,ADL-1,2026-05-27,454.71,1,21,false,6
HG_020,FAM,RO,ADL-1,2026-05-28,500.20,1,21,false,6
HG_020,FAM,RO,ADL-1,2026-05-29,556.76,1,21,false,6
HG_020,FAM,RO,ADL-1,2026-05-30,574.30,1,21,false,6
HG_020,FAM,RO,ADL-1,2026-05-31,530.43,2,21,false,6
HG_020,FAM,RO,ADL-1,2026-06-01,521.46,2,21,false,6
HG_020,FAM,RO,ADL-1,2026-06-02,549.67,2,21,false,6
HG_020,FAM,RO,ADL-1,2026-06-03,564.12,2,21,false,6
HG_020,FAM,RO,ADL-1,2026-06-04,470.40,2,21,false,6
HG_020,FAM,RO,ADL-1,2026-06-05,537.19,2,21,false,6
HG_020,FAM,RO,ADL-1,2026-06-06,590.01,2,21,false,6
HG_020,FAM,RO,ADL-1,2026-06-07,557.13,2,21,false,6
HG_020,FAM,RO,ADL-1,2026-06-08,483.61,2,21,false,6
HG_020,FAM,RO,ADL-1,2026-06-09,555.90,2,21,false,6
HG_020,FAM,RO,ADL-1,2026-06-10,561.60,2,21,false,6
HG_020,FAM,RO,ADL-1,2026-06-11,480.83,2,21,false,6
HG_020,FAM,RO,ADL-1,2026-06-12,470.08,2,21,false,6
HG_020,FAM,RO,ADL-1,2026-06-13,491.85,2,21,false,6
HG_020,FAM,RO,ADL-1,2026-06-14,492.05,2,21,false,6
HG_020,FAM,RO,ADL-1,2026-06-15,489.76,1,21,false,6
HG_020,FAM,RO,ADL-1,2026-06-16,487.58,1,21,false,6
HG_020,FAM,RO,ADL-1,2026-06-17,469.26,1,21,false,6
HG_020,FAM,RO,ADL-1,2026-06-18,500.53,1,21,false,6
HG_020,FAM,RO,ADL-1,2026-06-19,519.67,1,21,false,6
HG_020,FAM,RO,ADL-1,2026-06-20,515.70,1,21,false,6
HG_020,FAM,RO,ADL-1,2026-06-21,541.54,1,21,false,6
HG_020,FAM,RO,ADL-1,2026-06-22,526.24,1,21,false,6
HG_020,FAM,RO,ADL-1,2026-06-23,509.16,1,21,false,6
HG_020,FAM,RO,ADL-1,2026-06-24,549.95,1,21,false,6
HG_020,FAM,RO,ADL-1,2026-06-25,502.00,1,21,false,6
HG_020,FAM,RO,ADL-1,2026-06-26,468.79,1,21,false,6
HG_020,FAM,RO,ADL-1,2026-06-27,599.27,1,21,false,6
HG_020,FAM,RO,ADL-1,2026-06-28,576.43,1,21,false,6
HG_020,FAM,RO,ADL-1,2026-06-29,548.78,1,21,false,6
HG_020,FAM,RO,ADL-2,2026-05-01,451.28,2,21,false,6
HG_020,FAM,RO,ADL-2,2026-05-02,520.48,2,21,false,6
HG_020,FAM,RO,ADL-2,2026-05-03,472.60,2,21,false,6
HG_020,FAM,RO,ADL-2,2026-05-04,522.88,2,21,false,6
HG_020,FAM,RO,ADL-2,2026-05-05,493.13,2,21,false,6
HG_020,FAM,RO,ADL-2,2026-05-06,529.19,2,21,false,6
HG_020,FAM,RO,ADL-2,2026-05-07,454.05,2,21,false,6
HG_020,FAM,RO,ADL-2,2026-05-08,503.67,2,21,false,6
HG_020,FAM,RO,ADL-2,2026-05-09,535.95,2,21,false,6
HG_020,FAM,RO,ADL-2,2026-05-10,542.88,2,21,false,6
HG_020,FAM,RO,ADL-2,2026-05-11,512.72,2,21,false,6
HG_020,FAM,RO,ADL-2,2026-05-12,492.14,2,21,false,6
HG_020,FAM,RO,ADL-2,2026-05-13,458.70,2,21,false,6
HG_020,FAM,RO,ADL-2,2026-05-14,517.66,2,21,false,6
HG_020,FAM,RO,ADL-2,2026-05-15,530.01,2,21,false,6
HG_020,FAM,RO,ADL-2,2026-05-16,510.78,1,21,false,6
HG_020,FAM,RO,ADL-2,2026-05-17,488.31,1,21,false,6
HG_020,FAM,RO,ADL-2,2026-05-18,550.60,1,21,false,6
HG_020,FAM,RO,ADL-2,2026-05-19,506.14,1,21,false,6
HG_020,FAM,RO,ADL-2,2026-05-20,499.53,1,21,false,6
HG_020,FAM,RO,ADL-2,2026-05-21,536.41,1,21,false,6
HG_020,FAM,RO,ADL-2,2026-05-22,507.88,1,21,false,6
HG_020,FAM,RO,ADL-2,2026-05-23,514.10,1,21,false,6
HG_020,FAM,RO,ADL-2,2026-05-24,519.23,1,21,false,6
HG_020,FAM,RO,ADL-2,2026-05-25,499.36,1,21,false,6
HG_020,FAM,RO,ADL-2,2026-05-26,505.51,1,21,false,6
HG_020,FAM,RO,ADL-2,2026-05-27,453.97,1,21,false,6
HG_020,FAM,RO,ADL-2,2026-05-28,508.27,1,21,false,6
HG_020,FAM,RO,ADL-2,2026-05-29,478.06,1,21,false,6
HG_020,FAM,RO,ADL-2,2026-05-30,535.86,1,21,false,6
HG_020,FAM,RO,ADL-2,2026-05-31,469.52,2,21,false,6
HG_020,FAM,RO,ADL-2,2026-06-01,466.69,2,21,false,6
HG_020,FAM,RO,ADL-2,2026-06-02,467.65,2,21,false,6
HG_020,FAM,RO,ADL-2,2026-06-03,523.80,2,21,false,6
HG_020,FAM,RO,ADL-2,2026-06-04,516.73,2,21,false,6
HG_020,FAM,RO,ADL-2,2026-06-05,522.76,2,21,false,6
HG_020,FAM,RO,ADL-2,2026-06-06,530.14,2,21,false,6
HG_020,FAM,RO,ADL-2,2026-06-07,492.30,2,21,false,6
HG_020,FAM,RO,ADL-2,2026-06-08,513.50,2,21,false,6
HG_020,FAM,RO,ADL-2,2026-06-09,493.22,2,21,false,6
HG_020,FAM,RO,ADL-2,2026-06-10,503.93,2,21,false,6
HG_020,FAM,RO,ADL-2,2026-06-11,568.11,2,21,false,6
HG_020,FAM,RO,ADL-2,2026-06-12,516.52,2,21,false,6
HG_020,FAM,RO,ADL-2,2026-06-13,578.09,2,21,false,6
HG_020,FAM,RO,ADL-2,2026-06-14,570.20,2,21,false,6
HG_020,FAM,RO,ADL-2,2026-06-15,460.99,1,21,false,6
HG_020,FAM,RO,ADL-2,2026-06-16,485.99,1,21,false,6
HG_020,FAM,RO,ADL-2,2026-06-17,579.30,1,21,false,6
HG_020,FAM,RO,ADL-2,2026-06-18,462.06,1,21,false,6
HG_020,FAM,RO,ADL-2,2026-06-19,527.08,1,21,false,6
HG_020,FAM,RO,ADL-2,2026-06-20,573.12,1,21,false,6
HG_020,FAM,RO,ADL-2,2026-06-21,598.20,1,21,false,6
HG_020,FAM,RO,ADL-2,2026-06-22,510.13,1,21,false,6
HG_020,FAM,RO,ADL-2,2026-06-23,540.88,1,21,false,6
HG_020,FAM,RO,ADL-2,2026-06-24,507.32,1,21,false,6
HG_020,FAM,RO,ADL-2,2026-06-25,462.06,1,21,false,6
HG_020,FAM,RO,ADL-2,2026-06-26,462.55,1,21,false,6
HG_020,FAM,RO,ADL-2,2026-06-27,489.69,1,21,false,6
HG_020,FAM,RO,ADL-2,2026-06-28,517.07,1,21,false,6
HG_020,FAM,RO,ADL-2,2026-06-29,530.48,1,21,false,6
HG_020,FAM,BB,ADL-1,2026-05-01,555.88,2,21,false,6
HG_020,FAM,BB,ADL-1,2026-05-02,567.34,2,21,false,6
HG_020,FAM,BB,ADL-1,2026-05-03,561.21,2,21,false,6
HG_020,FAM,BB,ADL-1,2026-05-04,520.55,2,21,false,6
HG_020,FAM,BB,ADL-1,2026-05-05,524.41,2,21,false,6
HG_020,FAM,BB,ADL-1,2026-05-06,525.38,2,21,false,6
HG_020,FAM,BB,ADL-1,2026-05-07,521.70,2,21,false,6
HG_020,FAM,BB,ADL-1,2026-05-08,531.75,2,21,false,6
HG_020,FAM,BB,ADL-1,2026-05-09,491.57,2,21,false,6
HG_020,FAM,BB,ADL-1,2026-05-10,465.69,2,21,false,6
HG_020,FAM,BB,ADL-1,2026-05-11,540.93,2,21,false,6
HG_020,FAM,BB,ADL-1,2026-05-12,561.36,2,21,false,6
HG_020,FAM,BB,ADL-1,2026-05-13,483.08,2,21,false,6
HG_020,FAM,BB,ADL-1,2026-05-14,470.78,2,21,false,6
HG_020,FAM,BB,ADL-1,2026-05-15,476.50,2,21,false,6
HG_020,FAM,BB,ADL-1,2026-05-16,544.91,1,21,false,6
HG_020,FAM,BB,ADL-1,2026-05-17,485.74,1,21,false,6
HG_020,FAM,BB,ADL-1,2026-05-18,492.90,1,21,false,6
HG_020,FAM,BB,ADL-1,2026-05-19,534.81,1,21,false,6
HG_020,FAM,BB,ADL-1,2026-05-20,567.88,1,21,false,6
HG_020,FAM,BB,ADL-1,2026-05-21,469.10,1,21,false,6
HG_020,FAM,BB,ADL-1,2026-05-22,460.26,1,21,false,6
HG_020,FAM,BB,ADL-1,2026-05-23,523.50,1,21,false,6
HG_020,FAM,BB,ADL-1,2026-05-24,524.64,1,21,false,6
HG_020,FAM,BB,ADL-1,2026-05-25,553.99,1,21,false,6
HG_020,FAM,BB,ADL-1,2026-05-26,483.99,1,21,false,6
HG_020,FAM,BB,ADL-1,2026-05-27,503.46,1,21,false,6
HG_020,FAM,BB,ADL-1,2026-05-28,485.62,1,21,false,6
HG_020,FAM,BB,ADL-1,2026-05-29,513.77,1,21,false,6
HG_020,FAM,BB,ADL-1,2026-05-30,536.88,1,21,false,6
HG_020,FAM,BB,ADL-1,2026-05-31,539.30,2,21,false,6
HG_020,FAM,BB,ADL-1,2026-06-01,506.66,2,21,false,6
HG_020,FAM,BB,ADL-1,2026-06-02,543.17,2,21,false,6
HG_020,FAM,BB,ADL-1,2026-06-03,502.96,2,21,false,6
HG_020,FAM,BB,ADL-1,2026-06-04,562.19,2,21,false,6
HG_020,FAM,BB,ADL-1,2026-06-05,545.94,2,21,false,6
HG_020,FAM,BB,ADL-1,2026-06-06,533.09,2,21,false,6
HG_020,FAM,BB,ADL-1,2026-06-07,563.28,2,21,false,6
HG_020,FAM,BB,ADL-1,2026-06-08,483.07,2,21,false,6
HG_020,FAM,BB,ADL-1,2026-06-09,490.43,2,21,false,6
HG_020,FAM,BB,ADL-1,2026-06-10,491.77,2,21,false,6
HG_020,FAM,BB,ADL-1,2026-06-11,546.17,2,21,false,6
HG_020,FAM,BB,ADL-1,2026-06-12,525.06,2,21,false,6
HG_020,FAM,BB,ADL-1,2026-06-13,504.85,2,21,false,6
HG_020,FAM,BB,ADL-1,2026-06-14,486.77,2,21,false,6
HG_020,FAM,BB,ADL-1,2026-06-15,481.87,1,21,false,6
HG_020,FAM,BB,ADL-1,2026-06-16,540.44,1,21,false,6
HG_020,FAM,BB,ADL-1,2026-06-17,501.17,1,21,false,6
HG_020,FAM,BB,ADL-1,2026-06-18,561.72,1,21,false,6
HG_020,FAM,BB,ADL-1,2026-06-19,539.51,1,21,false,6
HG_020,FAM,BB,ADL-1,2026-06-20,501.36,1,21,false,6
HG_020,FAM,BB,ADL-1,2026-06-21,527.89,1,21,false,6
HG_020,FAM,BB,ADL-1,2026-06-22,502.47,1,21,false,6
HG_020,FAM,BB,ADL-1,2026-06-23,479.66,1,21,false,6
HG_020,FAM,BB,ADL-1,2026-06-24,511.91,1,21,false,6
HG_020,FAM,BB,ADL-1,2026-06-25,533.04,1,21,false,6
HG_020,FAM,BB,ADL-1,2026-06-26,479.91,1,21,false,6
HG_020,FAM,BB,ADL-1,2026-06-27,565.80,1,21,false,6
HG_020,FAM,BB,ADL-1,2026-06-28,611.46,1,21,false,6
HG_020,FAM,BB,ADL-1,2026-06-29,509.97,1,21,false,6
HG_020,FAM,BB,ADL-2,2026-05-01,521.70,2,21,false,6
HG_020,FAM,BB,ADL-2,2026-05-02,574.48,2,21,false,6
HG_020,FAM,BB,ADL-2,2026-05-03,471.51,2,21,false,6
HG_020,FAM,BB,ADL-2,2026-05-04,469.42,2,21,false,6
HG_020,FAM,BB,ADL-2,2026-05-05,510.05,2,21,false,6
HG_020,FAM,BB,ADL-2,2026-05-06,479.52,2,21,false,6
HG_020,FAM,BB,ADL-2,2026-05-07,451.90,2,21,false,6
HG_020,FAM,BB,ADL-2,2026-05-08,468.69,2,21,false,6
HG_020,FAM,BB,ADL-2,2026-05-09,532.63,2,21,false,6
HG_020,FAM,BB,ADL-2,2026-05-10,480.86,2,21,false,6
HG_020,FAM,BB,ADL-2,2026-05-11,532.04,2,21,false,6
HG_020,FAM,BB,ADL-2,2026-05-12,530.18,2,21,false,6
HG_020,FAM,BB,ADL-2,2026-05-13,541.20,2,21,false,6
HG_020,FAM,BB,ADL-2,2026-05-14,531.50,2,21,false,6
HG_020,FAM,BB,ADL-2,2026-05-15,561.84,2,21,false,6
HG_020,FAM,BB,ADL-2,2026-05-16,569.55,1,21,false,6
HG_020,FAM,BB,ADL-2,2026-05-17,567.57,1,21,false,6
HG_020,FAM,BB,ADL-2,2026-05-18,482.93,1,21,false,6
HG_020,FAM,BB,ADL-2,2026-05-19,571.19,1,21,false,6
HG_020,FAM,BB,ADL-2,2026-05-20,518.96,1,21,false,6
HG_020,FAM,BB,ADL-2,2026-05-21,564.28,1,21,false,6
HG_020,FAM,BB,ADL-2,2026-05-22,462.57,1,21,false,6
HG_020,FAM,BB,ADL-2,2026-05-23,499.14,1,21,false,6
HG_020,FAM,BB,ADL-2,2026-05-24,554.00,1,21,false,6
HG_020,FAM,BB,ADL-2,2026-05-25,471.17,1,21,false,6
HG_020,FAM,BB,ADL-2,2026-05-26,561.87,1,21,false,6
HG_020,FAM,BB,ADL-2,2026-05-27,539.12,1,21,false,6
HG_020,FAM,BB,ADL-2,2026-05-28,493.20,1,21,false,6
HG_020,FAM,BB,ADL-2,2026-05-29,525.69,1,21,false,6
HG_020,FAM,BB,ADL-2,2026-05-30,541.34,1,21,false,6
HG_020,FAM,BB,ADL-2,2026-05-31,506.51,2,21,false,6
HG_020,FAM,BB,ADL-2,2026-06-01,501.98,2,21,false,6
HG_020,FAM,BB,ADL-2,2026-06-02,557.83,2,21,false,6
HG_020,FAM,BB,ADL-2,2026-06-03,576.15,2,21,false,6
HG_020,FAM,BB,ADL-2,2026-06-04,566.62,2,21,false,6
HG_020,FAM,BB,ADL-2,2026-06-05,571.37,2,21,false,6
HG_020,FAM,BB,ADL-2,2026-06-06,520.85,2,21,false,6
HG_020,FAM,BB,ADL-2,2026-06-07,561.60,2,21,false,6
HG_020,FAM,BB,ADL-2,2026-06-08,559.07,2,21,false,6
HG_020,FAM,BB,ADL-2,2026-06-09,527.17,2,21,false,6
HG_020,FAM,BB,ADL-2,2026-06-10,584.32,2,21,false,6
HG_020,FAM,BB,ADL-2,2026-06-11,489.11,2,21,false,6
HG_020,FAM,BB,ADL-2,2026-06-12,530.76,2,21,false,6
HG_020,FAM,BB,ADL-2,2026-06-13,555.00,2,21,false,6
HG_020,FAM,BB,ADL-2,2026-06-14,582.00,2,21,false,6
HG_020,FAM,BB,ADL-2,2026-06-15,540.99,1,21,false,6
HG_020,FAM,BB,ADL-2,2026-06-16,528.86,1,21,false,6
HG_020,FAM,BB,ADL-2,2026-06-17,510.82,1,21,false,6
HG_020,FAM,BB,ADL-2,2026-06-18,529.99,1,21,false,6
HG_020,FAM,BB,ADL-2,2026-06-19,534.53,1,21,false,6
HG_020,FAM,BB,ADL-2,2026-06-20,561.60,1,21,false,6
HG_020,FAM,BB,ADL-2,2026-06-21,538.72,1,21,false,6
HG_020,FAM,BB,ADL-2,2026-06-22,577.97,1,21,false,6
HG_020,FAM,BB,ADL-2,2026-06-23,578.11,1,21,false,6
HG_020,FAM,BB,ADL-2,2026-06-24,493.40,1,21,false,6
HG_020,FAM,BB,ADL-2,2026-06-25,586.36,1,21,false,6
HG_020,FAM,BB,ADL-2,2026-06-26,557.55,1,21,false,6
HG_020,FAM,BB,ADL-2,2026-06-27,584.59,1,21,false,6
HG_020,FAM,BB,ADL-2,2026-06-28,556.24,1,21,false,6
HG_020,FAM,BB,ADL-2,2026-06-29,527.05,1,21,false,6
HG_020,FAM,HB,ADL-1,2026-05-01,570.68,2,21,false,6
HG_020,FAM,HB,ADL-1,2026-05-02,489.21,2,21,false,6
HG_020,FAM,HB,ADL-1,2026-05-03,583.63,2,21,false,6
HG_020,FAM,HB,ADL-1,2026-05-04,529.23,2,21,false,6
HG_020,FAM,HB,ADL-1,2026-05-05,515.13,2,21,false,6
HG_020,FAM,HB,ADL-1,2026-05-06,552.53,2,21,false,6
HG_020,FAM,HB,ADL-1,2026-05-07,567.82,2,21,false,6
HG_020,FAM,HB,ADL-1,2026-05-08,477.67,2,21,false,6
HG_020,FAM,HB,ADL-1,2026-05-09,518.97,2,21,false,6
HG_020,FAM,HB,ADL-1,2026-05-10,499.03,2,21,false,6
HG_020,FAM,HB,ADL-1,2026-05-11,489.56,2,21,false,6
HG_020,FAM,HB,ADL-1,2026-05-12,553.51,2,21,false,6
HG_020,FAM,HB,ADL-1,2026-05-13,519.25,2,21,false,6
HG_020,FAM,HB,ADL-1,2026-05-14,519.93,2,21,false,6
HG_020,FAM,HB,ADL-1,2026-05-15,540.36,2,21,false,6
HG_020,FAM,HB,ADL-1,2026-05-16,595.55,1,21,false,6
HG_020,FAM,HB,ADL-1,2026-05-17,494.07,1,21,false,6
HG_020,FAM,HB,ADL-1,2026-05-18,480.09,1,21,false,6
HG_020,FAM,HB,ADL-1,2026-05-19,527.30,1,21,false,6
HG_020,FAM,HB,ADL-1,2026-05-20,474.40,1,21,false,6
HG_020,FAM,HB,ADL-1,2026-05-21,538.02,1,21,false,6
HG_020,FAM,HB,ADL-1,2026-05-22,568.00,1,21,false,6
HG_020,FAM,HB,ADL-1,2026-05-23,547.05,1,21,false,6
HG_020,FAM,HB,ADL-1,2026-05-24,569.29,1,21,false,6
HG_020,FAM,HB,ADL-1,2026-05-25,532.95,1,21,false,6
HG_020,FAM,HB,ADL-1,2026-05-26,477.98,1,21,false,6
HG_020,FAM,HB,ADL-1,2026-05-27,576.75,1,21,false,6
HG_020,FAM,HB,ADL-1,2026-05-28,520.40,1,21,false,6
HG_020,FAM,HB,ADL-1,2026-05-29,532.01,1,21,false,6
HG_020,FAM,HB,ADL-1,2026-05-30,552.72,1,21,false,6
HG_020,FAM,HB,ADL-1,2026-05-31,496.59,2,21,false,6
HG_020,FAM,HB,ADL-1,2026-06-01,597.24,2,21,false,6
HG_020,FAM,HB,ADL-1,2026-06-02,517.12,2,21,false,6
HG_020,FAM,HB,ADL-1,2026-06-03,577.56,2,21,false,6
HG_020,FAM,HB,ADL-1,2026-06-04,498.38,2,21,false,6
HG_020,FAM,HB,ADL-1,2026-06-05,564.08,2,21,false,6
HG_020,FAM,HB,ADL-1,2026-06-06,606.35,2,21,false,6
HG_020,FAM,HB,ADL-1,2026-06-07,610.60,2,21,false,6
HG_020,FAM,HB,ADL-1,2026-06-08,521.59,2,21,false,6
HG_020,FAM,HB,ADL-1,2026-06-09,563.79,2,21,false,6
HG_020,FAM,HB,ADL-1,2026-06-10,506.98,2,21,false,6
HG_020,FAM,HB,ADL-1,2026-06-11,522.01,2,21,false,6
HG_020,FAM,HB,ADL-1,2026-06-12,534.57,2,21,false,6
HG_020,FAM,HB,ADL-1,2026-06-13,531.37,2,21,false,6
HG_020,FAM,HB,ADL-1,2026-06-14,529.12,2,21,false,6
HG_020,FAM,HB,ADL-1,2026-06-15,580.74,1,21,false,6
HG_020,FAM,HB,ADL-1,2026-06-16,557.18,1,21,false,6
HG_020,FAM,HB,ADL-1,2026-06-17,531.32,1,21,false,6
HG_020,FAM,HB,ADL-1,2026-06-18,572.21,1,21,false,6
HG_020,FAM,HB,ADL-1,2026-06-19,491.44,1,21,false,6
HG_020,FAM,HB,ADL-1,2026-06-20,551.58,1,21,false,6
HG_020,FAM,HB,ADL-1,2026-06-21,592.65,1,21,false,6
HG_020,FAM,HB,ADL-1,2026-06-22,569.25,1,21,false,6
HG_020,FAM,HB,ADL-1,2026-06-23,490.57,1,21,false,6
HG_020,FAM,HB,ADL-1,2026-06-24,495.06,1,21,false,6
HG_020,FAM,HB,ADL-1,2026-06-25,536.20,1,21,false,6
HG_020,FAM,HB,ADL-1,2026-06-26,526.05,1,21,false,6
HG_020,FAM,HB,ADL-1,2026-06-27,556.58,1,21,false,6
HG_020,FAM,HB,ADL-1,2026-06-28,505.22,1,21,false,6
HG_020,FAM,HB,ADL-1,2026-06-29,544.40,1,21,false,6
HG_020,FAM,HB,ADL-2,2026-05-01,579.07,2,21,false,6
HG_020,FAM,HB,ADL-2,2026-05-02,488.37,2,21,false,6
HG_020,FAM,HB,ADL-2,2026-05-03,554.65,2,21,false,6
HG_020,FAM,HB,ADL-2,2026-05-04,488.55,2,21,false,6
HG_020,FAM,HB,ADL-2,2026-05-05,485.70,2,21,false,6
HG_020,FAM,HB,ADL-2,2026-05-06,515.60,2,21,false,6
HG_020,FAM,HB,ADL-2,2026-05-07,513.74,2,21,false,6
HG_020,FAM,HB,ADL-2,2026-05-08,468.89,2,21,false,6
HG_020,FAM,HB,ADL-2,2026-05-09,572.97,2,21,false,6
HG_020,FAM,HB,ADL-2,2026-05-10,494.15,2,21,false,6
HG_020,FAM,HB,ADL-2,2026-05-11,552.38,2,21,false,6
HG_020,FAM,HB,ADL-2,2026-05-12,529.47,2,21,false,6
HG_020,FAM,HB,ADL-2,2026-05-13,572.44,2,21,false,6
HG_020,FAM,HB,ADL-2,2026-05-14,559.73,2,21,false,6
HG_020,FAM,HB,ADL-2,2026-05-15,551.16,2,21,false,6
HG_020,FAM,HB,ADL-2,2026-05-16,595.59,1,21,false,6
HG_020,FAM,HB,ADL-2,2026-05-17,519.33,1,21,false,6
HG_020,FAM,HB,ADL-2,2026-05-18,572.68,1,21,false,6
HG_020,FAM,HB,ADL-2,2026-05-19,532.96,1,21,false,6
HG_020,FAM,HB,ADL-2,2026-05-20,510.87,1,21,false,6
HG_020,FAM,HB,ADL-2,2026-05-21,534.62,1,21,false,6
HG_020,FAM,HB,ADL-2,2026-05-22,479.03,1,21,false,6
HG_020,FAM,HB,ADL-2,2026-05-23,566.00,1,21,false,6
HG_020,FAM,HB,ADL-2,2026-05-24,598.38,1,21,false,6
HG_020,FAM,HB,ADL-2,2026-05-25,521.24,1,21,false,6
HG_020,FAM,HB,ADL-2,2026-05-26,572.22,1,21,false,6
HG_020,FAM,HB,ADL-2,2026-05-27,588.98,1,21,false,6
HG_020,FAM,HB,ADL-2,2026-05-28,569.78,1,21,false,6
HG_020,FAM,HB,ADL-2,2026-05-29,532.80,1,21,false,6
HG_020,FAM,HB,ADL-2,2026-05-30,513.82,1,21,false,6
HG_020,FAM,HB,ADL-2,2026-05-31,541.85,2,21,false,6
HG_020,FAM,HB,ADL-2,2026-06-01,567.16,2,21,false,6
HG_020,FAM,HB,ADL-2,2026-06-02,496.64,2,21,false,6
HG_020,FAM,HB,ADL-2,2026-06-03,589.85,2,21,false,6
HG_020,FAM,HB,ADL-2,2026-06-04,595.29,2,21,false,6
HG_020,FAM,HB,ADL-2,2026-06-05,533.89,2,21,false,6
HG_020,FAM,HB,ADL-2,2026-06-06,547.22,2,21,false,6
HG_020,FAM,HB,ADL-2,2026-06-07,538.56,2,21,false,6
HG_020,FAM,HB,ADL-2,2026-06-08,495.77,2,21,false,6
HG_020,FAM,HB,ADL-2,2026-06-09,516.74,2,21,false,6
HG_020,FAM,HB,ADL-2,2026-06-10,505.53,2,21,false,6
HG_020,FAM,HB,ADL-2,2026-06-11,592.06,2,21,false,6
HG_020,FAM,HB,ADL-2,2026-06-12,598.46,2,21,false,6
HG_020,FAM,HB,ADL-2,2026-06-13,551.76,2,21,false,6
HG_020,FAM,HB,ADL-2,2026-06-14,607.35,2,21,false,6
HG_020,FAM,HB,ADL-2,2026-06-15,561.63,1,21,false,6
HG_020,FAM,HB,ADL-2,2026-06-16,572.89,1,21,false,6
HG_020,FAM,HB,ADL-2,2026-06-17,497.93,1,21,false,6
HG_020,FAM,HB,ADL-2,2026-06-18,547.86,1,21,false,6
HG_020,FAM,HB,ADL-2,2026-06-19,495.57,1,21,false,6
HG_020,FAM,HB,ADL-2,2026-06-20,608.83,1,21,false,6
HG_020,FAM,HB,ADL-2,2026-06-21,635.18,1,21,false,6
HG_020,FAM,HB,ADL-2,2026-06-22,603.91,1,21,false,6
HG_020,FAM,HB,ADL-2,2026-06-23,595.31,1,21,false,6
HG_020,FAM,HB,ADL-2,2026-06-24,492.88,1,21,false,6
HG_020,FAM,HB,ADL-2,2026-06-25,559.12,1,21,false,6
HG_020,FAM,HB,ADL-2,2026-06-26,559.84,1,21,false,6
HG_020,FAM,HB,ADL-2,2026-06-27,519.86,1,21,false,6
HG_020,FAM,HB,ADL-2,2026-06-28,606.74,1,21,false,6
HG_020,FAM,HB,ADL-2,2026-06-29,499.52,1,21,false,6
HG_020,FAM,FB,ADL-1,2026-05-01,595.33,2,21,false,6
HG_020,FAM,FB,ADL-1,2026-05-02,588.66,2,21,false,6
HG_020,FAM,FB,ADL-1,2026-05-03,547.53,2,21,false,6
HG_020,FAM,FB,ADL-1,2026-05-04,525.97,2,21,false,6
HG_020,FAM,FB,ADL-1,2026-05-05,558.96,2,21,false,6
HG_020,FAM,FB,ADL-1,2026-05-06,489.96,2,21,false,6
HG_020,FAM,FB,ADL-1,2026-05-07,585.11,2,21,false,6
HG_020,FAM,FB,ADL-1,2026-05-08,561.93,2,21,false,6
HG_020,FAM,FB,ADL-1,2026-05-09,576.31,2,21,false,6
HG_020,FAM,FB,ADL-1,2026-05-10,535.12,2,21,false,6
HG_020,FAM,FB,ADL-1,2026-05-11,493.81,2,21,false,6
HG_020,FAM,FB,ADL-1,2026-05-12,488.63,2,21,false,6
HG_020,FAM,FB,ADL-1,2026-05-13,538.83,2,21,false,6
HG_020,FAM,FB,ADL-1,2026-05-14,489.38,2,21,false,6
HG_020,FAM,FB,ADL-1,2026-05-15,520.37,2,21,false,6
HG_020,FAM,FB,ADL-1,2026-05-16,586.50,1,21,false,6
HG_020,FAM,FB,ADL-1,2026-05-17,537.25,1,21,false,6
HG_020,FAM,FB,ADL-1,2026-05-18,552.02,1,21,false,6
HG_020,FAM,FB,ADL-1,2026-05-19,597.07,1,21,false,6
HG_020,FAM,FB,ADL-1,2026-05-20,526.61,1,21,false,6
HG_020,FAM,FB,ADL-1,2026-05-21,579.06,1,21,false,6
HG_020,FAM,FB,ADL-1,2026-05-22,569.67,1,21,false,6
HG_020,FAM,FB,ADL-1,2026-05-23,519.52,1,21,false,6
HG_020,FAM,FB,ADL-1,2026-05-24,616.36,1,21,false,6
HG_020,FAM,FB,ADL-1,2026-05-25,502.08,1,21,false,6
HG_020,FAM,FB,ADL-1,2026-05-26,596.06,1,21,false,6
HG_020,FAM,FB,ADL-1,2026-05-27,500.04,1,21,false,6
HG_020,FAM,FB,ADL-1,2026-05-28,598.99,1,21,false,6
HG_020,FAM,FB,ADL-1,2026-05-29,522.38,1,21,false,6
HG_020,FAM,FB,ADL-1,2026-05-30,506.03,1,21,false,6
HG_020,FAM,FB,ADL-1,2026-05-31,527.36,2,21,false,6
HG_020,FAM,FB,ADL-1,2026-06-01,579.32,2,21,false,6
HG_020,FAM,FB,ADL-1,2026-06-02,500.75,2,21,false,6
HG_020,FAM,FB,ADL-1,2026-06-03,521.27,2,21,false,6
HG_020,FAM,FB,ADL-1,2026-06-04,594.64,2,21,false,6
HG_020,FAM,FB,ADL-1,2026-06-05,565.02,2,21,false,6
HG_020,FAM,FB,ADL-1,2026-06-06,606.73,2,21,false,6
HG_020,FAM,FB,ADL-1,2026-06-07,595.05,2,21,false,6
HG_020,FAM,FB,ADL-1,2026-06-08,504.36,2,21,false,6
HG_020,FAM,FB,ADL-1,2026-06-09,545.38,2,21,false,6
HG_020,FAM,FB,ADL-1,2026-06-10,586.34,2,21,false,6
HG_020,FAM,FB,ADL-1,2026-06-11,538.18,2,21,false,6
HG_020,FAM,FB,ADL-1,2026-06-12,596.40,2,21,false,6
HG_020,FAM,FB,ADL-1,2026-06-13,612.50,2,21,false,6
HG_020,FAM,FB,ADL-1,2026-06-14,546.49,2,21,false,6
HG_020,FAM,FB,ADL-1,2026-06-15,618.14,1,21,false,6
HG_020,FAM,FB,ADL-1,2026-06-16,621.92,1,21,false,6
HG_020,FAM,FB,ADL-1,2026-06-17,504.16,1,21,false,6
HG_020,FAM,FB,ADL-1,2026-06-18,589.21,1,21,false,6
HG_020,FAM,FB,ADL-1,2026-06-19,560.85,1,21,false,6
HG_020,FAM,FB,ADL-1,2026-06-20,610.63,1,21,false,6
HG_020,FAM,FB,ADL-1,2026-06-21,567.58,1,21,false,6
HG_020,FAM,FB,ADL-1,2026-06-22,516.70,1,21,false,6
HG_020,FAM,FB,ADL-1,2026-06-23,606.61,1,21,false,6
HG_020,FAM,FB,ADL-1,2026-06-24,550.95,1,21,false,6
HG_020,FAM,FB,ADL-1,2026-06-25,530.08,1,21,false,6
HG_020,FAM,FB,ADL-1,2026-06-26,566.44,1,21,false,6
HG_020,FAM,FB,ADL-1,2026-06-27,631.89,1,21,false,6
HG_020,FAM,FB,ADL-1,2026-06-28,646.98,1,21,false,6
HG_020,FAM,FB,ADL-1,2026-06-29,615.93,1,21,false,6
HG_020,FAM,FB,ADL-2,2026-05-01,584.90,2,21,false,6
HG_020,FAM,FB,ADL-2,2026-05-02,551.96,2,21,false,6
HG_020,FAM,FB,ADL-2,2026-05-03,510.34,2,21,false,6
HG_020,FAM,FB,ADL-2,2026-05-04,482.13,2,21,false,6
HG_020,FAM,FB,ADL-2,2026-05-05,556.64,2,21,false,6
HG_020,FAM,FB,ADL-2,2026-05-06,589.02,2,21,false,6
HG_020,FAM,FB,ADL-2,2026-05-07,475.55,2,21,false,6
HG_020,FAM,FB,ADL-2,2026-05-08,582.65,2,21,false,6
HG_020,FAM,FB,ADL-2,2026-05-09,538.21,2,21,false,6
HG_020,FAM,FB,ADL-2,2026-05-10,517.80,2,21,false,6
HG_020,FAM,FB,ADL-2,2026-05-11,537.73,2,21,false,6
HG_020,FAM,FB,ADL-2,2026-05-12,575.81,2,21,false,6
HG_020,FAM,FB,ADL-2,2026-05-13,586.83,2,21,false,6
HG_020,FAM,FB,ADL-2,2026-05-14,580.61,2,21,false,6
HG_020,FAM,FB,ADL-2,2026-05-15,475.07,2,21,false,6
HG_020,FAM,FB,ADL-2,2026-05-16,540.58,1,21,false,6
HG_020,FAM,FB,ADL-2,2026-05-17,509.11,1,21,false,6
HG_020,FAM,FB,ADL-2,2026-05-18,554.24,1,21,false,6
HG_020,FAM,FB,ADL-2,2026-05-19,586.96,1,21,false,6
HG_020,FAM,FB,ADL-2,2026-05-20,568.87,1,21,false,6
HG_020,FAM,FB,ADL-2,2026-05-21,572.45,1,21,false,6
HG_020,FAM,FB,ADL-2,2026-05-22,522.20,1,21,false,6
HG_020,FAM,FB,ADL-2,2026-05-23,594.19,1,21,false,6
HG_020,FAM,FB,ADL-2,2026-05-24,624.05,1,21,false,6
HG_020,FAM,FB,ADL-2,2026-05-25,574.49,1,21,false,6
HG_020,FAM,FB,ADL-2,2026-05-26,508.01,1,21,false,6
HG_020,FAM,FB,ADL-2,2026-05-27,488.99,1,21,false,6
HG_020,FAM,FB,ADL-2,2026-05-28,507.65,1,21,false,6
HG_020,FAM,FB,ADL-2,2026-05-29,581.44,1,21,false,6
HG_020,FAM,FB,ADL-2,2026-05-30,572.28,1,21,false,6
HG_020,FAM,FB,ADL-2,2026-05-31,585.14,2,21,false,6
HG_020,FAM,FB,ADL-2,2026-06-01,616.82,2,21,false,6
HG_020,FAM,FB,ADL-2,2026-06-02,598.14,2,21,false,6
HG_020,FAM,FB,ADL-2,2026-06-03,543.06,2,21,false,6
HG_020,FAM,FB,ADL-2,2026-06-04,576.61,2,21,false,6
HG_020,FAM,FB,ADL-2,2026-06-05,520.42,2,21,false,6
HG_020,FAM,FB,ADL-2,2026-06-06,571.03,2,21,false,6
HG_020,FAM,FB,ADL-2,2026-06-07,626.03,2,21,false,6
HG_020,FAM,FB,ADL-2,2026-06-08,542.99,2,21,false,6
HG_020,FAM,FB,ADL-2,2026-06-09,518.96,2,21,false,6
HG_020,FAM,FB,ADL-2,2026-06-10,573.41,2,21,false,6
HG_020,FAM,FB,ADL-2,2026-06-11,590.65,2,21,false,6
HG_020,FAM,FB,ADL-2,2026-06-12,537.15,2,21,false,6
HG_020,FAM,FB,ADL-2,2026-06-13,548.27,2,21,false,6
HG_020,FAM,FB,ADL-2,2026-06-14,615.27,2,21,false,6
HG_020,FAM,FB,ADL-2,2026-06-15,600.98,1,21,false,6
HG_020,FAM,FB,ADL-2,2026-06-16,514.64,1,21,false,6
HG_020,FAM,FB,ADL-2,2026-06-17,585.63,1,21,false,6
HG_020,FAM,FB,ADL-2,2026-06-18,513.09,1,21,false,6
HG_020,FAM,FB,ADL-2,2026-06-19,524.76,1,21,false,6
HG_020,FAM,FB,ADL-2,2026-06-20,616.47,1,21,false,6
HG_020,FAM,FB,ADL-2,2026-06-21,638.18,1,21,false,6
HG_020,FAM,FB,ADL-2,2026-06-22,567.86,1,21,false,6
HG_020,FAM,FB,ADL-2,2026-06-23,589.41,1,21,false,6
HG_020,FAM,FB,ADL-2,2026-06-24,591.65,1,21,false,6
HG_020,FAM,FB,ADL-2,2026-06-25,502.33,1,21,false,6
HG_020,FAM,FB,ADL-2,2026-06-26,563.68,1,21,false,6
HG_020,FAM,FB,ADL-2,2026-06-27,592.68,1,21,false,6
HG_020,FAM,FB,ADL-2,2026-06-28,568.53,1,21,false,6
HG_020,FAM,FB,ADL-2,2026-06-29,510.59,1,21,false,6
